object,object_idx,schedule,full_psnr,full_ssim,full_lpips,fg_psnr,fg_ssim,fg_lpips,bg_psnr,edge_psnr,edge_ssim,nef_ssim,bgwhite_psnr,bgwhite_ssim,bgwhite_lpips,crop_psnr,crop_ssim,crop_lpips,crop_area,fg_mask_corr,edge_fscore,fg_rgb_std,fg_grad_mag,fg_lap_var,fg_color_entropy,fg_hf_energy,fg_brightness_std,gt_fg_rgb_std,gt_fg_grad_mag,gt_fg_lap_var,gt_fg_hf_energy
obj_0024,0,layer_LHL,25.825340747833252,0.9023916721343994,0.17739510536193848,20.298523902893066,0.6940057873725891,0.09101048111915588,28.747453689575195,18.56016516685486,0.6150403618812561,0.7237760424613953,28.255844116210938,0.9560083746910095,0.11083008348941803,25.785667896270752,0.9018706679344177,0.18092980980873108,0.9895833333333334,0.228515625,0.19017337262630463,0.0137481689453125,0.141845703125,0.0018587112426757812,4.288536707560222,0.2604636549949646,0.0877685546875,0.0015754402847960591,0.11607438325881958,0.002921456703916192,0.25589877367019653
obj_0025,1,layer_LHL,24.828267097473145,0.8991166353225708,0.15015777945518494,17.59416699409485,0.5986450910568237,0.08461811393499374,28.413689136505127,17.90343165397644,0.5932316780090332,0.629742443561554,26.95540428161621,0.9567148685455322,0.09827033430337906,24.70510482788086,0.8972854614257812,0.15607428550720215,0.9674479166666666,0.25634765625,0.17194822430610657,0.0083160400390625,0.2034912109375,0.003021240234375,4.8037435213724775,0.2666093409061432,0.11993408203125,0.0016526883700862527,0.14729180932044983,0.0041066184639930725,0.2620851993560791
obj_0026,2,layer_LHL,26.198835372924805,0.9122200012207031,0.18405364453792572,21.880362033843994,0.806429922580719,0.09964442253112793,29.738705158233643,19.149011373519897,0.6569554209709167,0.8284556269645691,27.960569858551025,0.9564838409423828,0.12502330541610718,26.168851852416992,0.9119430184364319,0.18870767951011658,0.9921875,0.189453125,0.18605569005012512,0.007389068603515625,0.06439208984375,0.0014009475708007812,2.5250887870788574,0.25699031352996826,0.049407958984375,0.00174899201374501,0.06056072935461998,0.0013049868866801262,0.24992422759532928
obj_0027,3,layer_LHL,16.991668939590454,0.82136470079422,0.21161411702632904,9.292224049568176,0.2599082887172699,0.16972459852695465,25.299596786499023,10.973405838012695,0.3531365990638733,0.27579328417778015,17.575150728225708,0.8906243443489075,0.1440090835094452,16.93625807762146,0.819730281829834,0.21564026176929474,0.9869791666666666,0.29345703125,0.21548578143119812,0.053680419921875,0.2115478515625,0.00412750244140625,4.434828917185466,0.27712926268577576,0.1082763671875,0.04400356858968735,0.5555474758148193,0.030551383271813393,0.3318761885166168
obj_0028,4,layer_LHL,23.661551475524902,0.9135189056396484,0.15043720602989197,16.68463706970215,0.6950928568840027,0.07792191207408905,27.475247383117676,17.1128511428833,0.6348487138748169,0.7221271991729736,25.616130828857422,0.9641613364219666,0.0940113514661789,23.042786121368408,0.9066339135169983,0.17002417147159576,0.84765625,0.24853515625,0.1546362042427063,0.0178985595703125,0.13720703125,0.0017261505126953125,4.509438673655192,0.2501715421676636,0.0986328125,0.0017482951516285539,0.09203127771615982,0.0022653404157608747,0.24389447271823883
obj_0029,5,layer_LHL,26.476714611053467,0.9066624045372009,0.15473006665706635,20.84003210067749,0.7048648595809937,0.08096970617771149,29.373064041137695,18.70167851448059,0.6089024543762207,0.7366064190864563,28.948092460632324,0.9584059119224548,0.09763160347938538,26.43700361251831,0.9063686728477478,0.15793710947036743,0.9895833333333334,0.2373046875,0.21538783609867096,0.01064300537109375,0.135986328125,0.0015354156494140625,3.943147341410319,0.263567179441452,0.0828857421875,0.0016958093037828803,0.11238875240087509,0.0027358245570212603,0.25664496421813965
obj_0030,6,layer_LHL,24.758424758911133,0.9023556113243103,0.1476595103740692,17.50000238418579,0.6148238778114319,0.09004154801368713,28.330540657043457,17.62029767036438,0.5911781191825867,0.6478217840194702,26.89694881439209,0.9579910635948181,0.09717658162117004,24.623494148254395,0.9005163311958313,0.1530546396970749,0.96484375,0.2705078125,0.2134019136428833,0.0139617919921875,0.1998291015625,0.0030612945556640625,4.620834032694499,0.26862215995788574,0.11737060546875,0.001658280030824244,0.14085324108600616,0.0032602271530777216,0.26126906275749207
obj_0031,7,layer_LHL,25.612425804138184,0.9219800233840942,0.10619213432073593,14.362112283706665,0.4648560881614685,0.07199056446552277,28.478779792785645,17.794350385665894,0.6514304280281067,0.4847239553928375,28.59994411468506,0.9800698161125183,0.06830379366874695,25.13822078704834,0.9180289506912231,0.12220315635204315,0.8515625,0.29931640625,0.1911068558692932,0.036834716796875,0.374755859375,0.0103302001953125,5.2917327880859375,0.27234265208244324,0.1663818359375,0.001699770917184651,0.17218564450740814,0.003322185017168522,0.2619533836841583
obj_0032,8,layer_LHL,26.0735821723938,0.9102738499641418,0.1447991281747818,20.30233144760132,0.7071900367736816,0.0924050509929657,28.99589776992798,18.385961055755615,0.6130539774894714,0.7393313646316528,28.543365001678467,0.9600944519042969,0.09183487296104431,25.988831520080566,0.9092564582824707,0.15082621574401855,0.9765625,0.24267578125,0.21316362917423248,0.0101470947265625,0.139404296875,0.002719879150390625,3.995619297027588,0.2656058967113495,0.0889892578125,0.0016393228434026241,0.11469222605228424,0.0027182060293853283,0.25772228837013245
obj_0033,9,layer_LHL,20.410256385803223,0.8682031631469727,0.2473403364419937,14.004912376403809,0.49229443073272705,0.1512020379304886,23.347203731536865,12.869306802749634,0.3899146020412445,0.5645627975463867,22.957966327667236,0.9451063871383667,0.1450078785419464,20.410256385803223,0.8682031631469727,0.2473403364419937,1.0,0.2412109375,0.2882643938064575,0.0301055908203125,0.1602783203125,0.003215789794921875,3.8896237214406333,0.317200630903244,0.07659912109375,0.004715133458375931,0.3733289837837219,0.027663253247737885,0.34184062480926514
obj_0034,10,layer_LHL,25.113000869750977,0.8982120156288147,0.1596958190202713,19.21601176261902,0.6594407558441162,0.09363827854394913,28.34491729736328,18.590223789215088,0.6127111911773682,0.6878483295440674,27.346348762512207,0.9517980217933655,0.10740189254283905,25.093228816986084,0.8979246020317078,0.1633417159318924,0.9947916666666666,0.24365234375,0.19221538305282593,0.0026111602783203125,0.1624755859375,0.0027141571044921875,4.380649248758952,0.2627684772014618,0.09820556640625,0.0017677246360108256,0.13050790131092072,0.0032847393304109573,0.25780555605888367
obj_0035,11,layer_LHL,26.697256565093994,0.9188382029533386,0.14617177844047546,21.378941535949707,0.7699602842330933,0.08946133404970169,30.149500370025635,19.25562620162964,0.6613411903381348,0.7932140231132507,28.688042163848877,0.9602264761924744,0.10120806097984314,26.56064510345459,0.917681872844696,0.15344181656837463,0.9635416666666666,0.21728515625,0.16774465143680573,0.020294189453125,0.1048583984375,0.00260162353515625,3.514134407043457,0.2585718631744385,0.079833984375,0.0017452128231525421,0.06373567134141922,0.001193782314658165,0.2491743564605713
obj_0036,12,layer_LHL,25.809991359710693,0.9148772358894348,0.16357183456420898,21.71248197555542,0.8255405426025391,0.07380785793066025,29.584929943084717,19.707584381103516,0.6721668839454651,0.8455390930175781,27.396485805511475,0.9581760764122009,0.10168640315532684,25.79608678817749,0.9147503972053528,0.16741244494915009,0.99609375,0.17138671875,0.15397657454013824,0.00847625732421875,0.053436279296875,0.0008029937744140625,2.2398784160614014,0.2548099160194397,0.043304443359375,0.0012855773093178868,0.04661750793457031,0.0008510876214131713,0.24970488250255585
obj_0037,13,layer_LHL,26.387951374053955,0.9190570116043091,0.1557498425245285,21.2211012840271,0.8014878034591675,0.07261805236339569,30.476326942443848,19.80255961418152,0.6623488664627075,0.8252943158149719,27.986481189727783,0.9624646306037903,0.10391122102737427,26.31769895553589,0.9187394976615906,0.1589270830154419,0.9817708333333334,0.1787109375,0.1559787094593048,0.0117034912109375,0.0634765625,0.0012044906616210938,2.48195481300354,0.2531915009021759,0.054840087890625,0.001510823261924088,0.06411946564912796,0.0011891770409420133,0.24807123839855194
obj_0038,14,layer_LHL,25.88029384613037,0.9161375164985657,0.1578761637210846,20.99918842315674,0.8149706721305847,0.08238480240106583,30.74049472808838,18.59955072402954,0.6514043211936951,0.8377392888069153,27.110092639923096,0.9578611850738525,0.1162748709321022,25.88029384613037,0.9161375164985657,0.1578761637210846,1.0,0.17529296875,0.15350112318992615,0.005161285400390625,0.06280517578125,0.0013723373413085938,2.407806873321533,0.2551581561565399,0.0567626953125,0.0017384013626724482,0.05119014531373978,0.0009822031715884805,0.24995923042297363
obj_0039,15,layer_LHL,27.080917358398438,0.9191925525665283,0.12870103120803833,22.135980129241943,0.8126367926597595,0.07387250661849976,31.224079132080078,19.375113248825073,0.6468180418014526,0.8358721137046814,28.62175226211548,0.9608809351921082,0.0889081060886383,27.010748386383057,0.9191271066665649,0.13124845921993256,0.9817708333333334,0.1884765625,0.15935826301574707,0.016357421875,0.06036376953125,0.0013065338134765625,2.2980353037516275,0.2569449841976166,0.0498046875,0.0016342614544555545,0.04926087334752083,0.0009574342402629554,0.24938569962978363
obj_0040,16,layer_LHL,26.8296480178833,0.9119824171066284,0.16237059235572815,22.53420114517212,0.8276970386505127,0.08394231647253036,30.895073413848877,19.5498788356781,0.6752663254737854,0.8485112190246582,28.30704927444458,0.9591518044471741,0.10680438578128815,26.8296480178833,0.9119824171066284,0.16237059235572815,1.0,0.18603515625,0.17988215386867523,0.00739288330078125,0.051300048828125,0.0011091232299804688,2.508358875910441,0.2553495764732361,0.03948974609375,0.0016892837593331933,0.05076004937291145,0.0010393911506980658,0.24966438114643097
obj_0041,17,layer_LHL,27.090821266174316,0.9189079403877258,0.16258826851844788,22.300434112548828,0.786694347858429,0.07596725225448608,29.366447925567627,19.29956316947937,0.6523851156234741,0.8153255581855774,30.035672187805176,0.9691329598426819,0.09296660870313644,26.92678689956665,0.9179555773735046,0.16918610036373138,0.95703125,0.22509765625,0.18332457542419434,0.02923583984375,0.080322265625,0.0014982223510742188,3.084904114405314,0.26004040241241455,0.05926513671875,0.0015064734034240246,0.06947643309831619,0.0013318024575710297,0.2529527246952057
obj_0042,18,layer_LHL,25.514461994171143,0.9093336462974548,0.14077267050743103,18.96947979927063,0.6548933386802673,0.07742953300476074,28.22291612625122,17.978633642196655,0.5952197313308716,0.6933591365814209,28.30012798309326,0.9636303782463074,0.08713307231664658,25.38486957550049,0.9076933860778809,0.1462874561548233,0.96484375,0.25244140625,0.17210564017295837,0.01251220703125,0.1573486328125,0.0021877288818359375,4.2619500160217285,0.2622379958629608,0.1009521484375,0.0016531238798052073,0.14005401730537415,0.0038918391801416874,0.25963667035102844
obj_0043,19,layer_LHL,26.67156219482422,0.9202063083648682,0.1597403883934021,21.679081916809082,0.7868345975875854,0.07067316770553589,29.2618727684021,19.170278310775757,0.6603977680206299,0.8118418455123901,29.314186573028564,0.9672678709030151,0.09066854417324066,26.55308246612549,0.9197291135787964,0.1675199717283249,0.9700520833333334,0.20849609375,0.18089883029460907,0.0230865478515625,0.08795166015625,0.00177764892578125,3.398000637690226,0.25640395283699036,0.07269287109375,0.0018097510328516364,0.06896987557411194,0.0012986555229872465,0.24898900091648102
obj_0044,20,layer_LHL,26.871683597564697,0.9237959384918213,0.1305033415555954,18.346446752548218,0.7010852098464966,0.05446832627058029,30.56431293487549,19.392082691192627,0.6705105900764465,0.7345438599586487,29.023683071136475,0.9745343327522278,0.08428934216499329,26.51031494140625,0.9209708571434021,0.14371845126152039,0.8958333333333334,0.23486328125,0.13504041731357574,0.0308380126953125,0.161865234375,0.001293182373046875,4.66925032933553,0.25700435042381287,0.10968017578125,0.0017071758629754186,0.09422709792852402,0.0018649769481271505,0.25217053294181824
obj_0045,21,layer_LHL,26.498143672943115,0.9172857999801636,0.19046202301979065,23.371574878692627,0.8471899628639221,0.06376498937606812,28.923423290252686,20.335896015167236,0.6785199642181396,0.8657023310661316,28.767127990722656,0.9623436331748962,0.0999639704823494,26.498143672943115,0.9172857999801636,0.19046202301979065,1.0,0.1796875,0.08820152282714844,0.00907135009765625,0.045196533203125,0.0007677078247070312,2.6563424269358316,0.2538164556026459,0.039886474609375,0.0018088154029101133,0.04084412008523941,0.000886729802004993,0.24815717339515686
obj_0046,22,layer_LHL,24.823296070098877,0.900738000869751,0.1487666368484497,17.725056409835815,0.613308310508728,0.09074288606643677,28.628804683685303,17.715563774108887,0.6030413508415222,0.6433620452880859,26.793851852416992,0.9541175961494446,0.1027461588382721,24.690241813659668,0.8989641666412354,0.15472882986068726,0.9661458333333334,0.25927734375,0.19321304559707642,0.0172576904296875,0.199951171875,0.00318145751953125,4.716807206471761,0.26525014638900757,0.1177978515625,0.001674356171861291,0.1328643411397934,0.0029439986683428288,0.25787824392318726
obj_0047,23,layer_LHL,20.932631492614746,0.9090176820755005,0.12282104790210724,11.234010457992554,0.48875653743743896,0.10309528559446335,26.53266668319702,12.712085247039795,0.5467717051506042,0.5128609538078308,22.20163106918335,0.959845244884491,0.06898129731416702,20.615041255950928,0.9055431485176086,0.13079535961151123,0.9231770833333334,0.32568359375,0.28016021847724915,0.06768798828125,0.2027587890625,0.00423431396484375,4.444324175516765,0.26399970054626465,0.10992431640625,0.07231704890727997,0.31035107374191284,0.015109765343368053,0.32113581895828247
obj_0048,24,layer_LHL,23.417673110961914,0.9118255972862244,0.163743257522583,16.195038557052612,0.6776422262191772,0.1325538456439972,28.125932216644287,15.337845087051392,0.551803469657898,0.7143818736076355,24.922666549682617,0.9593310952186584,0.12396538257598877,22.81785249710083,0.9042533040046692,0.18720105290412903,0.845703125,0.28369140625,0.2363419085741043,0.03729248046875,0.1590576171875,0.003589630126953125,3.4536067644755044,0.2324461042881012,0.1025390625,0.00425975676625967,0.13810065388679504,0.0046258349902927876,0.21589992940425873
obj_0049,25,layer_LHL,24.938271045684814,0.8979671597480774,0.14042949676513672,18.28052043914795,0.6254245638847351,0.08447328209877014,27.796590328216553,17.91653871536255,0.5906412601470947,0.6605240106582642,27.591235637664795,0.9600198864936829,0.0911533385515213,24.819316864013672,0.8961682319641113,0.1455865353345871,0.9674479166666666,0.255859375,0.1809859275817871,0.005214691162109375,0.182373046875,0.00302886962890625,4.4440263112386065,0.26701632142066956,0.10833740234375,0.0016406411305069923,0.14275778830051422,0.0035645233001559973,0.2612035572528839
obj_0050,26,layer_LHL,26.307082176208496,0.9084845781326294,0.1444861888885498,19.85274076461792,0.6712718605995178,0.06560878455638885,28.825621604919434,19.041271209716797,0.6178762316703796,0.7091790437698364,29.28375244140625,0.9667515158653259,0.08338724821805954,26.229639053344727,0.9075734615325928,0.145969420671463,0.9778645833333334,0.2333984375,0.17851662635803223,0.01043701171875,0.157470703125,0.001293182373046875,4.369424819946289,0.26027655601501465,0.0950927734375,0.0015414139488711953,0.12538424134254456,0.0029416487086564302,0.2557294964790344
obj_0051,27,layer_LHL,27.175111770629883,0.9212120175361633,0.1342405378818512,22.633557319641113,0.804614782333374,0.05930112302303314,29.69731569290161,19.832011461257935,0.6682275533676147,0.8298159241676331,29.784610271453857,0.9669471383094788,0.08026105165481567,27.0879864692688,0.9207190871238708,0.14012989401817322,0.9765625,0.1875,0.20759092271327972,0.01224517822265625,0.065185546875,0.0011739730834960938,2.5360844930013022,0.25152409076690674,0.04736328125,0.0016134425532072783,0.06173891946673393,0.0012337870430201292,0.24566097557544708
obj_0052,28,layer_LHL,26.69201374053955,0.9161078333854675,0.1591099500656128,21.677613258361816,0.789765477180481,0.07915231585502625,29.89881992340088,19.365955591201782,0.6491442918777466,0.8148584365844727,28.805344104766846,0.963710606098175,0.10530706495046616,26.59257411956787,0.9152660965919495,0.16491106152534485,0.9752604166666666,0.205078125,0.1610288918018341,0.0120086669921875,0.07708740234375,0.0016613006591796875,2.818276882171631,0.25267720222473145,0.06793212890625,0.0014871760504320264,0.06284182518720627,0.0012226341059431434,0.24678809940814972
obj_0053,29,layer_LHL,25.651345252990723,0.903080403804779,0.17186349630355835,19.74740743637085,0.6889185905456543,0.09709084033966064,28.835909366607666,18.610531091690063,0.6062142252922058,0.7198867201805115,27.922353744506836,0.9565612077713013,0.10845795273780823,25.599524974822998,0.9028503894805908,0.17503595352172852,0.9869791666666666,0.23583984375,0.19145123660564423,0.0145416259765625,0.12744140625,0.0014543533325195312,3.7325522104899087,0.2606259882450104,0.07916259765625,0.00172794284299016,0.13946743309497833,0.003430117852985859,0.2552303969860077
obj_0054,30,layer_LHL,26.527624130249023,0.906391441822052,0.14025886356830597,21.038119792938232,0.7043867111206055,0.07002118974924088,28.864822387695312,18.908050060272217,0.6121892929077148,0.740370512008667,29.551997184753418,0.9640018939971924,0.08313832432031631,26.455049514770508,0.9054659008979797,0.142475426197052,0.9791666666666666,0.22119140625,0.1918976753950119,0.0110015869140625,0.1270751953125,0.00131988525390625,4.1479620933532715,0.258174329996109,0.08251953125,0.001590475207194686,0.11741627007722855,0.0029040102381259203,0.25444838404655457
obj_0055,31,layer_LHL,25.58927297592163,0.9058004021644592,0.16596147418022156,19.73325490951538,0.7231717705726624,0.10390567779541016,30.358636379241943,17.808769941329956,0.5707993507385254,0.7495743632316589,26.95777177810669,0.9514399766921997,0.12237488478422165,25.490846633911133,0.9053503274917603,0.175035759806633,0.9752604166666666,0.2236328125,0.14389094710350037,0.01383209228515625,0.09234619140625,0.0018434524536132812,3.1971306800842285,0.2630232572555542,0.06768798828125,0.001699404208920896,0.12006845325231552,0.003989312797784805,0.2603553235530853
obj_0056,32,layer_LHL,26.366569995880127,0.9149430394172668,0.15967249870300293,22.843947410583496,0.8350135684013367,0.06062513217329979,28.90738010406494,20.095465183258057,0.6666054725646973,0.8567626476287842,28.668131828308105,0.9628410339355469,0.09134598821401596,26.328887939453125,0.9146057367324829,0.16318684816360474,0.9895833333333334,0.18115234375,0.12765167653560638,0.01070404052734375,0.043853759765625,0.0008440017700195312,1.9208894968032837,0.2510847747325897,0.0391845703125,0.001537871197797358,0.04905855655670166,0.0009597673779353499,0.2470199465751648
obj_0057,33,layer_LHL,26.133744716644287,0.9204571843147278,0.10131730884313583,14.934993982315063,0.5213293433189392,0.07372837513685226,30.42433738708496,17.782888412475586,0.6429345011711121,0.5506930947303772,28.03203821182251,0.9757412075996399,0.06897661834955215,25.634007453918457,0.9164681434631348,0.11516126990318298,0.8658854166666666,0.30126953125,0.18281082808971405,0.032012939453125,0.337890625,0.010040283203125,5.0288435618082685,0.27076786756515503,0.1646728515625,0.0015748342266306281,0.13943004608154297,0.0027258587069809437,0.2583162486553192
obj_0058,34,layer_LHL,23.97024154663086,0.9029527306556702,0.1522040069103241,16.41907572746277,0.5762121081352234,0.08939836174249649,27.504780292510986,16.312400102615356,0.5680851340293884,0.6095337271690369,26.160695552825928,0.9579602479934692,0.1002451628446579,23.798956871032715,0.900639533996582,0.15664829313755035,0.95703125,0.2763671875,0.1687350869178772,0.0092010498046875,0.2186279296875,0.00469970703125,4.795841217041016,0.2687796354293823,0.134765625,0.0016411582473665476,0.14604206383228302,0.0034875022247433662,0.26273855566978455
obj_0059,35,layer_LHL,25.763566493988037,0.9089359641075134,0.1559944599866867,19.681986570358276,0.6908539533615112,0.09551003575325012,28.811335563659668,18.253406286239624,0.6141154766082764,0.722828209400177,28.17068338394165,0.9600290656089783,0.10878388583660126,25.689642429351807,0.9081622362136841,0.1593332439661026,0.98046875,0.244140625,0.20033903419971466,0.0130157470703125,0.1488037109375,0.0023479461669921875,4.300530751546224,0.26261377334594727,0.09613037109375,0.0016819535521790385,0.11821537464857101,0.0028719017282128334,0.2548387944698334
obj_0060,36,layer_LHL,26.407194137573242,0.9183468222618103,0.15531280636787415,21.888446807861328,0.8079628944396973,0.07576166093349457,29.374136924743652,19.40773367881775,0.6584841012954712,0.832512378692627,28.607816696166992,0.9624595642089844,0.10267382115125656,26.319305896759033,0.9175165891647339,0.16209925711154938,0.9765625,0.18115234375,0.16791711747646332,0.0162200927734375,0.06585693359375,0.0010099411010742188,2.727404514948527,0.2503083348274231,0.053131103515625,0.0017297109588980675,0.05800313502550125,0.0011185031617060304,0.24582183361053467
obj_0061,37,layer_LHL,25.537869930267334,0.9067065119743347,0.1564338207244873,19.521710872650146,0.6834396123886108,0.08033721148967743,28.50346565246582,17.961463928222656,0.6049129962921143,0.7177277207374573,28.0063533782959,0.9597336649894714,0.09561438113451004,25.49232244491577,0.9062008857727051,0.15976443886756897,0.98828125,0.24951171875,0.20429779589176178,0.010528564453125,0.148681640625,0.0021114349365234375,4.212934811909993,0.26591524481773376,0.09417724609375,0.0016863050404936075,0.11985104531049728,0.002943129278719425,0.26074010133743286
obj_0062,38,layer_LHL,15.61466097831726,0.7920838594436646,0.20563241839408875,9.396366477012634,0.2814731001853943,0.21403254568576813,28.395650386810303,11.533119678497314,0.5225830674171448,0.28441962599754333,15.794804096221924,0.8341126441955566,0.18177887797355652,15.61466097831726,0.7920838594436646,0.20563241839408875,1.0,0.29833984375,0.1856248676776886,0.1253662109375,0.173095703125,0.003910064697265625,4.022399266560872,0.27123504877090454,0.08416748046875,0.1964152604341507,0.3491023778915405,0.018574021756649017,0.36698293685913086
obj_0063,39,layer_LHL,25.546095371246338,0.9062163233757019,0.16353166103363037,18.845621347427368,0.6486585736274719,0.07144998759031296,28.638756275177002,18.401507139205933,0.5935766100883484,0.684310793876648,27.994384765625,0.9627150297164917,0.09692637622356415,25.355992317199707,0.9032909274101257,0.17321652173995972,0.9466145833333334,0.18798828125,0.1650388538837433,0.0034847259521484375,0.1328125,0.00203704833984375,4.147562344868978,0.25593388080596924,0.08087158203125,0.0014185929903760552,0.13814468681812286,0.004295718390494585,0.2560015618801117
obj_0064,40,layer_LHL,26.29918336868286,0.9193648099899292,0.1608148068189621,22.474629878997803,0.8347464203834534,0.06009172648191452,29.15757656097412,19.991565942764282,0.6798849701881409,0.8564921021461487,28.417599201202393,0.9639747738838196,0.08706086128950119,26.284375190734863,0.9192423224449158,0.16484466195106506,0.99609375,0.17333984375,0.14245733618736267,0.0088653564453125,0.0447998046875,0.0008783340454101562,2.155234972635905,0.2524925768375397,0.03546142578125,0.001622866722755134,0.046623535454273224,0.0009754133061505854,0.24747049808502197
obj_0065,41,layer_LHL,25.520756244659424,0.9083512425422668,0.15723800659179688,19.511308670043945,0.6663230061531067,0.08970385789871216,28.618013858795166,17.992794513702393,0.576663076877594,0.6978171467781067,27.876605987548828,0.9562411904335022,0.09539394825696945,25.323991775512695,0.9060510396957397,0.16533415019512177,0.94921875,0.2373046875,0.16810941696166992,0.0186004638671875,0.116455078125,0.0025997161865234375,4.048762559890747,0.2677324116230011,0.08154296875,0.0016258477699011564,0.14290466904640198,0.004566315561532974,0.26328137516975403
obj_0066,42,layer_LHL,26.80793523788452,0.9180887937545776,0.15532127022743225,22.409346103668213,0.8084679245948792,0.08061377704143524,29.823739528656006,19.339001178741455,0.6705455780029297,0.8303411602973938,28.943626880645752,0.9616117477416992,0.09559022635221481,26.741619110107422,0.9174513220787048,0.15854139626026154,0.9817708333333334,0.19677734375,0.20890109241008759,0.005954742431640625,0.07220458984375,0.0013799667358398438,3.2595171133677163,0.2545672357082367,0.05902099609375,0.0016811286332085729,0.06168394535779953,0.0011533423094078898,0.24795952439308167
obj_0067,43,layer_LHL,26.70692205429077,0.9179217219352722,0.15824979543685913,22.057077884674072,0.8036022782325745,0.08764670789241791,29.86844539642334,19.274580478668213,0.6561526656150818,0.8265343904495239,28.785223960876465,0.9622692465782166,0.10771241784095764,26.6127610206604,0.9172611832618713,0.16542795300483704,0.9752604166666666,0.19189453125,0.18596526980400085,0.01226043701171875,0.0706787109375,0.0012845993041992188,2.983728011449178,0.2538313567638397,0.05706787109375,0.0017570522613823414,0.06194613501429558,0.0011907578445971012,0.2466941475868225
obj_0068,44,layer_LHL,25.534908771514893,0.9086320996284485,0.1553249955177307,19.874931573867798,0.7059997916221619,0.09578292816877365,28.839898109436035,18.19664716720581,0.5939391851425171,0.7337144017219543,27.679834365844727,0.9558599591255188,0.11082836985588074,25.42346954345703,0.9073330760002136,0.1629125028848648,0.9700520833333334,0.21142578125,0.16783593595027924,0.01425933837890625,0.09539794921875,0.0019435882568359375,3.5502383708953857,0.25886258482933044,0.06512451171875,0.0016655570361763239,0.12796753644943237,0.004053119104355574,0.25679197907447815
obj_0069,45,layer_LHL,27.475881576538086,0.9253754019737244,0.12083633244037628,15.612043142318726,0.10857433080673218,0.012629963457584381,27.602622509002686,23.295812606811523,0.7464983463287354,0.10464386641979218,42.6041316986084,0.9973271489143372,0.0538163036108017,27.045578956604004,0.9205140471458435,0.15525572001934052,0.6685638427734375,0.0224609375,0.06848063319921494,0.0146636962890625,0.07989501953125,0.0010347366333007812,1.936596393585205,0.42598527669906616,0.050811767578125,0.0018238842021673918,0.5083404779434204,0.010131782852113247,0.42129456996917725
obj_0070,46,layer_LHL,27.044265270233154,0.9241621494293213,0.17259648442268372,21.34805202484131,0.7911176681518555,0.06134466081857681,29.85056161880493,19.983158111572266,0.6721845269203186,0.8195045590400696,29.60768461227417,0.9739498496055603,0.08260947465896606,26.840128898620605,0.9228841662406921,0.18232613801956177,0.9453125,0.19970703125,0.1398300677537918,0.029022216796875,0.0802001953125,0.0015954971313476562,3.6933048566182456,0.25478503108024597,0.06982421875,0.0017328164540231228,0.06943756341934204,0.0013538176426663995,0.24958455562591553
obj_0071,47,layer_LHL,25.175559520721436,0.9083724617958069,0.1635933220386505,19.290480613708496,0.6952992081642151,0.09957988560199738,28.686656951904297,17.407968044281006,0.5853579640388489,0.7266252636909485,27.206730842590332,0.9554039835929871,0.10827649384737015,25.013763904571533,0.9065044522285461,0.16845977306365967,0.9583333333333334,0.22900390625,0.14498591423034668,0.00841522216796875,0.10186767578125,0.0025157928466796875,3.4175949891408286,0.2641198933124542,0.076171875,0.001643115421757102,0.13519062101840973,0.004085271153599024,0.25955015420913696
obj_0072,48,layer_LHL,25.911943912506104,0.9292438626289368,0.08709442615509033,13.295012712478638,0.45996731519699097,0.057414889335632324,28.628787994384766,15.834194421768188,0.6727614402770996,0.4579479396343231,29.107894897460938,0.9854645133018494,0.04840438812971115,25.348074436187744,0.9253766536712646,0.10254335403442383,0.8411458333333334,0.35107421875,0.3141682744026184,0.02032470703125,0.4130859375,0.00714874267578125,5.088137308756511,0.27562248706817627,0.1622314453125,0.0014526793966069818,0.23158957064151764,0.004343257751315832,0.2632853090763092
obj_0073,49,layer_LHL,24.167635440826416,0.9037543535232544,0.1346704661846161,16.326773166656494,0.6080593466758728,0.08988960832357407,27.705373764038086,16.678636074066162,0.5885442495346069,0.644332766532898,26.379399299621582,0.9640522003173828,0.08711600303649902,23.960635662078857,0.9009844660758972,0.14151886105537415,0.9466145833333334,0.296875,0.2254479080438614,0.01280975341796875,0.2139892578125,0.004486083984375,4.640551884969075,0.2730526328086853,0.126953125,0.0016351608792319894,0.1450953185558319,0.00354227633215487,0.26397833228111267
obj_0074,50,layer_LHL,27.57716417312622,0.9280043840408325,0.12131625413894653,24.248006343841553,0.8359089493751526,0.05146924406290054,29.031813144683838,20.039708614349365,0.6805430054664612,0.8583954572677612,31.27983570098877,0.9734118580818176,0.06081461161375046,27.45979070663452,0.9271885752677917,0.12654946744441986,0.96484375,0.197265625,0.2249952107667923,0.01453399658203125,0.04998779296875,0.0008707046508789062,2.09472393989563,0.25908178091049194,0.03778076171875,0.001682644127868116,0.05208122357726097,0.0010531583102419972,0.25100091099739075
obj_0075,51,layer_LHL,19.37815546989441,0.8584811091423035,0.17805087566375732,11.039093732833862,0.3312876522541046,0.13719815015792847,26.711788177490234,13.013466596603394,0.48263099789619446,0.3417455554008484,20.1461124420166,0.9174326062202454,0.11124655604362488,19.152967929840088,0.8535760641098022,0.18723052740097046,0.9466145833333334,0.2451171875,0.13895168900489807,0.055084228515625,0.154541015625,0.0026702880859375,3.8321499029795327,0.2588194012641907,0.071533203125,0.06563004851341248,0.43340736627578735,0.02153215929865837,0.3159645199775696
obj_0076,52,layer_LHL,26.279449462890625,0.9146366119384766,0.17423397302627563,21.327719688415527,0.8121334910392761,0.08119983226060867,31.138055324554443,19.528231620788574,0.657787561416626,0.8352710008621216,27.518150806427002,0.9589541554450989,0.11387425661087036,26.243181228637695,0.9147060513496399,0.17862017452716827,0.9908854166666666,0.17626953125,0.16350358724594116,0.0104217529296875,0.0653076171875,0.001155853271484375,2.6598970890045166,0.252555787563324,0.0531005859375,0.0017872737953439355,0.05507197603583336,0.0010669997427612543,0.24907827377319336
obj_0077,53,layer_LHL,24.80152130126953,0.927418053150177,0.09460005164146423,12.380421161651611,0.47831517457962036,0.06449589133262634,28.989572525024414,16.281108856201172,0.6385231614112854,0.5055297613143921,26.790413856506348,0.9804346561431885,0.053694140166044235,24.24626111984253,0.9236844182014465,0.10889932513237,0.85546875,0.369140625,0.22085048258304596,0.035614013671875,0.41162109375,0.010406494140625,5.0379611651102705,0.2787751257419586,0.18798828125,0.0014502530684694648,0.17714031040668488,0.003489514347165823,0.2626931071281433
obj_0078,54,layer_LHL,26.829111576080322,0.9290074110031128,0.08470319211483002,14.5600426197052,0.4913017749786377,0.046339720487594604,29.042668342590332,17.047072649002075,0.693623423576355,0.5017206072807312,30.6583833694458,0.9875365495681763,0.043599873781204224,26.300089359283447,0.9257574081420898,0.096043162047863,0.8411458333333334,0.31201171875,0.31296801567077637,0.0305328369140625,0.37890625,0.00643157958984375,5.178762118021647,0.27881568670272827,0.154052734375,0.0015427807811647654,0.23948612809181213,0.004468112252652645,0.2668702304363251
obj_0079,55,layer_LHL,25.66296100616455,0.9106525778770447,0.1609095185995102,19.747871160507202,0.7048437595367432,0.09313011169433594,29.213261604309082,18.03633451461792,0.6018184423446655,0.7362303733825684,27.671785354614258,0.9572188258171082,0.103388212621212,25.494155883789062,0.9091032147407532,0.1650959849357605,0.95703125,0.22265625,0.13622868061065674,0.0091400146484375,0.094970703125,0.002071380615234375,3.5779058933258057,0.263892263174057,0.07476806640625,0.0017274449346587062,0.12692002952098846,0.0036374470219016075,0.26103460788726807
obj_0080,56,layer_LHL,15.270395278930664,0.820129930973053,0.22669273614883423,7.557280659675598,0.26687708497047424,0.1724742352962494,24.503662586212158,9.893783926963806,0.36209729313850403,0.28605055809020996,15.733531713485718,0.8897210359573364,0.1454649269580841,15.270395278930664,0.820129930973053,0.22669273614883423,1.0,0.29296875,0.21194323897361755,0.0731201171875,0.2159423828125,0.005489349365234375,4.73872709274292,0.27197501063346863,0.122314453125,0.07459451258182526,0.4543401002883911,0.02638646960258484,0.37839722633361816
obj_0081,57,layer_LHL,27.2135329246521,0.9225156903266907,0.1443472057580948,22.520155906677246,0.8203700184822083,0.06033148989081383,30.3995680809021,19.894520044326782,0.6755426526069641,0.8438910841941833,29.28244113922119,0.967035710811615,0.08825735747814178,27.145612239837646,0.9221532940864563,0.147164985537529,0.9817708333333334,0.185546875,0.18006053566932678,0.00753021240234375,0.05712890625,0.0008897781372070312,2.8666256268819175,0.2506110668182373,0.042877197265625,0.0016392553225159645,0.06016528233885765,0.0011628788197413087,0.24746301770210266
obj_0082,58,layer_LHL,25.580415725708008,0.9214545488357544,0.09962068498134613,13.56253981590271,0.47076550126075745,0.07089107483625412,29.065229892730713,17.350226640701294,0.6698050498962402,0.4815564453601837,28.03889513015747,0.9802080988883972,0.06314953416585922,25.064053535461426,0.917111337184906,0.11543743312358856,0.8489583333333334,0.3291015625,0.25815892219543457,0.034942626953125,0.42431640625,0.0145416259765625,5.348862330118815,0.28275179862976074,0.168212890625,0.0015801071422174573,0.17079035937786102,0.0033900002017617226,0.2618459165096283
obj_0083,59,layer_LHL,20.679075717926025,0.8830955028533936,0.1731690764427185,13.456048965454102,0.5859869718551636,0.16018499433994293,27.47016429901123,13.817616701126099,0.5068259835243225,0.6181039214134216,21.52343511581421,0.9362603425979614,0.12367281317710876,20.679075717926025,0.8830955028533936,0.1731690764427185,1.0,0.2529296875,0.21171894669532776,0.03265380859375,0.13818359375,0.0031032562255859375,3.540367523829142,0.26684772968292236,0.08001708984375,0.01628517173230648,0.2279002070426941,0.008952603675425053,0.29079002141952515
obj_0084,60,layer_LHL,25.635604858398438,0.912227213382721,0.16130638122558594,19.639233350753784,0.7223843932151794,0.08343692123889923,28.975799083709717,17.967630624771118,0.5998950600624084,0.7516570091247559,27.801356315612793,0.9626848697662354,0.09669352322816849,25.440964698791504,0.9100796580314636,0.17164699733257294,0.9479166666666666,0.21728515625,0.14811447262763977,0.01421356201171875,0.095703125,0.001789093017578125,3.834238608678182,0.2622946798801422,0.07000732421875,0.0016662667039781809,0.116675466299057,0.0032709501683712006,0.2583809196949005
obj_0085,61,layer_LHL,25.10897159576416,0.9018329977989197,0.15356437861919403,19.36290979385376,0.6706885099411011,0.08509204536676407,28.06680917739868,17.77973175048828,0.59574294090271,0.7041297554969788,27.54366397857666,0.9542571306228638,0.09939301759004593,25.077667236328125,0.9017050862312317,0.15717780590057373,0.9921875,0.24560546875,0.19480669498443604,0.00791168212890625,0.15625,0.002536773681640625,4.176392555236816,0.2621203064918518,0.1007080078125,0.0017123781144618988,0.11917010694742203,0.0027704101521521807,0.2589639723300934
obj_0086,62,layer_LHL,15.68751335144043,0.8061556220054626,0.2157135009765625,9.55872356891632,0.3859636187553406,0.20028620958328247,27.58373737335205,10.756901502609253,0.4613679051399231,0.3958827257156372,15.90865969657898,0.8504812717437744,0.17583778500556946,15.659747123718262,0.8053662180900574,0.22095340490341187,0.9934895833333334,0.33740234375,0.18371935188770294,0.09991455078125,0.178466796875,0.0037593841552734375,3.90508238474528,0.2686457931995392,0.09124755859375,0.08214379847049713,0.2937554717063904,0.011146069504320621,0.32860201597213745
obj_0087,63,layer_LHL,25.41421413421631,0.9052255749702454,0.17398184537887573,19.61307644844055,0.6938179135322571,0.0991114005446434,29.007487297058105,18.2665753364563,0.6003119945526123,0.7213358283042908,27.38023042678833,0.9529851078987122,0.1111941933631897,25.24301052093506,0.9029722213745117,0.18407031893730164,0.9544270833333334,0.2177734375,0.13592782616615295,0.0093994140625,0.103271484375,0.0022487640380859375,3.5668249130249023,0.26502877473831177,0.071533203125,0.0016680245753377676,0.12532265484333038,0.003825525287538767,0.25963637232780457
obj_0088,64,layer_LHL,26.588430404663086,0.9222245812416077,0.13956375420093536,21.58162832260132,0.826968789100647,0.06308099627494812,30.708341598510742,19.617329835891724,0.6748768091201782,0.8499215841293335,28.149304389953613,0.9658758640289307,0.08875755965709686,26.542255878448486,0.922386109828949,0.14295142889022827,0.98828125,0.18017578125,0.1713225096464157,0.0098114013671875,0.05462646484375,0.0010852813720703125,2.2216317653656006,0.2534138560295105,0.050140380859375,0.0016733723459765315,0.05074382945895195,0.001045131590217352,0.24832892417907715
obj_0089,65,layer_LHL,25.470690727233887,0.9342188239097595,0.08392050862312317,12.719825506210327,0.4913339912891388,0.06308656185865402,29.329097270965576,15.86507797241211,0.6374778151512146,0.5188431739807129,27.67589569091797,0.9834660291671753,0.04513707384467125,24.898686408996582,0.93108731508255,0.09807942807674408,0.8502604166666666,0.37158203125,0.31985118985176086,0.0231781005859375,0.431396484375,0.0144805908203125,4.936223030090332,0.2917049527168274,0.1746826171875,0.001461373525671661,0.20275744795799255,0.003978651016950607,0.2662058472633362
obj_0090,66,layer_LHL,24.852418899536133,0.9056488871574402,0.1630590260028839,19.58757758140564,0.7034813165664673,0.08617240190505981,27.242765426635742,18.486392498016357,0.6284634470939636,0.7337126135826111,27.768619060516357,0.9596529006958008,0.10243590176105499,24.833874702453613,0.9055478572845459,0.16682608425617218,0.9947916666666666,0.244140625,0.2195603996515274,0.0036773681640625,0.14697265625,0.0016946792602539062,4.328765233357747,0.2644495964050293,0.09393310546875,0.001740225125104189,0.11391069740056992,0.002885229652747512,0.25917771458625793
obj_0091,67,layer_LHL,26.909427642822266,0.9304022192955017,0.08138274401426315,15.890053510665894,0.4829327166080475,0.03761976584792137,27.68932342529297,15.354156494140625,0.6761860847473145,0.5265297293663025,34.45410966873169,0.9940153956413269,0.04450952634215355,26.383628845214844,0.9268322587013245,0.09382656216621399,0.8216145833333334,0.28857421875,0.3009335696697235,0.0248870849609375,0.271240234375,0.00649261474609375,4.84329096476237,0.2867560088634491,0.134033203125,0.0014997667167335749,0.3646222651004791,0.006427023094147444,0.2776802182197571
obj_0092,68,layer_LHL,26.154654026031494,0.9228947758674622,0.09885458648204803,17.052100896835327,0.6851553916931152,0.06577453762292862,29.82006549835205,17.82055139541626,0.6597239375114441,0.7172297239303589,28.359930515289307,0.9773135781288147,0.06791560351848602,25.738940238952637,0.9196046590805054,0.10798511654138565,0.8841145833333334,0.2802734375,0.20045803487300873,0.03955078125,0.1817626953125,0.0033168792724609375,4.404640197753906,0.26310864090919495,0.113525390625,0.0015128491213545203,0.10190162807703018,0.0020698723383247852,0.2531519830226898
obj_0093,69,layer_LHL,25.437726974487305,0.9048340916633606,0.16320373117923737,19.457101821899414,0.689531683921814,0.0950276255607605,28.496010303497314,18.246324062347412,0.6011179089546204,0.7209752202033997,27.821791172027588,0.9592888355255127,0.10766046494245529,25.37837266921997,0.9041688442230225,0.16637615859508514,0.984375,0.24169921875,0.2021099179983139,0.00817108154296875,0.1416015625,0.0020580291748046875,4.195045630137126,0.2616700828075409,0.09100341796875,0.0017773233121261,0.12956029176712036,0.0032174016814678907,0.2566561996936798
obj_0094,70,layer_LHL,26.74344539642334,0.9184775948524475,0.14987580478191376,21.5189528465271,0.7884927988052368,0.07238472998142242,30.471622943878174,19.33268904685974,0.656535804271698,0.8132503628730774,28.54665756225586,0.9624406099319458,0.1033322885632515,26.64344310760498,0.9179883003234863,0.15651912987232208,0.9739583333333334,0.19677734375,0.16573745012283325,0.01331329345703125,0.07562255859375,0.0013093948364257812,2.7538917859395347,0.25437214970588684,0.06500244140625,0.001444207038730383,0.06388057768344879,0.001258622040040791,0.24812467396259308
obj_0095,71,layer_LHL,25.713937282562256,0.92601478099823,0.09506767988204956,13.283876180648804,0.46646204590797424,0.06035711616277695,29.1994309425354,16.40554904937744,0.6667233109474182,0.48980847001075745,28.18326711654663,0.982573390007019,0.05396530032157898,25.12972593307495,0.9220831394195557,0.11456717550754547,0.8502604166666666,0.3359375,0.2153233289718628,0.0254364013671875,0.390380859375,0.0082244873046875,5.028659343719482,0.2745678424835205,0.1802978515625,0.0015234434977173805,0.19558991491794586,0.0036710305139422417,0.2643672823905945
obj_0096,72,layer_LHL,17.566533088684082,0.8789474368095398,0.16802909970283508,8.378639221191406,0.3493114709854126,0.14088021218776703,26.858582496643066,10.572448968887329,0.46325287222862244,0.3641038239002228,18.048324584960938,0.928584635257721,0.10757637768983841,17.135868072509766,0.8707123398780823,0.18981190025806427,0.9010416666666666,0.2783203125,0.23372399806976318,0.044281005859375,0.1612548828125,0.0028476715087890625,3.8795851866404214,0.273039847612381,0.07647705078125,0.039568834006786346,0.4003449082374573,0.022864654660224915,0.3459443747997284
obj_0097,73,layer_LHL,25.06964683532715,0.9258484244346619,0.09653952717781067,13.994133472442627,0.5927065014839172,0.06561044603586197,29.621191024780273,17.648297548294067,0.6427428722381592,0.6296422481536865,26.824181079864502,0.9784311652183533,0.060951896011829376,24.552507400512695,0.9221761226654053,0.11097738146781921,0.86328125,0.33544921875,0.2007312774658203,0.036376953125,0.28759765625,0.00763702392578125,4.741276741027832,0.27627119421958923,0.15966796875,0.0014261382166296244,0.1309451311826706,0.002497752197086811,0.25860345363616943
obj_0098,74,layer_LHL,26.98741912841797,0.9295694828033447,0.09256185591220856,19.642351865768433,0.7509282827377319,0.04929421469569206,29.281487464904785,19.194586277008057,0.6895970702171326,0.7806470394134521,30.356273651123047,0.980204701423645,0.05609778314828873,26.66640043258667,0.9276524186134338,0.10136265307664871,0.90234375,0.25634765625,0.303215354681015,0.029693603515625,0.1435546875,0.001377105712890625,4.040314833323161,0.259456068277359,0.08233642578125,0.001541270175948739,0.09485446661710739,0.0019914826843887568,0.24790118634700775
obj_0099,75,layer_LHL,27.182488441467285,0.9288691282272339,0.11005959659814835,21.966798305511475,0.8019918203353882,0.057144492864608765,29.68219518661499,19.505748748779297,0.6607850193977356,0.8287957310676575,29.966349601745605,0.9720922112464905,0.06885862350463867,26.996843814849854,0.9276849627494812,0.11621319502592087,0.9479166666666666,0.20263671875,0.18976560235023499,0.022552490234375,0.06927490234375,0.00138092041015625,2.2410698731740317,0.2564719021320343,0.05712890625,0.0014249891974031925,0.06035420671105385,0.001253289170563221,0.2488187998533249
obj_0100,76,layer_LHL,25.886285305023193,0.9221804141998291,0.172587051987648,20.903034210205078,0.838001549243927,0.06583133339881897,30.836141109466553,20.224266052246094,0.6948770880699158,0.8596382141113281,27.095487117767334,0.9656374454498291,0.10702831298112869,25.88089942932129,0.9223178625106812,0.17253106832504272,0.9986979166666666,0.1640625,0.1099085882306099,0.005939483642578125,0.04608154296875,0.0008769035339355469,2.171539862950643,0.25276753306388855,0.043731689453125,0.0018310892628505826,0.051621854305267334,0.001036902074702084,0.25031402707099915
obj_0101,77,layer_LHL,26.98746681213379,0.9256747364997864,0.13208988308906555,22.499260902404785,0.8064702153205872,0.05984308570623398,29.179868698120117,19.51670527458191,0.6621727347373962,0.8311512470245361,29.956355094909668,0.9701559543609619,0.07242397964000702,26.882014274597168,0.9249877333641052,0.13911713659763336,0.9713541666666666,0.19580078125,0.1794295758008957,0.01305389404296875,0.0677490234375,0.0013456344604492188,2.8632665475209556,0.2544613480567932,0.057586669921875,0.0015752889448776841,0.05942355468869209,0.0012128014350309968,0.2475297749042511
obj_0102,78,layer_LHL,26.127262115478516,0.9152849912643433,0.1823393553495407,21.869282722473145,0.8301829695701599,0.06385155767202377,30.20456552505493,19.783931970596313,0.6696597337722778,0.8528698086738586,27.59263038635254,0.9604477286338806,0.10405625402927399,26.121861934661865,0.9153568148612976,0.1822717934846878,0.9986979166666666,0.17236328125,0.10279486328363419,0.005474090576171875,0.04229736328125,0.0010442733764648438,2.194742282231649,0.25633710622787476,0.038726806640625,0.001736253616400063,0.04827851429581642,0.0009632783476263285,0.2512081265449524
obj_0103,79,layer_LHL,25.506694316864014,0.9266402125358582,0.08981141448020935,13.000991344451904,0.5046929717063904,0.06295420974493027,29.215669631958008,15.567162036895752,0.6441313624382019,0.5396747589111328,27.810208797454834,0.9829495549201965,0.054845839738845825,24.940097332000732,0.923108696937561,0.10838864743709564,0.85546875,0.3388671875,0.2551771402359009,0.035369873046875,0.375244140625,0.01415252685546875,4.921903292338054,0.2915723919868469,0.1822509765625,0.0016213697381317616,0.19510434567928314,0.004273701924830675,0.2663404941558838
obj_0104,80,layer_LHL,25.335636138916016,0.9100960493087769,0.12486307322978973,17.31566309928894,0.6041473746299744,0.06231485307216644,29.131667613983154,17.81960129737854,0.5967170000076294,0.6376831531524658,27.38508939743042,0.9641017913818359,0.0733000859618187,24.89074468612671,0.9047452807426453,0.13614478707313538,0.8828125,0.28173828125,0.21903418004512787,0.01044464111328125,0.1768798828125,0.0033435821533203125,4.642064253489177,0.2680845856666565,0.1171875,0.0020604305900633335,0.1524997353553772,0.0037723996210843325,0.261667937040329
obj_0105,81,layer_LHL,26.55754327774048,0.9151544570922852,0.16784140467643738,22.301878929138184,0.8198783993721008,0.07954520732164383,29.992291927337646,19.858814477920532,0.661363422870636,0.8427056074142456,28.37094783782959,0.9607091546058655,0.10277335345745087,26.50641918182373,0.9151803255081177,0.17154043912887573,0.9869791666666666,0.1845703125,0.19339729845523834,0.008026123046875,0.054107666015625,0.0010595321655273438,2.351326068242391,0.25420475006103516,0.044952392578125,0.0015040856087580323,0.057781532406806946,0.0010812401305884123,0.24875104427337646
obj_0106,82,layer_LHL,15.47098994255066,0.8513734936714172,0.18944518268108368,7.159462571144104,0.2880130410194397,0.1607213169336319,24.74405288696289,8.66385281085968,0.42041724920272827,0.2966182827949524,15.940982103347778,0.9070020318031311,0.13372689485549927,15.214266777038574,0.8452743291854858,0.20047615468502045,0.9388020833333334,0.359375,0.2647075355052948,0.032379150390625,0.2088623046875,0.004749298095703125,4.506054719289144,0.2762713134288788,0.11737060546875,0.003925947938114405,0.3177783191204071,0.0188438817858696,0.44308602809906006
obj_0107,83,layer_LHL,25.37829875946045,0.9051780700683594,0.1424463391304016,18.3141827583313,0.6507645845413208,0.07853234559297562,28.369266986846924,18.034106492996216,0.6011122465133667,0.6868528723716736,27.95652151107788,0.9650107622146606,0.08499181270599365,25.27672290802002,0.9039430022239685,0.14815765619277954,0.97265625,0.26904296875,0.2045787125825882,0.0182647705078125,0.1922607421875,0.0020961761474609375,4.250150680541992,0.2686854302883148,0.1058349609375,0.0016185661079362035,0.12967337667942047,0.002863853005692363,0.26186197996139526
obj_0108,84,layer_LHL,24.870100021362305,0.8988854289054871,0.15581490099430084,17.31258273124695,0.6140201091766357,0.0894162654876709,28.697433471679688,17.739427089691162,0.6004319787025452,0.6459612846374512,26.865227222442627,0.9597426652908325,0.09766098856925964,24.726853370666504,0.8967390656471252,0.16181695461273193,0.9622395833333334,0.27001953125,0.18975423276424408,0.016326904296875,0.2000732421875,0.003177642822265625,4.709213733673096,0.266131728887558,0.11981201171875,0.001641182112507522,0.14504314959049225,0.003415843704715371,0.25923165678977966
obj_0109,85,layer_LHL,25.43156147003174,0.9012415409088135,0.16295641660690308,19.73360300064087,0.6526010036468506,0.09886109828948975,28.658788204193115,17.47248411178589,0.5544540286064148,0.681039571762085,27.640020847320557,0.949187695980072,0.10625750571489334,25.274760723114014,0.8989067673683167,0.1677154004573822,0.9583333333333334,0.22119140625,0.1430848389863968,0.01474761962890625,0.12213134765625,0.0030498504638671875,3.8511443932851157,0.27122801542282104,0.0732421875,0.0017597312107682228,0.15414002537727356,0.005660196766257286,0.2684005796909332
obj_0110,86,layer_LHL,27.47948169708252,0.9280346632003784,0.12033717334270477,23.609323501586914,0.8235005736351013,0.05758447200059891,29.237561225891113,19.911694526672363,0.6765110492706299,0.8462728261947632,30.86789608001709,0.9730957746505737,0.070573590695858,27.35835075378418,0.9271933436393738,0.12558168172836304,0.9635416666666666,0.20361328125,0.17864927649497986,0.016357421875,0.055023193359375,0.0009746551513671875,2.126145680745443,0.25521335005760193,0.04364013671875,0.0016730991192162037,0.05485052987933159,0.0011344541562721133,0.24916091561317444
obj_0111,87,layer_LHL,25.781168937683105,0.9109506607055664,0.15396736562252045,19.963836669921875,0.7319310903549194,0.10216998308897018,30.29940366744995,17.789374589920044,0.6000669002532959,0.7543578743934631,27.25247621536255,0.9544458389282227,0.11274492740631104,25.669023990631104,0.9102154970169067,0.16026152670383453,0.9713541666666666,0.21533203125,0.16260457038879395,0.01459503173828125,0.091064453125,0.00202178955078125,3.1393399238586426,0.2657525837421417,0.060699462890625,0.0017374219605699182,0.10635319352149963,0.0036483979783952236,0.2581503689289093
obj_0112,88,layer_LHL,26.888461112976074,0.9232885837554932,0.13176310062408447,22.167704105377197,0.8206011056900024,0.06657788157463074,30.109481811523438,19.524567127227783,0.658700168132782,0.8446126580238342,28.93733501434326,0.9652779698371887,0.08682872354984283,26.802291870117188,0.9225749969482422,0.13708694279193878,0.9752604166666666,0.18359375,0.15563297271728516,0.00997161865234375,0.05560302734375,0.0008206367492675781,1.99330472946167,0.2554475963115692,0.048492431640625,0.0017534896032884717,0.05419936403632164,0.001048977137543261,0.2504262328147888
obj_0113,89,layer_LHL,18.46733808517456,0.8561966419219971,0.30186882615089417,13.105554580688477,0.6321299076080322,0.23645292222499847,27.239322662353516,13.94416332244873,0.5215649604797363,0.6505658030509949,18.914564847946167,0.9055017828941345,0.24117642641067505,18.46733808517456,0.8561966419219971,0.30186882615089417,1.0,0.232421875,0.16737714409828186,0.04132080078125,0.093505859375,0.00171661376953125,3.1221893628438315,0.2637568712234497,0.055908203125,0.014601333066821098,0.187291219830513,0.004907330498099327,0.2633059024810791
obj_0114,90,layer_LHL,15.402724742889404,0.7908743619918823,0.29043442010879517,10.9363853931427,0.5123539566993713,0.26997169852256775,28.059875965118408,13.360962867736816,0.5086665749549866,0.5214162468910217,15.55984377861023,0.8330196738243103,0.2527128756046295,15.402724742889404,0.7908743619918823,0.29043442010879517,1.0,0.2314453125,0.1888343244791031,0.0260467529296875,0.0802001953125,0.00278472900390625,2.686203638712565,0.27575603127479553,0.044769287109375,0.0229384396225214,0.21162176132202148,0.00744057958945632,0.2891406714916229
obj_0115,91,layer_LHL,21.09118938446045,0.8530049324035645,0.2263629287481308,16.172908544540405,0.6381096243858337,0.23030978441238403,30.0225830078125,16.22517466545105,0.5865963101387024,0.6475635170936584,21.50273561477661,0.8932221531867981,0.19035905599594116,21.09118938446045,0.8530049324035645,0.2263629287481308,1.0,0.2177734375,0.26589247584342957,0.0171966552734375,0.09228515625,0.002613067626953125,2.9394628206888833,0.26972687244415283,0.049896240234375,0.015084557235240936,0.17693933844566345,0.004461248870939016,0.25564128160476685
obj_0116,92,layer_LHL,16.998714208602905,0.8440939784049988,0.3001428544521332,11.899510622024536,0.6258182525634766,0.24920576810836792,26.453723907470703,13.908777236938477,0.5128452181816101,0.6409949660301208,17.36637830734253,0.8934214115142822,0.23337724804878235,16.867268085479736,0.8410425782203674,0.31013721227645874,0.96875,0.25244140625,0.17411074042320251,0.044891357421875,0.08343505859375,0.0022563934326171875,2.9486519495646157,0.2668013572692871,0.05023193359375,0.025587180629372597,0.2018238753080368,0.005248560104519129,0.2630058228969574
obj_0117,93,layer_LHL,23.603103160858154,0.9083384275436401,0.17259591817855835,18.615418672561646,0.7522298693656921,0.16342923045158386,27.21008062362671,15.249099731445312,0.6094123125076294,0.7653838396072388,25.442912578582764,0.951806366443634,0.13859599828720093,23.45728635787964,0.9061267971992493,0.17905938625335693,0.9583333333333334,0.24853515625,0.38775792717933655,0.04229736328125,0.09686279296875,0.0018863677978515625,2.7693031628926597,0.25339120626449585,0.0584716796875,0.029184577986598015,0.1370222270488739,0.003473168471828103,0.2445179671049118
obj_0118,94,layer_LHL,25.66477060317993,0.9115422368049622,0.12534406781196594,18.063600063323975,0.6493935585021973,0.0974930003285408,28.844480514526367,16.101813316345215,0.6143366098403931,0.6725083589553833,28.133139610290527,0.9666762948036194,0.09431666880846024,25.412988662719727,0.908944845199585,0.13665544986724854,0.9296875,0.27490234375,0.3666249215602875,0.03662109375,0.15185546875,0.004825592041015625,3.6463890075683594,0.2583627998828888,0.09088134765625,0.021721437573432922,0.1668141931295395,0.004360115621238947,0.23406799137592316
obj_0119,95,layer_LHL,21.410927772521973,0.8963974714279175,0.18785366415977478,15.102589130401611,0.6566457748413086,0.13124775886535645,25.97466468811035,15.069669485092163,0.5538841485977173,0.6846127510070801,22.908754348754883,0.9458985924720764,0.1269884705543518,20.91048002243042,0.8889074325561523,0.2121143937110901,0.87890625,0.23681640625,0.1604013293981552,0.049468994140625,0.10595703125,0.0014801025390625,3.5405728816986084,0.25539717078208923,0.07080078125,0.025911446660757065,0.17025117576122284,0.0054967510513961315,0.2572189271450043
obj_0120,96,layer_LHL,22.860212326049805,0.8875552415847778,0.1750989556312561,14.79161024093628,0.5217942595481873,0.10329876840114594,27.659292221069336,15.974246263504028,0.5289378762245178,0.5558095574378967,24.3768572807312,0.9518221020698547,0.11458520591259003,22.348999977111816,0.879030168056488,0.19478973746299744,0.875,0.23779296875,0.17735199630260468,0.009063720703125,0.1768798828125,0.0026454925537109375,4.598011334737142,0.26033419370651245,0.12335205078125,0.012355881743133068,0.24757073819637299,0.007565638050436974,0.26410478353500366
obj_0121,97,layer_LHL,16.821603775024414,0.8193877935409546,0.2918946146965027,10.587793588638306,0.40333229303359985,0.21463313698768616,27.10193157196045,10.167990922927856,0.42188796401023865,0.4201468527317047,17.15111017227173,0.867392897605896,0.24405387043952942,16.68941378593445,0.8154171109199524,0.3023586571216583,0.96875,0.23974609375,0.21588245034217834,0.0162200927734375,0.1380615234375,0.00376129150390625,3.4818967978159585,0.27730271220207214,0.07763671875,0.012395171448588371,0.3821922242641449,0.020298823714256287,0.30289405584335327
obj_0122,98,layer_LHL,20.85056781768799,0.8904980421066284,0.21148371696472168,15.266472101211548,0.6895691156387329,0.23090708255767822,27.14254140853882,14.36928391456604,0.6036804914474487,0.7022685408592224,21.7216157913208,0.9334746599197388,0.18627989292144775,20.73810338973999,0.888565182685852,0.2197425365447998,0.9713541666666666,0.2587890625,0.3428916931152344,0.02978515625,0.11834716796875,0.0027751922607421875,3.0197330315907798,0.27475404739379883,0.069580078125,0.038254931569099426,0.16163936257362366,0.005224304273724556,0.2703399956226349
obj_0123,99,layer_LHL,15.883891582489014,0.7815988659858704,0.30898648500442505,10.953073501586914,0.3926631510257721,0.28619804978370667,28.870656490325928,12.606730461120605,0.4830353856086731,0.39912766218185425,16.037174463272095,0.8264082670211792,0.25649964809417725,15.782798528671265,0.7778109908103943,0.3183160126209259,0.9765625,0.19873046875,0.07325617223978043,0.002471923828125,0.087890625,0.00325775146484375,2.8225719134012857,0.2687315344810486,0.042449951171875,0.04174976050853729,0.26858603954315186,0.012006961740553379,0.2883412837982178
obj_0124,100,layer_LHL,17.537909746170044,0.8790503144264221,0.1743755042552948,10.129622220993042,0.5842729806900024,0.14969272911548615,26.974220275878906,13.1873619556427,0.5594787001609802,0.6002136468887329,17.97213077545166,0.9259762167930603,0.13653592765331268,17.33085036277771,0.8751643300056458,0.1846185326576233,0.9505208333333334,0.25634765625,0.3789656460285187,0.07464599609375,0.11334228515625,0.0022792816162109375,3.286168098449707,0.26888343691825867,0.059417724609375,0.09250346571207047,0.2368587702512741,0.007337926886975765,0.3038639426231384
obj_0125,101,layer_LHL,22.734503746032715,0.8749145865440369,0.19058659672737122,12.8571617603302,0.2631520628929138,0.11089809238910675,25.78059673309326,13.451732397079468,0.4337824881076813,0.30457863211631775,25.48191785812378,0.960454523563385,0.10047437995672226,22.734503746032715,0.8749145865440369,0.19058659672737122,1.0,0.2041015625,0.30433887243270874,0.06854248046875,0.25732421875,0.00562286376953125,4.483885447184245,0.2679992616176605,0.1104736328125,0.07310483604669571,0.7234693765640259,0.04614245146512985,0.3040240406990051
obj_0126,102,layer_LHL,18.422679901123047,0.8491113781929016,0.29787179827690125,13.764187097549438,0.6676718592643738,0.23031093180179596,26.230294704437256,13.729243278503418,0.5096651911735535,0.6868983507156372,18.955905437469482,0.8997851610183716,0.21798479557037354,18.422679901123047,0.8491113781929016,0.29787179827690125,1.0,0.23681640625,0.15313082933425903,0.036834716796875,0.0802001953125,0.0011444091796875,2.687386671702067,0.2578149735927582,0.04833984375,0.029026642441749573,0.19599714875221252,0.005660509690642357,0.26958879828453064
obj_0127,103,layer_LHL,22.67244815826416,0.8862103223800659,0.1770639717578888,15.357762575149536,0.5368649959564209,0.15097495913505554,27.812600135803223,15.402724742889404,0.582628071308136,0.5539875626564026,24.0059494972229,0.93562912940979,0.1339864730834961,22.556593418121338,0.8845224976539612,0.18219983577728271,0.9700520833333334,0.298828125,0.25255516171455383,0.03167724609375,0.1964111328125,0.005084991455078125,4.076862653096517,0.2626032829284668,0.1103515625,0.022780926898121834,0.27332407236099243,0.0063325464725494385,0.2592402994632721
obj_0128,104,layer_LHL,17.0181941986084,0.8657292127609253,0.24375984072685242,10.762379169464111,0.6027411818504333,0.2095942199230194,27.3901629447937,12.838345766067505,0.5598450899124146,0.6148927807807922,17.340890169143677,0.9114370346069336,0.20346394181251526,16.902376413345337,0.8634482026100159,0.2529316246509552,0.97265625,0.26318359375,0.2912689447402954,0.0615234375,0.10247802734375,0.001735687255859375,3.25361696879069,0.24367716908454895,0.07049560546875,0.04633096233010292,0.21120308339595795,0.006030976306647062,0.2474745810031891
obj_0129,105,layer_LHL,21.659584045410156,0.8792405128479004,0.18629390001296997,13.614085912704468,0.5101292133331299,0.12096436321735382,26.828596591949463,14.078673124313354,0.4824230372905731,0.5422054529190063,23.022196292877197,0.9481287002563477,0.1159985288977623,21.23135805130005,0.8717171549797058,0.2057267427444458,0.8984375,0.26318359375,0.29952239990234375,0.020355224609375,0.1846923828125,0.0034275054931640625,4.448487122853597,0.26468348503112793,0.0992431640625,0.02691086195409298,0.34865474700927734,0.014924325980246067,0.279870867729187
obj_0130,106,layer_LHL,20.523552894592285,0.8813618421554565,0.1971067190170288,14.799091815948486,0.6728708744049072,0.17954128980636597,28.819334506988525,15.74360966682434,0.5750609040260315,0.6887581944465637,21.04384183883667,0.9251812100410461,0.16906772553920746,20.12401819229126,0.8745653629302979,0.21860167384147644,0.90234375,0.2373046875,0.1969326287508011,0.01776123046875,0.08587646484375,0.0017795562744140625,2.666555086771647,0.252704381942749,0.062225341796875,0.016417790204286575,0.1494506150484085,0.0036501544527709484,0.24711255729198456
obj_0131,107,layer_LHL,22.584314346313477,0.9110562205314636,0.19874192774295807,6.7974090576171875,0.1342059224843979,0.09302835911512375,26.09515905380249,10.963448286056519,0.4726722538471222,0.16976724565029144,25.094492435455322,0.9849008917808533,0.13365988433361053,22.420363426208496,0.9098748564720154,0.21105074882507324,0.953125,0.1279296875,0.27689266204833984,0.022216796875,0.2491455078125,0.00482177734375,4.394930203755696,0.3040018379688263,0.127197265625,0.02244797721505165,1.4080326557159424,0.10154977440834045,0.38385871052742004
obj_0132,108,layer_LHL,16.905425786972046,0.8431004285812378,0.2953089475631714,11.357308626174927,0.5739972591400146,0.2570478916168213,28.75270128250122,13.068631887435913,0.49055585265159607,0.5895906090736389,17.119110822677612,0.8902139663696289,0.2544732391834259,16.905425786972046,0.8431004285812378,0.2953089475631714,1.0,0.2451171875,0.19430598616600037,0.025848388671875,0.1007080078125,0.0022563934326171875,2.944543202718099,0.2620864808559418,0.058990478515625,0.027877528220415115,0.20317751169204712,0.0052732741460204124,0.2702893316745758
obj_0133,109,layer_LHL,19.477345943450928,0.8769940733909607,0.15031810104846954,10.832552909851074,0.37515339255332947,0.1274450272321701,29.40288543701172,15.928791761398315,0.582001805305481,0.3825697600841522,19.882490634918213,0.9251053333282471,0.1255311816930771,19.289273023605347,0.8742062449455261,0.15616506338119507,0.955078125,0.259765625,0.24324141442775726,0.0701904296875,0.1646728515625,0.0033321380615234375,3.9416860739390054,0.24502700567245483,0.084716796875,0.11685412377119064,0.31769323348999023,0.012657334096729755,0.26378121972084045
obj_0134,110,layer_LHL,17.763235569000244,0.840653657913208,0.2596004605293274,12.030895948410034,0.5292781591415405,0.19633683562278748,25.9976863861084,14.153615236282349,0.4959595501422882,0.5438513159751892,18.2920503616333,0.8953388333320618,0.19624225795269012,17.763235569000244,0.840653657913208,0.2596004605293274,1.0,0.265625,0.1599302887916565,0.0243072509765625,0.09771728515625,0.002349853515625,3.782916784286499,0.25729677081108093,0.0777587890625,0.03985477238893509,0.250095397233963,0.007282560225576162,0.25981566309928894
obj_0135,111,layer_LHL,21.929194927215576,0.8830814957618713,0.19207732379436493,15.763461589813232,0.7166805863380432,0.2064622938632965,27.966797351837158,13.679955005645752,0.544340968132019,0.7371309995651245,22.903237342834473,0.9265377521514893,0.1658652126789093,21.80548667907715,0.8810272812843323,0.19972269237041473,0.96875,0.2578125,0.38557878136634827,0.06292724609375,0.1219482421875,0.0033359527587890625,2.9143736362457275,0.28773003816604614,0.07794189453125,0.033055029809474945,0.2029513269662857,0.004951754584908485,0.2876194417476654
obj_0136,112,layer_LHL,17.98792004585266,0.8387078642845154,0.2622995972633362,12.009273767471313,0.5425887703895569,0.19360271096229553,26.868512630462646,14.363596439361572,0.49130597710609436,0.5660014748573303,18.445513248443604,0.8964260816574097,0.18925030529499054,17.840111255645752,0.8350940942764282,0.27591079473495483,0.96484375,0.21875,0.13957089185714722,0.07183837890625,0.114990234375,0.0020294189453125,3.410123268763224,0.26339811086654663,0.060455322265625,0.04264771565794945,0.26281067728996277,0.0065472424030303955,0.2725070118904114
obj_0137,113,layer_LHL,16.741268634796143,0.8466918468475342,0.2899443209171295,10.956676006317139,0.5113925337791443,0.24194173514842987,27.90811777114868,14.15493369102478,0.4901772141456604,0.5261011123657227,16.99808955192566,0.8950788974761963,0.2388501614332199,16.741268634796143,0.8466918468475342,0.2899443209171295,1.0,0.2392578125,0.20820394158363342,0.033203125,0.09527587890625,0.0019140243530273438,2.67130716641744,0.26104795932769775,0.055328369140625,0.09749115258455276,0.2100336253643036,0.005336526781320572,0.26141083240509033
obj_0138,114,layer_LHL,22.06460952758789,0.9007405042648315,0.15922170877456665,16.41363263130188,0.7153031229972839,0.1785908341407776,27.221145629882812,15.094144344329834,0.5737106800079346,0.7294438481330872,23.26850414276123,0.9469698667526245,0.12731842696666718,21.922669410705566,0.8989538550376892,0.1655767261981964,0.9635416666666666,0.24609375,0.42355334758758545,0.04180908203125,0.08526611328125,0.0017604827880859375,2.3250776131947837,0.2534704804420471,0.045623779296875,0.012834601104259491,0.14858193695545197,0.0037258786614984274,0.25022217631340027
obj_0139,115,layer_LHL,18.623321056365967,0.8570973873138428,0.3004308342933655,14.697643518447876,0.7283364534378052,0.24388691782951355,27.979846000671387,15.299370288848877,0.5544906854629517,0.7413777709007263,18.94973874092102,0.9019301533699036,0.2428559511899948,18.623321056365967,0.8570973873138428,0.3004308342933655,1.0,0.20703125,0.17546921968460083,0.0276947021484375,0.0650634765625,0.0012216567993164062,2.3822530110677085,0.25616517663002014,0.03924560546875,0.018269041553139687,0.1326534003019333,0.0024591863621026278,0.24646712839603424
obj_0140,116,layer_LHL,19.553695917129517,0.8842361569404602,0.187815323472023,12.582205533981323,0.574846088886261,0.13014303147792816,25.00385284423828,13.284621238708496,0.5113745331764221,0.6032108068466187,20.75511932373047,0.9388224482536316,0.12600985169410706,19.247982501983643,0.879573404788971,0.206395223736763,0.92578125,0.26513671875,0.2084735482931137,0.03497314453125,0.1297607421875,0.0018281936645507812,4.20344082514445,0.25645527243614197,0.10205078125,0.037731874734163284,0.24976295232772827,0.010040730237960815,0.26544108986854553
obj_0141,117,layer_LHL,22.872953414916992,0.8968669176101685,0.1458294838666916,16.909409761428833,0.6748459935188293,0.1477920264005661,27.165374755859375,13.893944025039673,0.5603382587432861,0.6918657422065735,24.464585781097412,0.9426037669181824,0.10843165963888168,22.70796537399292,0.8939518332481384,0.1551850587129593,0.9544270833333334,0.259765625,0.4521792232990265,0.04302978515625,0.107177734375,0.002414703369140625,2.860557715098063,0.26910200715065,0.058502197265625,0.014757178723812103,0.19165098667144775,0.00681772967800498,0.28021854162216187
obj_0142,118,layer_LHL,22.45671272277832,0.9019891023635864,0.18234172463417053,17.29453206062317,0.7399787306785583,0.1913234293460846,27.57270336151123,14.962509870529175,0.6006588339805603,0.7542299032211304,23.62725019454956,0.9455885291099548,0.1522286832332611,22.358763217926025,0.9008544087409973,0.18922273814678192,0.9739583333333334,0.255859375,0.4709060788154602,0.045318603515625,0.107177734375,0.00238800048828125,2.8554492791493735,0.2687907814979553,0.06573486328125,0.018736369907855988,0.12156036496162415,0.0033236374147236347,0.25740623474121094
obj_0143,119,layer_LHL,23.103067874908447,0.8883662223815918,0.1592981070280075,15.519535541534424,0.5408687591552734,0.1254499852657318,28.025031089782715,16.287227869033813,0.5744743943214417,0.5581661462783813,24.53949213027954,0.9424114227294922,0.12269843369722366,23.000988960266113,0.8871902823448181,0.16288793087005615,0.97265625,0.31298828125,0.31138378381729126,0.034515380859375,0.167236328125,0.004589080810546875,4.243091901143392,0.26074764132499695,0.102783203125,0.04469728097319603,0.24504156410694122,0.008914177305996418,0.26036062836647034
obj_0144,120,layer_LHL,18.65174174308777,0.8531044721603394,0.20901799201965332,12.035518884658813,0.4983222186565399,0.1780260056257248,24.923651218414307,13.206100463867188,0.4392455518245697,0.5242233276367188,19.591199159622192,0.9203578233718872,0.14590789377689362,18.553805351257324,0.8512111306190491,0.21550481021404266,0.9765625,0.25927734375,0.266834557056427,0.0246429443359375,0.1502685546875,0.0033817291259765625,4.024353981018066,0.2609538733959198,0.08428955078125,0.044480081647634506,0.3270147144794464,0.013628900982439518,0.30215367674827576
obj_0145,121,layer_LHL,18.93215537071228,0.8548370003700256,0.21075928211212158,10.460970401763916,0.36416512727737427,0.14582082629203796,25.845766067504883,12.09493637084961,0.4040239453315735,0.39382365345954895,19.79294180870056,0.9289957880973816,0.1474033147096634,18.615442514419556,0.8479129076004028,0.23146191239356995,0.92578125,0.2421875,0.27296221256256104,0.01102447509765625,0.2266845703125,0.0048370361328125,4.976504961649577,0.27039122581481934,0.132568359375,0.017786409705877304,0.47903671860694885,0.02125018835067749,0.3117027282714844
obj_0146,122,layer_LHL,16.985865831375122,0.8111374974250793,0.3582676947116852,12.01996922492981,0.5322158336639404,0.30875784158706665,26.216530799865723,12.757681608200073,0.4796397387981415,0.5447689294815063,17.369511127471924,0.8605594635009766,0.296455979347229,16.985865831375122,0.8111374974250793,0.3582676947116852,1.0,0.28564453125,0.19094038009643555,0.09442138671875,0.12188720703125,0.00351715087890625,3.201716581980387,0.27949318289756775,0.061981201171875,0.04090346395969391,0.21862481534481049,0.005960461217910051,0.27440181374549866
obj_0147,123,layer_LHL,20.199673175811768,0.8564693331718445,0.2418462187051773,15.152534246444702,0.6230870485305786,0.2147771269083023,26.632506847381592,15.62200665473938,0.5217692255973816,0.6384550929069519,20.99949598312378,0.9034000039100647,0.19172397255897522,20.199673175811768,0.8564693331718445,0.2418462187051773,1.0,0.2861328125,0.14087419211864471,0.0386962890625,0.1055908203125,0.002285003662109375,3.1338373819986978,0.2605302929878235,0.069091796875,0.025588808581233025,0.19479456543922424,0.004251335747539997,0.25397157669067383
obj_0148,124,layer_LHL,18.66399884223938,0.8569650053977966,0.26325735449790955,12.993378639221191,0.6534978747367859,0.20710891485214233,27.377657890319824,13.950176239013672,0.5358288288116455,0.6761471629142761,19.129981994628906,0.9062844514846802,0.22028078138828278,18.466956615447998,0.8528420925140381,0.27548250555992126,0.953125,0.22607421875,0.2607556879520416,0.0704345703125,0.1124267578125,0.001773834228515625,3.7055915196736655,0.25663918256759644,0.07757568359375,0.0882837250828743,0.21110756695270538,0.0057845995761454105,0.2667091488838196
obj_0149,125,layer_LHL,19.054490327835083,0.8491963148117065,0.2123471349477768,10.860602855682373,0.3255573511123657,0.15422673523426056,24.762532711029053,11.591943502426147,0.37042027711868286,0.3597275912761688,20.232722759246826,0.925182580947876,0.1509823203086853,18.637970685958862,0.838687002658844,0.23535272479057312,0.90234375,0.26708984375,0.275831013917923,0.025726318359375,0.25146484375,0.006500244140625,4.9725236892700195,0.27186277508735657,0.142578125,0.019589101895689964,0.5261200666427612,0.02702915668487549,0.3162422776222229
obj_0150,126,layer_LHL,20.457680225372314,0.872216522693634,0.23243266344070435,15.684758424758911,0.7186842560768127,0.17210626602172852,27.761123180389404,13.73086929321289,0.5356139540672302,0.7493889331817627,21.073808670043945,0.9199244379997253,0.18004834651947021,20.457680225372314,0.872216522693634,0.23243266344070435,1.0,0.22265625,0.251221239566803,0.018341064453125,0.09539794921875,0.0014295578002929688,2.7161595821380615,0.26974961161613464,0.055816650390625,0.01141293253749609,0.15140743553638458,0.0057334937155246735,0.2746817469596863
obj_0151,127,layer_LHL,20.304079055786133,0.885371744632721,0.19869500398635864,14.393441677093506,0.6747351884841919,0.20093734562397003,27.619800567626953,13.37047815322876,0.5945534110069275,0.6855399012565613,20.9836745262146,0.9272596836090088,0.17110681533813477,20.150651931762695,0.8828171491622925,0.2067682296037674,0.9622395833333334,0.26708984375,0.5627419352531433,0.04559326171875,0.11431884765625,0.0023288726806640625,3.193411668141683,0.272340327501297,0.059326171875,0.016640322282910347,0.19801324605941772,0.0073119597509503365,0.2692795395851135
obj_0152,128,layer_LHL,18.694581985473633,0.8710775375366211,0.28189000487327576,14.265419244766235,0.74146568775177,0.2223653942346573,27.987961769104004,15.03587007522583,0.5840047001838684,0.7605006694793701,19.04994010925293,0.9151812791824341,0.24085865914821625,18.694581985473633,0.8710775375366211,0.28189000487327576,1.0,0.19921875,0.23423972725868225,0.03326416015625,0.059234619140625,0.00101470947265625,2.5040805339813232,0.25193750858306885,0.0433349609375,0.020510096102952957,0.12837988138198853,0.002741163596510887,0.24506591260433197
obj_0153,129,layer_LHL,21.778275966644287,0.8718783259391785,0.16078253090381622,15.620062351226807,0.5501760244369507,0.1499050110578537,26.800668239593506,14.855982065200806,0.568080484867096,0.561100423336029,23.074638843536377,0.9191201329231262,0.12223614007234573,21.608693599700928,0.8678562641143799,0.1706656962633133,0.9544270833333334,0.265625,0.3201058506965637,0.033660888671875,0.12646484375,0.0029430389404296875,3.257476806640625,0.27016696333885193,0.06884765625,0.022151075303554535,0.2565097212791443,0.007533205207437277,0.27891767024993896
obj_0154,130,layer_LHL,19.686743021011353,0.8676350116729736,0.2421552687883377,14.055722951889038,0.6510697603225708,0.1519913524389267,27.176268100738525,16.10442876815796,0.5276315808296204,0.6776100397109985,20.322344303131104,0.9267323017120361,0.15353693068027496,19.47567582130432,0.8638796210289001,0.2563144564628601,0.94921875,0.19482421875,0.14435485005378723,0.0120697021484375,0.07244873046875,0.0016279220581054688,2.671186606089274,0.2628013789653778,0.04449462890625,0.02087997831404209,0.18021942675113678,0.0040034945122897625,0.2646503150463104
obj_0155,131,layer_LHL,16.21870517730713,0.8619157075881958,0.22658276557922363,8.746289014816284,0.44749778509140015,0.18486058712005615,27.24844455718994,11.641817092895508,0.49016430974006653,0.46427401900291443,16.513842344284058,0.9069111943244934,0.17785772681236267,16.113473176956177,0.8599026203155518,0.23710262775421143,0.9752604166666666,0.294921875,0.22532834112644196,0.0278778076171875,0.1544189453125,0.0031452178955078125,4.502658367156982,0.25382524728775024,0.10675048828125,0.016410458832979202,0.2920228838920593,0.008858039043843746,0.2916662096977234
obj_0156,132,layer_LHL,21.178171634674072,0.8753400444984436,0.2201194167137146,12.63426661491394,0.4558608829975128,0.1324922740459442,26.836106777191162,13.75500202178955,0.4642208516597748,0.48384684324264526,22.387244701385498,0.9441505074501038,0.1518242508172989,20.694375038146973,0.865864098072052,0.2433781772851944,0.88671875,0.279296875,0.2577628195285797,0.032684326171875,0.22509765625,0.004680633544921875,5.030812581380208,0.2648659646511078,0.134765625,0.07360956072807312,0.3750142455101013,0.01612662896513939,0.2904622554779053
obj_0157,133,layer_LHL,21.270031929016113,0.8757994174957275,0.17857664823532104,13.36735725402832,0.4860474169254303,0.12449825555086136,26.033992767333984,13.997842073440552,0.48013225197792053,0.5170169472694397,22.79294729232788,0.9455277323722839,0.10649225115776062,20.947895050048828,0.870263934135437,0.195953369140625,0.921875,0.27001953125,0.27861714363098145,0.020538330078125,0.201904296875,0.004283905029296875,4.524839560190837,0.2663997411727905,0.11090087890625,0.015471153892576694,0.34297722578048706,0.0127717899158597,0.27757376432418823
obj_0158,134,layer_LHL,16.958296298980713,0.8376598954200745,0.2700091302394867,11.07292652130127,0.509922444820404,0.24070769548416138,27.038447856903076,11.486445665359497,0.5128887295722961,0.5236736536026001,17.295682430267334,0.8828160166740417,0.23035264015197754,16.958296298980713,0.8376598954200745,0.2700091302394867,1.0,0.35302734375,0.3131079375743866,0.09039306640625,0.1488037109375,0.004230499267578125,3.536287705103556,0.27268722653388977,0.08795166015625,0.04372735321521759,0.2616086006164551,0.00792876910418272,0.28729140758514404
obj_0159,135,layer_LHL,20.1743483543396,0.847879946231842,0.24006955325603485,13.745349645614624,0.4658192992210388,0.16809770464897156,27.590155601501465,14.570657014846802,0.40979909896850586,0.48965394496917725,20.860159397125244,0.9032016396522522,0.16816842555999756,20.060765743255615,0.8452170491218567,0.2503301799297333,0.97265625,0.23486328125,0.10659181326627731,0.0062408447265625,0.1124267578125,0.00257110595703125,4.092921733856201,0.2663852572441101,0.08013916015625,0.017379337921738625,0.32187485694885254,0.01284603402018547,0.2693842947483063
obj_0160,136,layer_LHL,22.653520107269287,0.8984416127204895,0.17687171697616577,16.753275394439697,0.7286924719810486,0.13103190064430237,29.66341495513916,16.36329412460327,0.5891215205192566,0.749325156211853,23.389484882354736,0.9435581564903259,0.136797234416008,22.278144359588623,0.8936910033226013,0.1924118995666504,0.90625,0.21142578125,0.15323877334594727,0.007534027099609375,0.07611083984375,0.0011034011840820312,3.2356669108072915,0.2530897557735443,0.056396484375,0.004647601395845413,0.13656124472618103,0.002477447735145688,0.2472257912158966
obj_0161,137,layer_LHL,19.967645406723022,0.8933712840080261,0.16859596967697144,11.10793948173523,0.49424833059310913,0.12472918629646301,28.83739471435547,13.011995553970337,0.5401734113693237,0.5120764374732971,20.49720287322998,0.9429453015327454,0.1400151401758194,19.68281865119934,0.8901470899581909,0.18696483969688416,0.931640625,0.30322265625,0.479346364736557,0.025848388671875,0.1966552734375,0.0059356689453125,3.9216574827829995,0.26568591594696045,0.09954833984375,0.01782480627298355,0.29891592264175415,0.013170911930501461,0.27020254731178284
