source_path,archive_path,git_blob_oid,bytes,disposition,reason
geotex/cpu_texture_bake.py,1008/archive/branch_snapshots/round2-author-review-20260929/source_conflicts/geotex/cpu_texture_bake.py,7803c3bda93413e8d01fd6ff03fc0053890af418,30273,copied,
geotex/evaluate_cpu_bakes.py,1008/archive/branch_snapshots/round2-author-review-20260929/source_conflicts/geotex/evaluate_cpu_bakes.py,9178c279ad93666312bb1d995813582bd6dc57ce,8255,copied,
geotex/round2_main_eval.py,1008/archive/branch_snapshots/round2-author-review-20260929/source_conflicts/geotex/round2_main_eval.py,11d94af057237b8f8667ea51e74b9b7c4d9295eb,7588,copied,
geotex/runtime.py,1008/archive/branch_snapshots/round2-author-review-20260929/source_conflicts/geotex/runtime.py,c7d1445caeb575779d9d36c12f5065e74ac1a667,2297,copied,
geotex/stage_placement_eval.py,1008/archive/branch_snapshots/round2-author-review-20260929/source_conflicts/geotex/stage_placement_eval.py,3ccba739f8f38c6c4b1f2fdb87613199e5d41a1e,12193,copied,
release/round2_author_review_20260929/README.md,1008/archive/branch_snapshots/round2-author-review-20260929/release/round2_author_review_20260929/README.md,332dd3f18b2ab81a742670646790a4e57a0a638e,2733,copied,
release/round2_author_review_20260929/coordination/CLAIM_EVIDENCE_LEDGER.md,1008/archive/branch_snapshots/round2-author-review-20260929/release/round2_author_review_20260929/coordination/CLAIM_EVIDENCE_LEDGER.md,a5ae320f07c5efb0f6b85b5255e3971a84dfca21,7503,copied,
release/round2_author_review_20260929/coordination/DECISION_LOG.md,1008/archive/branch_snapshots/round2-author-review-20260929/release/round2_author_review_20260929/coordination/DECISION_LOG.md,51695eaddca4a9b7140ba91d23195df65acd5784,12012,copied,
release/round2_author_review_20260929/coordination/E0A_EVIDENCE_FREEZE_20260929.json,1008/archive/branch_snapshots/round2-author-review-20260929/release/round2_author_review_20260929/coordination/E0A_EVIDENCE_FREEZE_20260929.json,a3acf992a1afdf94591290d4edaa6fdcdf1a4c05,258486,copied,
release/round2_author_review_20260929/coordination/E0A_EVIDENCE_FREEZE_20260929.md,1008/archive/branch_snapshots/round2-author-review-20260929/release/round2_author_review_20260929/coordination/E0A_EVIDENCE_FREEZE_20260929.md,3fd315b875097f946d20bb0a0757e1360c20c774,2228,copied,
release/round2_author_review_20260929/coordination/E0A_STRICT276_METRICS_FROZEN.csv,1008/archive/branch_snapshots/round2-author-review-20260929/release/round2_author_review_20260929/coordination/E0A_STRICT276_METRICS_FROZEN.csv,6ed0c9a693dccdf72117f9f5cd61b2cc0f143c19,11170,copied,
release/round2_author_review_20260929/coordination/E0_B_AUDIT_20260929.md,1008/archive/branch_snapshots/round2-author-review-20260929/release/round2_author_review_20260929/coordination/E0_B_AUDIT_20260929.md,ab426e3d481ee8dc97199c1199635e683b37d270,13826,copied,
release/round2_author_review_20260929/coordination/E0_D_AUDIT_20260929.md,1008/archive/branch_snapshots/round2-author-review-20260929/release/round2_author_review_20260929/coordination/E0_D_AUDIT_20260929.md,874a3ed72ea6d7e9eec458812c0e090ddbb65a5f,11959,copied,
release/round2_author_review_20260929/coordination/E1_CLAIM_EVIDENCE_FREEZE_20260929.md,1008/archive/branch_snapshots/round2-author-review-20260929/release/round2_author_review_20260929/coordination/E1_CLAIM_EVIDENCE_FREEZE_20260929.md,ab3cbffc30854b99540f44af90d30bbdd2c6151e,5405,copied,
release/round2_author_review_20260929/coordination/E2_DELIVERY_ACCEPTANCE_20260929.md,1008/archive/branch_snapshots/round2-author-review-20260929/release/round2_author_review_20260929/coordination/E2_DELIVERY_ACCEPTANCE_20260929.md,4e9feb1961d5ae4bd482b9708a4b18d6807d18e5,3244,copied,
release/round2_author_review_20260929/coordination/EXPERT_NOVELTY_REVIEW_20260929.md,1008/archive/branch_snapshots/round2-author-review-20260929/release/round2_author_review_20260929/coordination/EXPERT_NOVELTY_REVIEW_20260929.md,2d810ba14594f2effdc7ff945246d88b511c9cc1,16360,copied,
release/round2_author_review_20260929/coordination/MAIN_ADAPTER_FINAL_HANDOFF.md,1008/archive/branch_snapshots/round2-author-review-20260929/release/round2_author_review_20260929/coordination/MAIN_ADAPTER_FINAL_HANDOFF.md,2cf5852bf07528c0f06c787336666123052478da,2714,copied,
release/round2_author_review_20260929/coordination/MAIN_ADAPTER_HANDOFF.md,1008/archive/branch_snapshots/round2-author-review-20260929/release/round2_author_review_20260929/coordination/MAIN_ADAPTER_HANDOFF.md,64b83150cbd9929588fc0ff07f9c9323fabd6033,2572,copied,
release/round2_author_review_20260929/coordination/MAIN_ADAPTER_RESULT_AUDIT.md,1008/archive/branch_snapshots/round2-author-review-20260929/release/round2_author_review_20260929/coordination/MAIN_ADAPTER_RESULT_AUDIT.md,ee967b86fb51342b9196e5987eec56a35ad0ea02,6168,copied,
release/round2_author_review_20260929/coordination/MASTER_STATUS.md,1008/archive/branch_snapshots/round2-author-review-20260929/release/round2_author_review_20260929/coordination/MASTER_STATUS.md,301718da34a8e6588ba0d531be09b000a8a1b85b,8389,copied,
release/round2_author_review_20260929/coordination/NEXT_REVISION_PLAN_20260929.md,1008/archive/branch_snapshots/round2-author-review-20260929/release/round2_author_review_20260929/coordination/NEXT_REVISION_PLAN_20260929.md,f579e77acf89756588c9104fb7478abee169a051,13312,copied,
release/round2_author_review_20260929/coordination/REVIEW_CONSTRAINTS.md,1008/archive/branch_snapshots/round2-author-review-20260929/release/round2_author_review_20260929/coordination/REVIEW_CONSTRAINTS.md,1b824c4a375feac9565388a1abed5ef9d00537af,5691,copied,
release/round2_author_review_20260929/coordination/ROUND2_STATUS.md,1008/archive/branch_snapshots/round2-author-review-20260929/release/round2_author_review_20260929/coordination/ROUND2_STATUS.md,4767926de8bc1be2b5dffdefac24a3e050adc4a7,1973,copied,
release/round2_author_review_20260929/coordination/STAGE_PLACEMENT_PROTOCOL.json,1008/archive/branch_snapshots/round2-author-review-20260929/release/round2_author_review_20260929/coordination/STAGE_PLACEMENT_PROTOCOL.json,c824417c010f133ee4a2940a927c200354e4af68,20217,copied,
release/round2_author_review_20260929/coordination/STAGE_PLACEMENT_RESULTS.md,1008/archive/branch_snapshots/round2-author-review-20260929/release/round2_author_review_20260929/coordination/STAGE_PLACEMENT_RESULTS.md,6d38b42c6ccf016823e0e30f52f88b76d6e0d013,1090,copied,
release/round2_author_review_20260929/coordination/paired_stage_comparisons.json,1008/archive/branch_snapshots/round2-author-review-20260929/release/round2_author_review_20260929/coordination/paired_stage_comparisons.json,136071dd01d4f755c397a3043b4ebea5ef8913fc,5207,copied,
release/round2_author_review_20260929/evidence/independent_validation/CLEAN_V2_PROVENANCE_AUDIT.json,1008/archive/branch_snapshots/round2-author-review-20260929/release/round2_author_review_20260929/evidence/independent_validation/CLEAN_V2_PROVENANCE_AUDIT.json,4c1d5d4587ae2f47b01a6bb4e67e487202ddc920,5196,copied,
release/round2_author_review_20260929/evidence/independent_validation/METRIC_IMPLEMENTATION_AUDIT.md,1008/archive/branch_snapshots/round2-author-review-20260929/release/round2_author_review_20260929/evidence/independent_validation/METRIC_IMPLEMENTATION_AUDIT.md,84a81b7e10afc6f0fa696d7009509f75d376292f,6674,copied,
release/round2_author_review_20260929/evidence/independent_validation/METRIC_RECOMPUTE_ALL.csv,1008/archive/branch_snapshots/round2-author-review-20260929/release/round2_author_review_20260929/evidence/independent_validation/METRIC_RECOMPUTE_ALL.csv,cae8066de8b9922947db003d37f8a4123a50b53b,18877,copied,
release/round2_author_review_20260929/evidence/independent_validation/METRIC_RECOMPUTE_SUMMARY.json,1008/archive/branch_snapshots/round2-author-review-20260929/release/round2_author_review_20260929/evidence/independent_validation/METRIC_RECOMPUTE_SUMMARY.json,9c7bae933e0786aef215b7e3f6a195738f220fa7,10156,copied,
release/round2_author_review_20260929/evidence/independent_validation/SSIM_ROOT_CAUSE_CROSSCHECK.csv,1008/archive/branch_snapshots/round2-author-review-20260929/release/round2_author_review_20260929/evidence/independent_validation/SSIM_ROOT_CAUSE_CROSSCHECK.csv,0bea6b91c2a59645e717b4d948ad1800c3446f52,14629,copied,
release/round2_author_review_20260929/evidence/independent_validation/SSIM_ROOT_CAUSE_CROSSCHECK.json,1008/archive/branch_snapshots/round2-author-review-20260929/release/round2_author_review_20260929/evidence/independent_validation/SSIM_ROOT_CAUSE_CROSSCHECK.json,dfd901370ad5383b499dc09590d6cb9ac02e45c4,2401,copied,
release/round2_author_review_20260929/evidence/independent_validation/SSIM_ROOT_CAUSE_CROSSCHECK.md,1008/archive/branch_snapshots/round2-author-review-20260929/release/round2_author_review_20260929/evidence/independent_validation/SSIM_ROOT_CAUSE_CROSSCHECK.md,ecf70e2b6e47f0fc93f2ab0b4e996f99cf60021d,2976,copied,
release/round2_author_review_20260929/evidence/main_adapter_baking/BAKE_STATIC_AUDIT.md,1008/archive/branch_snapshots/round2-author-review-20260929/release/round2_author_review_20260929/evidence/main_adapter_baking/BAKE_STATIC_AUDIT.md,d46bb1dd57c1a531608d05d3c0dde71835007487,2290,copied,
release/round2_author_review_20260929/evidence/main_adapter_baking/CPU_BAKE_PHASE2_REPORT.md,1008/archive/branch_snapshots/round2-author-review-20260929/release/round2_author_review_20260929/evidence/main_adapter_baking/CPU_BAKE_PHASE2_REPORT.md,cb4447675a1252955b1a23c37b28a8a9c9920086,4718,copied,
release/round2_author_review_20260929/evidence/main_adapter_baking/TABLE_VALIDITY_AND_RESULTS.md,1008/archive/branch_snapshots/round2-author-review-20260929/release/round2_author_review_20260929/evidence/main_adapter_baking/TABLE_VALIDITY_AND_RESULTS.md,fece497d31cf2c7c0b9f0d1ffbd5b207fe909108,3533,copied,
release/round2_author_review_20260929/evidence/main_adapter_baking/paired_statistics_c3_vs_baselines.json,1008/archive/branch_snapshots/round2-author-review-20260929/release/round2_author_review_20260929/evidence/main_adapter_baking/paired_statistics_c3_vs_baselines.json,f6e2dd551d48e6fbb08722f1f5001e1b8ea8c861,36125,copied,
release/round2_author_review_20260929/evidence/main_adapter_baking/protocol_audit.json,1008/archive/branch_snapshots/round2-author-review-20260929/release/round2_author_review_20260929/evidence/main_adapter_baking/protocol_audit.json,0a0a935318bfa7983fe52bacfebd227307773527,18737,copied,
release/round2_author_review_20260929/evidence/main_adapter_baking/selected_12_objects.csv,1008/archive/branch_snapshots/round2-author-review-20260929/release/round2_author_review_20260929/evidence/main_adapter_baking/selected_12_objects.csv,eaad439b35baaa9868f5fe6f3729c9cbc20a217d,3332,copied,
release/round2_author_review_20260929/evidence/main_adapter_clean_v2/CLEAN_V2_SOURCE_STRATIFIED_RESULTS.md,1008/archive/branch_snapshots/round2-author-review-20260929/release/round2_author_review_20260929/evidence/main_adapter_clean_v2/CLEAN_V2_SOURCE_STRATIFIED_RESULTS.md,efb00ea20edf9eda092457fd49c05866b677828d,1643,copied,
release/round2_author_review_20260929/evidence/main_adapter_clean_v2/FIXED_GT_SSIM_DECOMPOSITION.csv,1008/archive/branch_snapshots/round2-author-review-20260929/release/round2_author_review_20260929/evidence/main_adapter_clean_v2/FIXED_GT_SSIM_DECOMPOSITION.csv,df4b37cb07079c3e3497cac9a52f8f76d8b633ce,29632,copied,
release/round2_author_review_20260929/evidence/main_adapter_clean_v2/FIXED_GT_SSIM_DECOMPOSITION.json,1008/archive/branch_snapshots/round2-author-review-20260929/release/round2_author_review_20260929/evidence/main_adapter_clean_v2/FIXED_GT_SSIM_DECOMPOSITION.json,5a733c559ac818ae86f17a5dbfa2fb45d694fb8e,3012,copied,
release/round2_author_review_20260929/evidence/main_adapter_clean_v2/FIXED_GT_SSIM_DECOMPOSITION.md,1008/archive/branch_snapshots/round2-author-review-20260929/release/round2_author_review_20260929/evidence/main_adapter_clean_v2/FIXED_GT_SSIM_DECOMPOSITION.md,e6319babfc42c39a5d4e53072bb37a6968ec6543,1198,copied,
release/round2_author_review_20260929/evidence/main_adapter_clean_v2/FLOAT_PNG_SERIALIZATION_TRACE.md,1008/archive/branch_snapshots/round2-author-review-20260929/release/round2_author_review_20260929/evidence/main_adapter_clean_v2/FLOAT_PNG_SERIALIZATION_TRACE.md,262d0f4a72ad19e45c30bbd7ae7f950fe5243855,4365,copied,
release/round2_author_review_20260929/evidence/main_adapter_clean_v2/FULL_SSIM_FINAL_DECISION.md,1008/archive/branch_snapshots/round2-author-review-20260929/release/round2_author_review_20260929/evidence/main_adapter_clean_v2/FULL_SSIM_FINAL_DECISION.md,dbd6b6243d21066a84e21a9b0849be876235e909,2644,copied,
release/round2_author_review_20260929/evidence/main_adapter_clean_v2/MAIN_ADAPTER_CLEAN_V2_FINAL_AUDIT.md,1008/archive/branch_snapshots/round2-author-review-20260929/release/round2_author_review_20260929/evidence/main_adapter_clean_v2/MAIN_ADAPTER_CLEAN_V2_FINAL_AUDIT.md,2611e4a11f79ed71f46aa7fc5df9ce75b91ed7e5,9451,copied,
release/round2_author_review_20260929/evidence/main_adapter_clean_v2/clean_v2_provenance_300.csv,1008/archive/branch_snapshots/round2-author-review-20260929/release/round2_author_review_20260929/evidence/main_adapter_clean_v2/clean_v2_provenance_300.csv,9deb4e089960e45c947f1910512f1b9fb158be7e,87040,copied,
release/round2_author_review_20260929/evidence/main_adapter_clean_v2/exact_baking_cohort_manifest.csv,1008/archive/branch_snapshots/round2-author-review-20260929/release/round2_author_review_20260929/evidence/main_adapter_clean_v2/exact_baking_cohort_manifest.csv,9d28f0a573055f2559c9d38a87d026d4bebd69b4,8256,copied,
release/round2_author_review_20260929/evidence/main_adapter_clean_v2/main_adapter_clean_v2_strict276.csv,1008/archive/branch_snapshots/round2-author-review-20260929/release/round2_author_review_20260929/evidence/main_adapter_clean_v2/main_adapter_clean_v2_strict276.csv,13fe0410082c8fb4fa3b91f8deb0f3c0598c0878,670,copied,
release/round2_author_review_20260929/evidence/main_adapter_clean_v2/raw_metric_recheck_strict276.csv,1008/archive/branch_snapshots/round2-author-review-20260929/release/round2_author_review_20260929/evidence/main_adapter_clean_v2/raw_metric_recheck_strict276.csv,3ba5b72a65781e9447b6a673061d955de92fd73f,663,copied,
release/round2_author_review_20260929/evidence/main_adapter_clean_v2/source_stratified_results.json,1008/archive/branch_snapshots/round2-author-review-20260929/release/round2_author_review_20260929/evidence/main_adapter_clean_v2/source_stratified_results.json,6792c6d1d07acd9849415f388c38928cb5ccd217,33150,copied,
release/round2_author_review_20260929/evidence/main_adapter_clean_v2/texture_fidelity_table.csv,1008/archive/branch_snapshots/round2-author-review-20260929/release/round2_author_review_20260929/evidence/main_adapter_clean_v2/texture_fidelity_table.csv,f6096e7ccdb78b694cbd142092932238b025e7cf,476,copied,
release/round2_author_review_20260929/evidence/mv_adapter/BASE_MODEL_VERIFICATION.json,1008/archive/branch_snapshots/round2-author-review-20260929/release/round2_author_review_20260929/evidence/mv_adapter/BASE_MODEL_VERIFICATION.json,ef74d04e5fca7f1b57e0249268118a091c0d6991,1314,copied,
release/round2_author_review_20260929/evidence/mv_adapter/CALIBRATION_RESULT_FREEZE.json,1008/archive/branch_snapshots/round2-author-review-20260929/release/round2_author_review_20260929/evidence/mv_adapter/CALIBRATION_RESULT_FREEZE.json,2ac79dffe7b1d7ca00fbe6bfc0d46565c3d94b17,2397,copied,
release/round2_author_review_20260929/evidence/mv_adapter/GLB_RECOVERY_AUDIT.md,1008/archive/branch_snapshots/round2-author-review-20260929/release/round2_author_review_20260929/evidence/mv_adapter/GLB_RECOVERY_AUDIT.md,1e7ecc64e893e1282c806c8645e8a2cfa392d71d,6878,copied,
release/round2_author_review_20260929/evidence/mv_adapter/MV_ADAPTER_EQUAL_BUDGET_RESULTS.md,1008/archive/branch_snapshots/round2-author-review-20260929/release/round2_author_review_20260929/evidence/mv_adapter/MV_ADAPTER_EQUAL_BUDGET_RESULTS.md,6821f1b6c0d5c23f8898cf8ea04d3ccd5eed6b44,4452,copied,
release/round2_author_review_20260929/evidence/mv_adapter/MV_ADAPTER_EXACT_SCALE_AUDIT.md,1008/archive/branch_snapshots/round2-author-review-20260929/release/round2_author_review_20260929/evidence/mv_adapter/MV_ADAPTER_EXACT_SCALE_AUDIT.md,d3fb812284c237e06c7b3df11e11b21583b58597,2896,copied,
release/round2_author_review_20260929/evidence/mv_adapter/MV_ADAPTER_FINAL_INTERPRETATION.md,1008/archive/branch_snapshots/round2-author-review-20260929/release/round2_author_review_20260929/evidence/mv_adapter/MV_ADAPTER_FINAL_INTERPRETATION.md,08414be05b8ed568435c3ee8ce909c3b602c13df,7305,copied,
release/round2_author_review_20260929/evidence/mv_adapter/MV_ADAPTER_MATCHED_RANGE_RESULTS.md,1008/archive/branch_snapshots/round2-author-review-20260929/release/round2_author_review_20260929/evidence/mv_adapter/MV_ADAPTER_MATCHED_RANGE_RESULTS.md,df40b8bb17a2477b73d360d95cd9fa63d0f679f3,3252,copied,
release/round2_author_review_20260929/evidence/mv_adapter/MV_ADAPTER_PAIRED_COMPARISONS.json,1008/archive/branch_snapshots/round2-author-review-20260929/release/round2_author_review_20260929/evidence/mv_adapter/MV_ADAPTER_PAIRED_COMPARISONS.json,3a62d4b25e8025c04779d0df9e461eeb636705bd,39419,copied,
release/round2_author_review_20260929/evidence/mv_adapter/MV_ADAPTER_UNIFIED_RESULTS.csv,1008/archive/branch_snapshots/round2-author-review-20260929/release/round2_author_review_20260929/evidence/mv_adapter/MV_ADAPTER_UNIFIED_RESULTS.csv,747b055e67076b2a7a2c0ba07bdf52a8c59b83ec,2918,copied,
release/round2_author_review_20260929/evidence/mv_adapter/MV_ADAPTER_UNIFIED_RESULTS.md,1008/archive/branch_snapshots/round2-author-review-20260929/release/round2_author_review_20260929/evidence/mv_adapter/MV_ADAPTER_UNIFIED_RESULTS.md,2df46b712400e5604420d89b299bd24ce64f14b1,10855,copied,
release/round2_author_review_20260929/evidence/mv_adapter/REPRODUCE_MV_ADAPTER.md,1008/archive/branch_snapshots/round2-author-review-20260929/release/round2_author_review_20260929/evidence/mv_adapter/REPRODUCE_MV_ADAPTER.md,64dd76a40d563f6b11713b07bd7d09e7bd68e648,3977,copied,
release/round2_author_review_20260929/evidence/stage_placement_276_20260929/SERIALIZED_FULL_SSIM_STAGE_PLACEMENT.md,1008/archive/branch_snapshots/round2-author-review-20260929/release/round2_author_review_20260929/evidence/stage_placement_276_20260929/SERIALIZED_FULL_SSIM_STAGE_PLACEMENT.md,c90ca4c1b986ca2dbd92dd6db3b835e194f0e579,506,copied,
release/round2_author_review_20260929/evidence/stage_placement_276_20260929/per_object_c3_lhl.csv,1008/archive/branch_snapshots/round2-author-review-20260929/release/round2_author_review_20260929/evidence/stage_placement_276_20260929/per_object_c3_lhl.csv,cbb24f42b25ca064b92e65d9b60e2758e05f47f7,152476,copied,
release/round2_author_review_20260929/evidence/stage_placement_276_20260929/per_object_fixed_mean.csv,1008/archive/branch_snapshots/round2-author-review-20260929/release/round2_author_review_20260929/evidence/stage_placement_276_20260929/per_object_fixed_mean.csv,68f7b4df7862d76db218219d742fb23d5f9f8f41,153726,copied,
release/round2_author_review_20260929/evidence/stage_placement_276_20260929/per_object_hll.csv,1008/archive/branch_snapshots/round2-author-review-20260929/release/round2_author_review_20260929/evidence/stage_placement_276_20260929/per_object_hll.csv,c5897a0483fd752c8397750466c5e532e3e7049a,151997,copied,
release/round2_author_review_20260929/evidence/stage_placement_276_20260929/per_object_llh.csv,1008/archive/branch_snapshots/round2-author-review-20260929/release/round2_author_review_20260929/evidence/stage_placement_276_20260929/per_object_llh.csv,fd574574d839cc3f80d99a98facc575009b15c8d,151897,copied,
release/round2_author_review_20260929/evidence/stage_placement_276_20260929/per_object_metrics.csv,1008/archive/branch_snapshots/round2-author-review-20260929/release/round2_author_review_20260929/evidence/stage_placement_276_20260929/per_object_metrics.csv,e1c5c2d596844b00009eba5dcefc2ab9dd9c5b6d,608992,copied,
release/round2_author_review_20260929/evidence/stage_placement_276_20260929/serialized_full_ssim_paired_comparisons.json,1008/archive/branch_snapshots/round2-author-review-20260929/release/round2_author_review_20260929/evidence/stage_placement_276_20260929/serialized_full_ssim_paired_comparisons.json,f3c8e2062021b54b934ceba545058ad9956004d3,1801,copied,
release/round2_author_review_20260929/evidence/stage_placement_276_20260929/serialized_full_ssim_per_object.csv,1008/archive/branch_snapshots/round2-author-review-20260929/release/round2_author_review_20260929/evidence/stage_placement_276_20260929/serialized_full_ssim_per_object.csv,e7f479524fbeef31310cce94b250ba206e2aede6,236802,copied,
release/round2_author_review_20260929/manuscript/final_round2.pdf,1008/archive/branch_snapshots/round2-author-review-20260929/release/round2_author_review_20260929/manuscript/final_round2.pdf,f375a8336bdbb57956b938a149d0e78c86f64d51,2256574,copied,
release/round2_author_review_20260929/manuscript/final_round2.tex,1008/archive/branch_snapshots/round2-author-review-20260929/release/round2_author_review_20260929/manuscript/final_round2.tex,02f4e965ad6c54297ea46ea20ded1e132ada1b79,92925,copied,
release/round2_author_review_20260929/manuscript/response_letter_round2.md,1008/archive/branch_snapshots/round2-author-review-20260929/release/round2_author_review_20260929/manuscript/response_letter_round2.md,526358c5e42c71559ba0dda2e2c2d8c38bc98ed6,7670,copied,
release/round2_author_review_20260929/manuscript/supplementary_round2.pdf,1008/archive/branch_snapshots/round2-author-review-20260929/release/round2_author_review_20260929/manuscript/supplementary_round2.pdf,85d6a758c47c484a3e495bc443947cfc144c685d,134248,copied,
release/round2_author_review_20260929/manuscript/supplementary_round2.tex,1008/archive/branch_snapshots/round2-author-review-20260929/release/round2_author_review_20260929/manuscript/supplementary_round2.tex,e4152cb118ec95e611e404915304f9c380da14d0,8152,copied,
release/round2_author_review_20260929/protocol/PROTOCOL.json,1008/archive/branch_snapshots/round2-author-review-20260929/release/round2_author_review_20260929/protocol/PROTOCOL.json,e48efad5102905e07e20f93fad2d95cfc48f9e26,527,copied,
release/round2_author_review_20260929/protocol/README.md,1008/archive/branch_snapshots/round2-author-review-20260929/release/round2_author_review_20260929/protocol/README.md,1d40c32a62d1ec694f739e9ec0e5385f1cbd0616,1992,copied,
release/round2_author_review_20260929/protocol/TABLE_VALIDITY_AND_RESULTS.md,1008/archive/branch_snapshots/round2-author-review-20260929/release/round2_author_review_20260929/protocol/TABLE_VALIDITY_AND_RESULTS.md,5a25a2b27b276fffea958bb088823410e003f3f3,3077,copied,
release/round2_author_review_20260929/protocol/dataset_manifest.json,1008/archive/branch_snapshots/round2-author-review-20260929/release/round2_author_review_20260929/protocol/dataset_manifest.json,7977dbe66f40eff455a84166f55204a6aa0be3bc,2020,copied,
release/round2_author_review_20260929/protocol/probe_objects_24_clean_v2.txt,1008/archive/branch_snapshots/round2-author-review-20260929/release/round2_author_review_20260929/protocol/probe_objects_24_clean_v2.txt,82d6655bb83efe63b5e0049d3f8bcba1a6a8085d,888,copied,
release/round2_author_review_20260929/protocol/result_schema.json,1008/archive/branch_snapshots/round2-author-review-20260929/release/round2_author_review_20260929/protocol/result_schema.json,223a3fcadaea37e113aa55a9517f59065d6c64ae,815,copied,
release/round2_author_review_20260929/protocol/round2_eval_config_overlay.yaml,1008/archive/branch_snapshots/round2-author-review-20260929/release/round2_author_review_20260929/protocol/round2_eval_config_overlay.yaml,efff02bf11a7caa38b084953bde857c6b2c9cb83,229,copied,
release/round2_author_review_20260929/protocol/strict_holdout_objects_276_clean_v2.txt,1008/archive/branch_snapshots/round2-author-review-20260929/release/round2_author_review_20260929/protocol/strict_holdout_objects_276_clean_v2.txt,6ec38650c19403178a0c2b32355f0989d91e9a51,9259,copied,
release/round2_author_review_20260929/visuals/obj_0015_full_object_comparison.png,,346495432779a3e8e376bb24c3f02f079171f01b,911064,omitted,generated image panel/render omitted; source path and blob ID are recorded
release/round2_author_review_20260929/visuals/obj_0048_full_object_comparison.png,,86882cb20a4bf9cb465f49495182b410aea0fbba,826700,omitted,generated image panel/render omitted; source path and blob ID are recorded
release/round2_author_review_20260929/visuals/obj_0078_full_object_comparison.png,,496e688e75a8cc6cb92bbc01195ff39271a2454c,704667,omitted,generated image panel/render omitted; source path and blob ID are recorded
release/round2_author_review_20260929/visuals/obj_0082_full_object_comparison.png,,35f1ca5b201d233805daa2fd5576ec3a8d842986,735843,omitted,generated image panel/render omitted; source path and blob ID are recorded
