object,source_uid,target_view_count,interop_psnr,interop_fg_ssim,interop_edge_ssim,interop_fg_lpips,interop_ciede2000,interop_gt_relative_texture_error,protocol_role
obj_0024,eecbe65a172a475aa9fc21f4e412530a,6,12.452518542607626,0.3186388239264488,0.24845626453558603,0.20155381908019385,23.664554437001545,1.1129760911257047,MVDiffusion depth/text interop diagnostic
obj_0025,eedcc1ad568f41ba8540ed8e89bc5479,6,8.436522235472998,0.37583082417647046,0.18376266956329346,0.19108364234368005,40.03972339630127,1.1912036621333426,MVDiffusion depth/text interop diagnostic
obj_0026,eef01b5f8ab14e3d8304bf6b437f2760,6,11.49365117152532,0.633549173672994,0.21935211618741354,0.2454936827222506,24.85105037689209,0.8315250888938106,MVDiffusion depth/text interop diagnostic
obj_0027,ef3d9479093d4f8ca50c9788db9eaf50,6,6.936238159735997,0.2860861197113991,0.15977785487969717,0.30429252485434216,40.99138641357422,0.7283098848308658,MVDiffusion depth/text interop diagnostic
obj_0028,ef76282850be4509b0a0d54453e5b324,6,10.097581446170807,0.1516504796842734,0.19383487602074942,0.1589860493938128,29.493237177530926,1.4691888485610527,MVDiffusion depth/text interop diagnostic
obj_0029,ef9493fe1120496495ae7a9407eb0951,6,12.38012045621872,0.2903008895615737,0.3352733142673969,0.11675044056028128,25.911911010742188,3.266738535017216,MVDiffusion depth/text interop diagnostic
obj_0030,efd1e09f4a2f4fa9b0ed0122d77d1e6e,6,10.090719759464264,0.27172816544771194,0.19113407532374063,0.19209310660759607,29.12195618947347,0.6657257543596398,MVDiffusion depth/text interop diagnostic
obj_0031,eff549610fee4f20904f7b388a3a0830,6,10.827614565690359,0.1433793387065331,0.18691214422384897,0.11006644740700722,24.58742396036784,0.9180003682818437,MVDiffusion depth/text interop diagnostic
obj_0032,effd25a508d7400b96da30391db448e6,6,9.726621409257254,0.2592781335115433,0.16545876612265906,0.3567817310492198,31.945753415425617,0.9435305580352215,MVDiffusion depth/text interop diagnostic
obj_0033,f09c68b9bcc747e68a5021d7789d6e4d,6,7.110511660575867,0.29902468621730804,0.1693312202890714,0.16178210328022638,48.423179626464844,1.1826611593674865,MVDiffusion depth/text interop diagnostic
obj_0034,f0b7fdaaacd2473f877f62f350a766a5,6,9.642312824726105,0.15948723629117012,0.15672951936721802,0.16406360268592834,34.54176473617554,0.7762648668025581,MVDiffusion depth/text interop diagnostic
obj_0035,f0c2b3a028e340b5a3167cd79d98979e,6,8.805095255374908,0.27124381562074024,0.19268469015757242,0.22018557786941528,37.22700277964274,1.0191579940657125,MVDiffusion depth/text interop diagnostic
obj_0036,f0da8751cb0f436ea106a2088a5179e7,6,10.120253562927246,0.41004174451033276,0.2480191538731257,0.18070323765277863,28.697124481201172,1.018424534269257,MVDiffusion depth/text interop diagnostic
obj_0037,f0ef4adc17ee4929b40e894c608061ea,6,10.519019911686579,0.24542186222970486,0.13286562884847322,0.21282934645811716,31.60093402862549,1.1776120367411018,MVDiffusion depth/text interop diagnostic
obj_0038,f1d9357b-e4dc-5795-8f21-83f1fd367732,6,13.664904634157816,0.7600046992301941,0.3077491596341133,0.17658202598492304,15.123736222585043,1.9963239460367903,MVDiffusion depth/text interop diagnostic
obj_0039,f1ec3599a75941b1ba52d8bee4f32ab0,6,7.077655990918477,0.4014776398738225,0.20574234426021576,0.28739504267772037,36.305359522501625,0.5931171329646544,MVDiffusion depth/text interop diagnostic
obj_0040,f257c97cdeff438fb6a24c9924db71fc,6,7.793239951133728,0.3999967724084854,0.19789162774880728,0.2134489839275678,35.71869309743246,0.9966816187154591,MVDiffusion depth/text interop diagnostic
obj_0041,f266cfb9baab4f7390c08724aea78b5b,6,7.355993489424388,0.2725185652573903,0.16514563063780466,0.3931807478268941,43.25992997487386,1.0752371642183027,MVDiffusion depth/text interop diagnostic
obj_0042,f30973a5e4894bf09064e4d78b278a2c,6,9.607448279857635,0.28658267110586166,0.18155000731348991,0.18186160425345102,30.891318321228027,0.6643756091160508,MVDiffusion depth/text interop diagnostic
obj_0043,f320bd39d30e4e3d81562953796bbf85,6,7.9030852516492205,0.342268039782842,0.13945430144667625,0.3016815409064293,34.79568640391032,0.8447644038800363,MVDiffusion depth/text interop diagnostic
obj_0044,f38944bdd22b45b5aad63ea553b2d8f2,6,11.714183886845907,0.1848720833659172,0.1722405677040418,0.1603922819097837,30.024006843566895,1.1183318107691413,MVDiffusion depth/text interop diagnostic
obj_0045,f3c09183979240288d33e6e989d89882,6,11.629246175289154,0.26592182988921803,0.16423843304316202,0.2045196145772934,27.291908423105877,1.281506460749123,MVDiffusion depth/text interop diagnostic
obj_0046,f3f9a46fd3b3482c9cdc9df373760374,6,7.591688285271327,0.21762142019967237,0.10240487630168597,0.19220189626018205,43.48421080907186,0.9206997207571218,MVDiffusion depth/text interop diagnostic
obj_0047,f414b8aac0754a3db8d678ef6470db65,6,9.092312157154083,0.2311897948384285,0.18426383783419928,0.17223742604255676,36.110114415486656,0.678510000410237,MVDiffusion depth/text interop diagnostic
obj_0048,f41b5880-69c0-5c0e-846f-f631250acde3,6,11.95567270119985,0.3985765849550565,0.2134774625301361,0.175226961572965,23.29171895980835,1.2598100393358136,MVDiffusion depth/text interop diagnostic
obj_0049,f41e8f481c53484187cec67bb1083726,6,9.655753076076508,0.2817922756075859,0.1843927800655365,0.2273040513197581,29.02901808420817,0.6408249347547129,MVDiffusion depth/text interop diagnostic
obj_0050,f42f0a645b50450db016be0a300e4656,6,11.384594142436981,0.0856398877998193,0.12209290886918704,0.11641927311817805,30.19519869486491,1.044266374381782,MVDiffusion depth/text interop diagnostic
obj_0051,f46ed5762dbe4ff889b6a4b7566c5037,6,10.401064654191336,0.2400537890692552,0.15427145175635815,0.35196543484926224,27.086976687113445,1.287843422241014,MVDiffusion depth/text interop diagnostic
obj_0052,f486a170b8954c4cb225265092060d2e,6,13.666001558303833,0.3366468201080958,0.2806763102610906,0.14981258660554886,19.012851079305012,1.2866166124640057,MVDiffusion depth/text interop diagnostic
obj_0053,f49a08efb8a544efb98d4d806b0d1c27,6,9.843563338120779,0.38142003615697223,0.18688435852527618,0.1992885172367096,30.766201655069988,0.5634700417870921,MVDiffusion depth/text interop diagnostic
obj_0054,f49b18b0-4668-569f-84a7-4338339bf65d,6,11.792531907558441,0.6162341137727102,0.3299204806486766,0.20076478024323782,23.18640200297038,1.2099262847573458,MVDiffusion depth/text interop diagnostic
obj_0055,f4d7ceb2804149d7b847de9964fc738e,6,9.81893221537272,0.21148035178581873,0.1684985210498174,0.1616576761007309,29.706438700358074,0.7014829712716688,MVDiffusion depth/text interop diagnostic
obj_0056,f509ef30f41748dcae356758aea9089e,6,3.3870563407739005,0.20758307228485742,0.15096373483538628,0.3259958028793335,61.24863052368164,1.1300378983234365,MVDiffusion depth/text interop diagnostic
obj_0057,f5264be0a5a24290b2c3563b7d563616,6,7.6534320910771685,0.26652825375398,0.22751523305972418,0.26787442962328595,45.04823684692383,0.905536929003573,MVDiffusion depth/text interop diagnostic
obj_0058,f53637e885f249788f563732eb2015e6,6,9.88870511452357,0.23568237821261087,0.20904582738876343,0.15040501579642296,31.78358745574951,0.9699602865320878,MVDiffusion depth/text interop diagnostic
obj_0059,f5b73e33b87644a697daea7b02102958,6,6.3420552015304565,0.3487757047017415,0.1990984839697679,0.3049893031517665,40.923666636149086,0.5372699262807783,MVDiffusion depth/text interop diagnostic
obj_0060,f5e6108aa95544d5bfd2c030b783c523,6,10.709173182646433,0.3766448547442754,0.24665905286868414,0.2251247987151146,27.641004244486492,0.622801067940884,MVDiffusion depth/text interop diagnostic
obj_0061,f5fb519d1e8e4fc8b599714ecd344d72,6,7.619267602761586,0.16173731287320456,0.125063336143891,0.21717883894840875,41.29626146952311,0.8046527918006879,MVDiffusion depth/text interop diagnostic
obj_0062,f63daf968be34047bc513feb756b5828,6,6.934756586949031,0.22452714294195175,0.19287272294362387,0.16486875712871552,41.72386519114176,0.5293336485500274,MVDiffusion depth/text interop diagnostic
obj_0063,f6b76042dd444cd395b76fc73e2f22b5,6,9.773294031620026,0.23450686285893121,0.19873903940121332,0.24393613760670027,27.224369049072266,1.3667967587402066,MVDiffusion depth/text interop diagnostic
obj_0064,f7186597c70646e484ec53a78fc59894,6,7.244352499643962,0.37046023706595105,0.2534740815560023,0.21212923030058542,39.04828198750814,0.6926212810853246,MVDiffusion depth/text interop diagnostic
obj_0065,f72bdc6ca4954532a6d3ab03cb40f3db,6,11.633193492889404,0.2991339738170306,0.21135403091708818,0.19679569701353708,26.227835337320965,1.090071978933681,MVDiffusion depth/text interop diagnostic
obj_0066,f74207ca-8dd4-50f8-b0fd-eea2eac89270,6,11.920907298723856,0.5750957479079565,0.29600801815589267,0.26626017441352207,20.6022211710612,2.45209967046653,MVDiffusion depth/text interop diagnostic
obj_0067,f767e0ca9ab6491d9172f68d05c2ba55,6,7.146445115407308,0.3672841389973958,0.18530181298653284,0.24495695034662882,34.048041025797524,0.6615384502143301,MVDiffusion depth/text interop diagnostic
obj_0068,f79d049c-b5aa-554e-aeff-c315e64d034b,6,11.810162663459778,0.5936476935942968,0.364094282190005,0.16367053364713988,20.415605386098225,1.166182274846962,MVDiffusion depth/text interop diagnostic
obj_0069,f7e2456a807b4452b0602c9eb48d3668,6,8.946713407834372,0.10176655153433482,0.139113150537014,0.21186104168494543,35.34065628051758,1.8099026696871443,MVDiffusion depth/text interop diagnostic
obj_0071,f8016f7ec0024cabaf06d1f6d15ac65e,6,10.90331902106603,0.13046229320267835,0.16557529320319495,0.10353433154523373,32.17703421910604,1.427438440793047,MVDiffusion depth/text interop diagnostic
obj_0072,f84886c899764d629dc89e3c8564d72b,6,12.167233427365622,0.6664798309405645,0.19505095481872559,0.32645555833975476,24.636640866597492,0.663029597052866,MVDiffusion depth/text interop diagnostic
obj_0073,f86788d97a9f479f80efc227a43f4b1f,6,11.716900716225306,0.1393784030030171,0.136327987536788,0.17744487586120763,25.217331727345783,0.877448833052097,MVDiffusion depth/text interop diagnostic
obj_0074,f88382f18b934826bc8d06c8d862fbb9,6,10.652905305226644,0.4429081777731578,0.1965986912449201,0.22229341665903726,30.56210231781006,0.644091368472716,MVDiffusion depth/text interop diagnostic
obj_0075,f8d2af8d4b2848c4bb1db77920197110,6,6.541932274897893,0.08171631892522176,0.08707551844418049,0.2135162502527237,44.579359690348305,1.2271635488168025,MVDiffusion depth/text interop diagnostic
obj_0076,f93983d6ecf44f40b096b71a63e06e3e,6,11.627072393894196,0.26909441749254864,0.17687876025835672,0.14559637506802878,28.44258912404378,0.43587406261488754,MVDiffusion depth/text interop diagnostic
obj_0077,f9535215f5144d6ca6e844f31d28dcc7,6,9.109845459461212,0.47490132848421734,0.18724056084950766,0.28300844381252926,32.378941218058266,0.9396345130536291,MVDiffusion depth/text interop diagnostic
obj_0078,f979eb16-0223-54c9-bb01-a2fb908a0ea5,6,10.522030492623648,0.3769500404596329,0.33107497294743854,0.09264577428499858,25.446962197621662,1.2718473166112438,MVDiffusion depth/text interop diagnostic
obj_0079,f9ac1cc416a24c47a980df4d3ad8f514,6,9.571476777394613,0.31047603487968445,0.14109968145688376,0.2896094173192978,32.67721939086914,1.1063917333840638,MVDiffusion depth/text interop diagnostic
obj_0080,f9bef8d737af4f80a33616d7ba49b2ca,6,6.248453309138616,0.18459952746828398,0.1759777491291364,0.18377147366603216,49.65430196126302,0.9687822487280155,MVDiffusion depth/text interop diagnostic
obj_0081,f9cc5f021c044a25b2c89029448d9602,6,6.5175071855386095,0.23108859608570734,0.16456715886791548,0.14113365982969603,45.747554779052734,0.39180378281339334,MVDiffusion depth/text interop diagnostic
obj_0082,fa0ecf81-8069-59fc-bda2-7a734833388b,6,8.455509344736734,0.4544837425152461,0.3391120955348015,0.1025967001914978,31.76249885559082,1.157147143431814,MVDiffusion depth/text interop diagnostic
obj_0083,fa19ccee-da9b-5b19-9b9d-f67548eb10ed,6,10.37900318702062,0.5182958294947942,0.23997679601113,0.2090963969628016,23.071640332539875,0.7009367199148917,MVDiffusion depth/text interop diagnostic
obj_0084,fa600041decf4d47ab5c8e4c36e82284,6,9.423943956693014,0.13011784479022026,0.11678395296136539,0.15178382024168968,43.62404410044352,1.4608473324605467,MVDiffusion depth/text interop diagnostic
obj_0085,fac80ddedbe24f289527c8e4f759d003,6,14.163511196772257,0.4108571211496989,0.26354577392339706,0.15984292576710382,21.63228480021159,0.6577920189271269,MVDiffusion depth/text interop diagnostic
obj_0086,fad0fc53450c43ceb7ea12db8008cbf0,6,12.70597537358602,0.23265770201881728,0.19084506233533224,0.1314795563618342,21.018741607666016,1.5765118939907392,MVDiffusion depth/text interop diagnostic
obj_0087,faf4ccac6fb44f6789561afa99a4b7e6,6,12.238587935765585,0.33219214777151745,0.22648471593856812,0.12047021090984344,24.43123483657837,1.1494725586467767,MVDiffusion depth/text interop diagnostic
obj_0088,fb0e9f294446465583516faf36e6767b,6,10.002316931883493,0.292396975060304,0.16966848572095236,0.13294189671675363,30.41726811726888,1.716729313007563,MVDiffusion depth/text interop diagnostic
obj_0089,fb470c22efb24214829eaff4d65fef02,6,12.717212438583374,0.25409037123123807,0.1809759164849917,0.1310466080904007,29.90611680348714,0.9072021333395245,MVDiffusion depth/text interop diagnostic
obj_0090,fb669d51b8eb43969e0c07285f772f01,6,11.798885862032572,0.27910233785708743,0.17702418814102808,0.15856512387593588,30.317081133524578,1.6984883805152682,MVDiffusion depth/text interop diagnostic
obj_0091,fbd54cf97a2a4354a8d7a8ceb00faf27,6,12.802016337712606,0.4291297098000844,0.19744413966933885,0.37568482011556625,24.121102333068848,1.753695147474511,MVDiffusion depth/text interop diagnostic
obj_0092,fbfe002d0ec34a819046c78493ae0178,6,13.447430034478506,0.3868308439850807,0.2029332493742307,0.12036335964997609,27.812120119730633,1.261162708378215,MVDiffusion depth/text interop diagnostic
obj_0093,fc28c7110c15496dbe05d9cff4ba6a21,6,11.486902634302774,0.36755400399367016,0.21769415587186813,0.17820108433564505,29.32515748341878,0.6508956825023715,MVDiffusion depth/text interop diagnostic
obj_0094,fc2efa48cfb944ebb055f040dd4d3a14,6,10.348579784234365,0.3190377006928126,0.18994833653171858,0.28908828149239224,27.124478975931805,0.9502454712607417,MVDiffusion depth/text interop diagnostic
obj_0095,fca01409374441619292c5c397f3ca16,6,7.497660319010417,0.23416193077961603,0.16578476130962372,0.19746464863419533,47.499755859375,1.150378840972467,MVDiffusion depth/text interop diagnostic
obj_0096,fce3d47b8a6b4f8ea3e727af33f5d3af,6,11.256675124168396,0.4196122537056605,0.27979592482248944,0.12750929842392603,28.31380812327067,1.2685557469936,MVDiffusion depth/text interop diagnostic
obj_0097,fd19033428694bb5a1999754635f2e4d,6,11.72740270694097,0.13890050103267035,0.16332748035589853,0.09298102433482806,21.711401621500652,1.0683432378243403,MVDiffusion depth/text interop diagnostic
obj_0098,fd3417f969ca4256bfdb1125f32b9daf,6,9.504384597142538,0.3036333844065666,0.1648454194267591,0.3619080036878586,31.59566815694173,0.8691585558630112,MVDiffusion depth/text interop diagnostic
obj_0099,fd6eb6cff0a44166a4d57a7287182a41,6,11.27979705731074,0.3910927325487137,0.2010292336344719,0.18905721853176752,30.950911204020183,0.8158013845176355,MVDiffusion depth/text interop diagnostic
