metric,uid,deep_middle_42,deep_middle_43,deep_middle_44,shallow_42,shallow_43,shallow_44,interaction_42,interaction_43,interaction_44,deep_middle_seed_averaged,shallow_seed_averaged,interaction_seed_averaged
fg_lpips,0015eb3cf53b4339b2d0532cf912ab26,-0.003974363207817078,-0.000971473753452301,-0.0016977787017822266,0.0035979747772216797,-0.009272374212741852,-0.0005111545324325562,0.00045013427734375,0.004468485713005066,0.0038662850856781006,-0.002214538554350535,-0.0020618513226509094,0.002928301692008972
fg_lpips,0029e901155f414696aa6b470cbe40d4,0.002129681408405304,-0.009430207312107086,-0.002347685396671295,-0.001319490373134613,-0.0024238750338554382,-0.00928577035665512,-0.005717471241950989,-0.0036057382822036743,-0.006115153431892395,-0.0032160704334576926,-0.00434304525454839,-0.005146120985349019
fg_lpips,0047b3f31cc844d2bfe8e59820b87312,0.004770271480083466,0.000987812876701355,-0.0006154477596282959,-0.003982670605182648,-0.00012192130088806152,-0.0017886161804199219,-0.0019259899854660034,0.002200186252593994,-0.0029293596744537354,0.0017142121990521748,-0.001964402695496877,-0.0008850544691085815
fg_lpips,0053d2ac9bc14142bffaa42593c00a8a,-0.004173144698143005,-0.01826462894678116,-0.010429255664348602,0.010195210576057434,0.006286390125751495,0.0059576258063316345,0.002317875623703003,0.0011816173791885376,0.005285724997520447,-0.010955676436424255,0.007479742169380188,0.002928406000137329
fg_lpips,005ee892a99b4ae8a26bb1c8123fdd80,-0.008234422653913498,-0.00822998583316803,-0.004282311536371708,0.017584536224603653,0.019944339990615845,0.008839189074933529,-0.0084991455078125,-0.005574844777584076,-0.002497239038348198,-0.006915573341151078,0.015456021763384342,-0.005523743107914925
fg_lpips,006ce7ce9e1b45558fe805882a705991,-0.008729904890060425,-0.027873367071151733,-0.0011186152696609497,0.00139695405960083,-0.00890660285949707,-0.0010792165994644165,-0.0016167163848876953,0.0063266754150390625,-0.001541048288345337,-0.012573962410291037,-0.0028629551331202188,0.00105630358060201
fg_lpips,007ced0c381749a394866f5fa71fd303,-0.009096197783946991,-0.0031805112957954407,-0.005364812910556793,-0.001760326325893402,-0.0034625306725502014,-0.00608343631029129,-0.0019401460886001587,-0.00037135183811187744,-0.003033563494682312,-0.005880507330099742,-0.0037687644362449646,-0.0017816871404647827
fg_lpips,00a1d892548542c7ab83565070737d6b,0.004373669624328613,0.004299581050872803,0.0027789324522018433,-0.009735584259033203,-0.007723808288574219,-0.007501974701881409,0.0041487812995910645,0.007145524024963379,0.00495263934135437,0.0038173943758010864,-0.00832045574982961,0.0054156482219696045
fg_lpips,00a69ec5e0cb4e1b9c6d6285bde5de3e,-0.00091581791639328,0.0022308900952339172,-0.0007901191711425781,0.00030966848134994507,-0.0031239017844200134,0.0034707337617874146,0.0038648396730422974,0.0018377453088760376,0.0020940005779266357,0.00017498433589935303,0.0002188334862391154,0.0025988618532816568
fg_lpips,00a776f578304cce8c096fc0034582ef,-0.005287870764732361,-0.0022397711873054504,-0.0010204017162322998,0.008982494473457336,0.004530884325504303,0.00519154965877533,0.001294255256652832,-0.0035360008478164673,0.005121797323226929,-0.0028493478894233704,0.00623497615257899,0.0009600172440210978
fg_lpips,00bc54b70fea4c94bf54bdb4d041522c,-0.010398119688034058,-0.02136387676000595,-0.012317933142185211,0.008340433239936829,0.009290806949138641,0.006748475134372711,-0.00869259238243103,-0.0011187940835952759,-0.010938093066215515,-0.014693309863408407,0.008126571774482727,-0.00691649317741394
fg_lpips,00c01670fa9545fc82e1fbfb9f70a259,0.002782091498374939,-0.007789649069309235,0.00023055076599121094,-0.010930493474006653,-0.01953781396150589,-0.014731928706169128,-0.0038923919200897217,0.002176240086555481,0.00012931227684020996,-0.0015923356016476948,-0.015066745380560556,-0.0005289465188980103
fg_lpips,00c1673e7c8e4c2fbc0c9a1084acc067,-0.027324974536895752,-0.03486788272857666,-0.01727135479450226,0.01863279938697815,0.008581340312957764,0.01750330626964569,-0.0007107257843017578,0.003032088279724121,-0.009045779705047607,-0.026488070686658222,0.014905815323193869,-0.0022414724032084146
fg_lpips,00d319b11c2c41c6b9a36287abf6922e,-0.00710698589682579,-0.006910480558872223,-0.009411532431840897,0.013540159910917282,0.0035816803574562073,0.01316053792834282,-0.005196906626224518,0.0005700737237930298,-0.0004336163401603699,-0.007809666295846303,0.010094126065572103,-0.001686816414197286
fg_lpips,00d9bd8bee204fe3a42c320ce24a32fd,0.019078709185123444,0.002501249313354492,0.008367881178855896,-0.011631615459918976,-0.01320868730545044,-0.001823708415031433,0.004340901970863342,0.004664957523345947,0.0029653608798980713,0.009982613225777945,-0.008888003726800283,0.003990406791369121
fg_lpips,00db57d6cb5540089860f0de1d2c643d,-0.00996445119380951,-0.010590188205242157,-0.006779901683330536,0.019896894693374634,0.016092441976070404,0.022497110068798065,-0.0007838904857635498,-0.0023549944162368774,-0.004045411944389343,-0.009111513694127401,0.019495482246081035,-0.002394765615463257
fg_lpips,00ddbd37e24c43569cb77919361bfaa9,0.0003541037440299988,-0.0017141550779342651,0.0005004927515983582,-0.005176059901714325,-0.0026297569274902344,0.0013126656413078308,0.0025381743907928467,0.000979006290435791,0.0024590492248535156,-0.00028651952743530273,-0.0021643837292989096,0.0019920766353607178
fg_lpips,00e99d9188c64441b8ae7a3f73f37164,-0.015252120792865753,-0.013152264058589935,-0.01283101737499237,0.027196623384952545,0.022323839366436005,0.027255520224571228,0.0034985095262527466,-0.0015840381383895874,-0.0005387663841247559,-0.013745134075482687,0.025591994325319927,0.0004585683345794678
fg_lpips,00ed0007c9c84409adb2e257fad235d1,-0.01852107048034668,-0.018785834312438965,-0.026672489941120148,0.02613590657711029,0.022303283214569092,0.03845537453889847,0.005110323429107666,-0.002213031053543091,-0.005212560296058655,-0.02132646491130193,0.028964854776859283,-0.0007717559734980265
fg_lpips,00fd070ec367496582cb9410fb8d84a2,-0.00939108431339264,-0.010016828775405884,-0.006599053740501404,0.020957455039024353,0.021581217646598816,0.019081518054008484,-0.0015931427478790283,-0.004733085632324219,-0.0008685886859893799,-0.008668988943099976,0.020540063579877216,-0.0023982723553975425
fg_lpips,01052f325d2a4422bf1dea6567d78347,-0.018938258290290833,-0.0017580986022949219,-0.0284530371427536,0.0009115487337112427,0.0023859143257141113,-0.000219687819480896,-0.00027635693550109863,0.0075664520263671875,0.008436232805252075,-0.016383131345113117,0.001025925079981486,0.005242109298706055
fg_lpips,0118607beaed4571b94615a611bab570,-0.00683102011680603,-0.0023144781589508057,-0.005089007318019867,0.006830096244812012,0.007214009761810303,0.008476220071315765,0.0003288388252258301,-0.004075407981872559,-0.0021816641092300415,-0.004744835197925568,0.007506775359312694,-0.001976077755292257
fg_lpips,011a2229b2f949ffaac35b39e9ee9d78,-0.00961342453956604,-0.005915738642215729,-0.008652441203594208,0.008462995290756226,0.0022784993052482605,0.005390040576457977,-0.0012547969818115234,-0.0023236721754074097,-0.0013413578271865845,-0.008060534795125326,0.005377178390820821,-0.0016399423281351726
fg_lpips,013c9572481f47a3adb59c76a934e1e4,0.0040125176310539246,-0.004804112017154694,0.0023475512862205505,-0.00824999064207077,-0.004780866205692291,-0.008963160216808319,-0.00187663733959198,0.002883926033973694,-0.0016991347074508667,0.0005186523000399271,-0.007331339021523793,-0.00023061533768971762
fg_lpips,0157b39c4b434ceba885ddace4f5b9bd,0.004853740334510803,0.008714273571968079,0.008116081357002258,-0.01334865391254425,-0.021885082125663757,-0.0184442400932312,0.0048532187938690186,0.0008023679256439209,0.004912614822387695,0.007228031754493713,-0.017892658710479736,0.0035227338473002114
fg_lpips,015c200ce786438c8e35ddf635d1e236,0.0007354393601417542,-0.0005576387047767639,-0.0001550614833831787,-0.006646923720836639,-0.005944065749645233,-0.0037690699100494385,0.0018024295568466187,0.003403887152671814,-0.0006946325302124023,7.579723993937175e-06,-0.00545335312684377,0.0015038947264353435
fg_lpips,018487b190aa472caf198b265a3b4d61,-0.0069837868213653564,-0.0034142062067985535,-0.005558952689170837,0.014136195182800293,0.012128658592700958,0.014563411474227905,-0.0022856593132019043,0.00011403858661651611,-0.0001391768455505371,-0.005318981905778249,0.01360942174990972,-0.0007702658573786417
fg_lpips,019cdc2fe9da4327aa8d617401d8189b,-0.00143461674451828,-0.0021944865584373474,-0.0013502761721611023,-0.0011134371161460876,0.0011887475848197937,0.0012172237038612366,-0.0009262412786483765,-0.0019973069429397583,-0.002751484513282776,-0.0016597931583722432,0.0004308447241783142,-0.0018916775782903035
fg_lpips,01a4a9aa5dfc4436891849a88f2e99e7,-0.0258585587143898,-0.017835408449172974,-0.022702530026435852,0.03245014697313309,0.013727277517318726,0.02750420570373535,-0.0005825012922286987,0.0012083053588867188,-0.0030336976051330566,-0.022132165729999542,0.02456054339806239,-0.0008026311794916788
fg_lpips,01b853942c324f83a89d27e97796200c,-0.009478963911533356,-0.01159888505935669,-0.011067062616348267,0.017970331013202667,0.009541064500808716,0.02002975344657898,-0.002189323306083679,0.0007906556129455566,-0.0032142996788024902,-0.010714970529079437,0.01584704965353012,-0.0015376557906468709
fg_lpips,01d0e94dc746416484c9157bbe320203,-0.009540587663650513,-0.017260216176509857,-0.014614738523960114,0.011337056756019592,0.004983402788639069,0.007713474333286285,0.0005991458892822266,-0.0004947632551193237,-0.004852816462516785,-0.013805180788040161,0.008011311292648315,-0.0015828112761179607
fg_lpips,01eac793c4ec40c5aa6bbd09b45fc26a,-0.020402029156684875,-0.02244289219379425,-0.01906302571296692,0.01946224272251129,0.020238712430000305,0.024481385946273804,0.0043354332447052,-0.0005464255809783936,0.0017890334129333496,-0.020635982354482014,0.021394113699595135,0.0018593470255533855
fg_lpips,01f0c1dd487e43f795830fe6008142e4,-0.01092527061700821,-0.007645353674888611,-0.01201176643371582,0.020114071667194366,0.01210978627204895,0.017817869782447815,-0.001442834734916687,0.0004527568817138672,-0.00017982721328735352,-0.01019413024187088,0.016680575907230377,-0.00038996835549672443
fg_lpips,01fbee27f8f74a1eaf7e613de5cb78ee,-0.002489723265171051,-0.0004476085305213928,-0.0007083415985107422,0.002974279224872589,-0.0034701749682426453,0.003408268094062805,-0.0019473880529403687,-0.0012744218111038208,-0.0005569159984588623,-0.0012152244647343953,0.0009707907835642496,-0.0012595752875010173
fg_lpips,02097b72cb764df79f0188df985014a5,-0.0043695420026779175,-0.006998807191848755,-0.013036444783210754,0.0019202381372451782,-0.007761508226394653,0.00815717875957489,0.010043442249298096,0.00038301944732666016,-0.001906663179397583,-0.008134931325912476,0.0007719695568084717,0.002839932839075724
fg_lpips,020bc99c57c04bf6abfc9fe91a6a1215,0.006660051643848419,0.0011277124285697937,0.0026457011699676514,-0.00902121514081955,-0.012315921485424042,-0.00788414478302002,0.0009899884462356567,0.005553349852561951,0.003484100103378296,0.0034778217474619546,-0.009740427136421204,0.0033424794673919678
fg_lpips,021504573eab4f8995e46ac306744e04,-0.026181936264038086,-0.012974165380001068,-0.021634139120578766,0.034169793128967285,0.024471841752529144,0.03688139468431473,0.003745436668395996,0.001851603388786316,-0.004003360867500305,-0.020263413588205974,0.031841009855270386,0.0005312263965606689
fg_lpips,0219f955d31b4907b5eeb6a345a47eb2,-0.00752122700214386,-0.012728936970233917,-0.006502993404865265,0.01202470064163208,0.018886558711528778,0.009541712701320648,-0.00831577181816101,-0.007295474410057068,-0.0013639181852340698,-0.00891771912574768,0.013484324018160502,-0.005658388137817383
fg_lpips,0228c654c3b44da99c4b3b75d5f8b1cb,-0.00540422648191452,-0.0022127926349639893,-0.003509737551212311,0.003498844802379608,-0.0008255094289779663,0.005565367639064789,0.00019116699695587158,-0.0011607706546783447,0.000520065426826477,-0.003708918889363607,0.00274623433748881,-0.00014984607696533203
fg_lpips,024b1ec28a404f46866c62a69d6370d8,0.004036501049995422,0.002763696014881134,-0.000559881329536438,-0.002931252121925354,-0.022627927362918854,-0.0034986287355422974,0.00354960560798645,0.0038291364908218384,0.0005628764629364014,0.002080105245113373,-0.009685936073462168,0.00264720618724823
fg_lpips,025828c4084440649cde38135a9d8a2e,-0.008151546120643616,-0.010389812290668488,-0.005526944994926453,0.00021511316299438477,0.000172443687915802,-0.0008556544780731201,0.0013864636421203613,-0.0012554377317428589,0.0030067265033721924,-0.00802276780207952,-0.00015603254238764444,0.0010459174712498982
fg_lpips,025c1e16f9634c71be21574417c1b8a7,-0.007153607904911041,-0.02048441767692566,-0.010037802159786224,-0.0078921839594841,-0.013414457440376282,-0.012724347412586212,-0.011628225445747375,-0.0013500452041625977,-0.0020185261964797974,-0.012558609247207642,-0.011343662937482199,-0.004998932282129924
fg_lpips,026dd4fca8a347e799ff5bfd78df68bb,-0.008258514106273651,0.0023743808269500732,-0.0004752501845359802,0.015429414808750153,0.014291822910308838,0.019740484654903412,4.731118679046631e-05,0.0075292885303497314,-0.002296045422554016,-0.002119794487953186,0.0164872407913208,0.0017601847648620605
fg_lpips,0278450d1e324c33904e160e115f6fbd,-0.0036665350198745728,-0.001217477023601532,-0.003228582441806793,0.013113170862197876,0.016321741044521332,0.017040632665157318,-0.003930181264877319,-0.000987038016319275,-0.0021325796842575073,-0.002704198161760966,0.01549184819062551,-0.0023499329884847007
fg_lpips,0281cce51dcb43988b3d3760c0fb335e,-0.005204066634178162,-0.001067131757736206,-0.008739620447158813,0.013427719473838806,0.004824131727218628,0.012953877449035645,0.0025112926959991455,0.0015589892864227295,-0.002738863229751587,-0.00500360627969106,0.010401909550031027,0.000443806250890096
fg_lpips,02871968fcbd46dc9f5059ec1fc7d13b,-0.00586758553981781,-0.007043939083814621,-0.006064333021640778,0.01793358474969864,0.02096540853381157,0.026111535727977753,-4.781782627105713e-05,-0.0039030686020851135,-0.0008644610643386841,-0.006325285881757736,0.021670176337162655,-0.001605115830898285
fg_lpips,028f74fc5b384764826acb595846b9d8,-0.005092456936836243,-0.001790553331375122,-0.005445428192615509,0.011098220944404602,0.0015581399202346802,0.012406222522258759,0.0021109282970428467,0.0023508965969085693,-0.0004131048917770386,-0.004109479486942291,0.008354194462299347,0.0013495733340581257
fg_lpips,029e028b4a6842c29183b6a30bb2f04e,-0.0045868754386901855,-0.0017621740698814392,-0.0038584545254707336,-0.00257931649684906,-0.00878981500864029,0.004265002906322479,0.0017030537128448486,-0.0017616301774978638,0.005020216107368469,-0.003402501344680786,-0.0023680428663889566,0.0016538798809051514
fg_psnr,0015eb3cf53b4339b2d0532cf912ab26,-0.5263951420783997,-0.1408049464225769,-0.627916157245636,2.2403964400291443,2.0607802271842957,2.4391397833824158,-0.32754480838775635,-0.09579956531524658,-0.2844506502151489,-0.43170541524887085,2.2467721501986184,-0.23593167463938394
fg_psnr,0029e901155f414696aa6b470cbe40d4,0.42669177055358887,0.9177178144454956,-0.3071051836013794,1.385178565979004,-0.34239470958709717,2.712337374687195,0.8356118202209473,1.1975681781768799,0.45587658882141113,0.34576813379923504,1.2517070770263672,0.8296855290730795
fg_psnr,0047b3f31cc844d2bfe8e59820b87312,-0.1827716827392578,0.4628187417984009,0.009676814079284668,1.3649392127990723,0.19759833812713623,0.7843542098999023,0.45582056045532227,0.48623085021972656,0.7416820526123047,0.0965746243794759,0.7822972536087036,0.5612444877624512
fg_psnr,0053d2ac9bc14142bffaa42593c00a8a,1.1845749616622925,1.9942128658294678,0.9873569011688232,-1.4658886194229126,-1.4870047569274902,-0.49195289611816406,0.8218204975128174,0.3988194465637207,1.2784838676452637,1.3887149095535278,-1.1482820908228557,0.833041270573934
fg_psnr,005ee892a99b4ae8a26bb1c8123fdd80,0.8248448371887207,0.823432207107544,0.5224883556365967,-2.0838475227355957,-2.6948976516723633,-0.8124172687530518,0.5927610397338867,0.3337550163269043,0.1202535629272461,0.7235884666442871,-1.8637208143870037,0.3489232063293457
fg_psnr,006ce7ce9e1b45558fe805882a705991,-0.47377288341522217,1.5363752841949463,-0.5878055095672607,2.269640564918518,0.6919193267822266,2.369314432144165,0.6028282642364502,1.522371768951416,0.5258822441101074,0.15826563040415445,1.7769581079483032,0.8836940924326578
fg_psnr,007ced0c381749a394866f5fa71fd303,0.20679593086242676,1.158508062362671,-0.16366064548492432,2.360684871673584,-0.3661489486694336,2.8547555208206177,0.9096217155456543,1.2290525436401367,0.27917981147766113,0.4005477825800578,1.6164304812749226,0.8059513568878174
fg_psnr,00a1d892548542c7ab83565070737d6b,-0.017667561769485474,-0.28387367725372314,-0.04777565598487854,1.3173754513263702,1.24100923538208,0.8272172510623932,-0.04141777753829956,0.030814409255981445,0.033573806285858154,-0.11643896500269572,1.1285339792569478,0.00765681266784668
fg_psnr,00a69ec5e0cb4e1b9c6d6285bde5de3e,-0.14039486646652222,-0.012058615684509277,-0.3030586242675781,1.4095589518547058,1.375030279159546,1.8863976001739502,-0.07296741008758545,0.026758909225463867,-0.16672611236572266,-0.15183736880620322,1.5569956103960674,-0.07097820440928142
fg_psnr,00a776f578304cce8c096fc0034582ef,0.5687779188156128,0.6527635455131531,-0.4693317413330078,0.9907203912734985,-0.1459023356437683,2.3138391971588135,0.7574856281280518,0.5618637800216675,0.6435465812683105,0.25073657433191937,1.0528857509295146,0.6542986631393433
fg_psnr,00bc54b70fea4c94bf54bdb4d041522c,0.17589211463928223,2.042574882507324,0.06156027317047119,2.1830224990844727,-0.7392597198486328,1.9237679243087769,1.4143872261047363,0.8163261413574219,1.8842494487762451,0.7600090901056925,1.1225102345148723,1.3716542720794678
fg_psnr,00c01670fa9545fc82e1fbfb9f70a259,-0.3200298547744751,-0.6774592399597168,-0.5221650004386902,2.1119797229766846,2.3728156089782715,2.178237736225128,0.0019919872283935547,0.05879402160644531,-0.11925280094146729,-0.5065513650576273,2.2210110227266946,-0.019488930702209473
fg_psnr,00c1673e7c8e4c2fbc0c9a1084acc067,0.7694411277770996,2.4043285846710205,-0.03715038299560547,0.669100284576416,-0.6328189373016357,2.0924723148345947,1.3395977020263672,0.27599096298217773,1.6430163383483887,1.0455397764841716,0.7095845540364584,1.0862016677856445
fg_psnr,00d319b11c2c41c6b9a36287abf6922e,1.0192960500717163,1.486862599849701,1.4441418647766113,-1.1063295602798462,-2.45868057012558,-1.0736441612243652,1.1924469470977783,0.15930354595184326,0.782783031463623,1.3167668382326763,-1.5462180972099304,0.7115111748377482
fg_psnr,00d9bd8bee204fe3a42c320ce24a32fd,-1.2238043546676636,-0.6987395882606506,-0.8686980605125427,2.1539711952209473,1.8889561295509338,1.798197329044342,-0.17729878425598145,-0.15823304653167725,-0.31108558177948,-0.9304140011469523,1.9470415512720745,-0.21553913752237955
fg_psnr,00db57d6cb5540089860f0de1d2c643d,1.5804362297058105,2.0433783531188965,0.8923739194869995,-0.8315384387969971,-1.8819689750671387,0.2046293020248413,1.4914989471435547,0.39327383041381836,2.2215092182159424,1.5053961674372356,-0.8362927039464315,1.3687606652577717
fg_psnr,00ddbd37e24c43569cb77919361bfaa9,-0.4854696989059448,0.35351067781448364,-0.49350112676620483,2.954931855201721,1.2395992875099182,2.4149683117866516,0.1043546199798584,-0.054593682289123535,-0.125313401222229,-0.20848671595255533,2.2031664848327637,-0.025184154510498047
fg_psnr,00e99d9188c64441b8ae7a3f73f37164,1.879185140132904,1.291983723640442,2.157961130142212,-4.227370917797089,-2.5086164474487305,-4.0233683586120605,-0.19889891147613525,-0.3532540798187256,-0.6191205978393555,1.7763766646385193,-3.5864519079526267,-0.39042452971140545
fg_psnr,00ed0007c9c84409adb2e257fad235d1,1.481943428516388,1.5002992749214172,1.6864937543869019,-2.76582270860672,-1.9283303618431091,-3.066520094871521,-0.3213852643966675,-0.21895229816436768,0.13785719871520996,1.556245485941569,-2.5868910551071167,-0.13416012128194174
fg_psnr,00fd070ec367496582cb9410fb8d84a2,1.506432294845581,1.108061969280243,0.8344888687133789,-3.8216841220855713,-3.6954542994499207,-2.9546332359313965,-0.5737805366516113,-0.16866981983184814,0.6267094612121582,1.1496610442797344,-3.4905905524889627,-0.03858029842376709
fg_psnr,01052f325d2a4422bf1dea6567d78347,0.0534898042678833,0.6959211826324463,-0.26421576738357544,1.1756694316864014,0.48766016960144043,1.28239244222641,0.14552950859069824,0.4994082450866699,0.12387096881866455,0.16173173983891806,0.9819073478380839,0.25626957416534424
fg_psnr,0118607beaed4571b94615a611bab570,0.9666347503662109,1.0481089353561401,0.7764878869056702,-1.6695231199264526,-1.5218561887741089,-0.8937236666679382,0.5576062202453613,0.11594414710998535,0.5425959825515747,0.9304105242093405,-1.3617009917895,0.40538211663564044
fg_psnr,011a2229b2f949ffaac35b39e9ee9d78,0.6665503978729248,1.4092499017715454,0.7464456558227539,0.22987842559814453,-1.948952078819275,0.5648386478424072,0.9764194488525391,0.07884383201599121,1.4684104919433594,0.9407486518224081,-0.3847450017929077,0.8412245909372965
fg_psnr,013c9572481f47a3adb59c76a934e1e4,-0.3687089681625366,0.5947226285934448,-0.5563417077064514,1.6954952478408813,0.024799704551696777,1.8397942185401917,0.11352181434631348,0.37090420722961426,0.08049547672271729,-0.11010934909184773,1.1866963903109233,0.18830716609954834
fg_psnr,0157b39c4b434ceba885ddace4f5b9bd,-0.9005138278007507,-0.7324308156967163,-0.9040874242782593,2.70140141248703,2.4159473180770874,2.45383620262146,-0.5295830965042114,0.160750150680542,-0.25505900382995605,-0.8456773559252421,2.523728311061859,-0.20796398321787515
fg_psnr,015c200ce786438c8e35ddf635d1e236,-0.7877060770988464,-0.26319026947021484,-0.8494418859481812,2.252659499645233,1.8613243103027344,2.1954888105392456,0.5028098821640015,0.3656792640686035,0.17104268074035645,-0.6334460775057474,2.1031575401624045,0.3465106089909871
fg_psnr,018487b190aa472caf198b265a3b4d61,0.8957144618034363,0.925784707069397,0.9942683577537537,-1.774817407131195,-1.7915934324264526,-1.869029700756073,0.5184000730514526,0.13373494148254395,0.43905675411224365,0.9385891755421957,-1.811813513437907,0.36373058954874676
fg_psnr,019cdc2fe9da4327aa8d617401d8189b,0.1571241021156311,0.697990357875824,0.3349822759628296,0.7040926814079285,-0.5715605616569519,0.2767688035964966,0.4583209753036499,0.5042952299118042,0.6156432628631592,0.39669891198476154,0.13643364111582437,0.5260864893595377
fg_psnr,01a4a9aa5dfc4436891849a88f2e99e7,1.748773455619812,1.6798204183578491,3.117423355579376,-3.7630420923233032,-2.508336901664734,-3.715902864933014,-0.10673642158508301,-0.22872567176818848,-0.8988279104232788,2.182005743185679,-3.329093952973684,-0.4114300012588501
fg_psnr,01b853942c324f83a89d27e97796200c,0.7478243112564087,1.0466811060905457,1.2564042210578918,-1.0390955209732056,-0.9912344813346863,-1.6144636273384094,0.808340311050415,0.27586400508880615,0.8296853303909302,1.016969879468282,-1.2149312098821003,0.6379632155100504
fg_psnr,01d0e94dc746416484c9157bbe320203,1.075894832611084,1.3954788446426392,0.3770238161087036,0.4433250427246094,-0.7152634859085083,1.7328733205795288,0.4985237121582031,0.558549165725708,0.5998814105987549,0.949465831120809,0.48697829246520996,0.5523180961608887
fg_psnr,01eac793c4ec40c5aa6bbd09b45fc26a,2.0115363597869873,2.0762279629707336,2.1114861965179443,-2.7761924266815186,-2.3566392064094543,-2.5513458251953125,0.28346776962280273,-0.5254477262496948,1.0461044311523438,2.066416839758555,-2.5613924860954285,0.2680414915084839
fg_psnr,01f0c1dd487e43f795830fe6008142e4,1.2861716747283936,1.0650554299354553,0.8451586961746216,-2.579331398010254,-3.652760088443756,-1.3112479448318481,-0.22796392440795898,-0.10369718074798584,0.5383050441741943,1.0654619336128235,-2.514446477095286,0.06888131300608318
fg_psnr,01fbee27f8f74a1eaf7e613de5cb78ee,0.40728628635406494,0.5481117963790894,0.04612445831298828,-0.5197238922119141,-0.5357909202575684,0.6765377521514893,0.7666647434234619,0.34984588623046875,0.540156364440918,0.33384084701538086,-0.1263256867726644,0.5522223313649496
fg_psnr,02097b72cb764df79f0188df985014a5,0.19299626350402832,0.754496157169342,0.17888784408569336,0.06705522537231445,-0.8604392409324646,0.3457188606262207,0.6260204315185547,0.35265862941741943,0.779109001159668,0.37546008825302124,-0.14922171831130981,0.5859293540318807
fg_psnr,020bc99c57c04bf6abfc9fe91a6a1215,-0.7828712463378906,-0.21516352891921997,-1.1589685082435608,2.4489885568618774,1.9725039601325989,2.5647953152656555,-0.21562933921813965,0.18934786319732666,0.0183945894241333,-0.7190010945002238,2.3287626107533774,-0.002628962198893229
fg_psnr,021504573eab4f8995e46ac306744e04,2.124491035938263,1.4893567562103271,2.581402063369751,-3.641522228717804,-3.206486701965332,-4.378612041473389,-0.5703443288803101,-0.5204582214355469,-0.17984628677368164,2.0650832851727805,-3.7422069907188416,-0.4235496123631795
fg_psnr,0219f955d31b4907b5eeb6a345a47eb2,0.5859440565109253,0.9352964162826538,0.5008739233016968,0.06707251071929932,-1.358373761177063,-0.13619840145111084,0.8371579647064209,0.11851906776428223,0.5270636081695557,0.6740381320317587,-0.4758332173029582,0.4942468802134196
fg_psnr,0228c654c3b44da99c4b3b75d5f8b1cb,0.07285952568054199,0.6116658449172974,-0.09365677833557129,1.1158913373947144,0.15159130096435547,1.3439637422561646,0.24091124534606934,0.23646116256713867,0.169144868850708,0.196956197420756,0.8704821268717448,0.21550575892130533
fg_psnr,024b1ec28a404f46866c62a69d6370d8,-0.06619781255722046,0.05651503801345825,-0.14603197574615479,1.4890840649604797,1.170566976070404,1.6193658113479614,-0.06305277347564697,0.14541804790496826,-0.04542350769042969,-0.051904916763305664,1.4263389507929485,0.012313922246297201
fg_psnr,025828c4084440649cde38135a9d8a2e,0.8613109588623047,1.0902726650238037,0.5136394500732422,-0.05228877067565918,-0.3488922119140625,-0.12071728706359863,0.9593415260314941,0.5847692489624023,0.9206867218017578,0.8217410246531168,-0.1739660898844401,0.8215991655985514
fg_psnr,025c1e16f9634c71be21574417c1b8a7,-0.4537034034729004,0.9253644943237305,-0.971774160861969,1.8144583702087402,0.5128180980682373,2.155773937702179,0.7538485527038574,0.7781076431274414,0.6560665369033813,-0.16670435667037964,1.4943501353263855,0.7293409109115601
fg_psnr,026dd4fca8a347e799ff5bfd78df68bb,0.4123944044113159,0.39826512336730957,-0.02081155776977539,0.08151590824127197,-0.30843377113342285,0.705941915512085,0.6974589824676514,0.27858972549438477,0.606236457824707,0.2632826566696167,0.15967468420664468,0.527428388595581
fg_psnr,0278450d1e324c33904e160e115f6fbd,1.2241184711456299,0.8164024353027344,0.2861917018890381,-2.1550750732421875,-1.9007396697998047,-0.8957219123840332,0.5439043045043945,0.25517702102661133,0.9447836875915527,0.7755708694458008,-1.6505122184753418,0.5812883377075195
fg_psnr,0281cce51dcb43988b3d3760c0fb335e,0.4370516538619995,1.2891587615013123,0.4566618800163269,0.1966392993927002,-1.1648961901664734,-0.41586369276046753,0.1882016658782959,0.052632689476013184,0.7260221242904663,0.7276240984598795,-0.4613735278447469,0.3222854932149251
fg_psnr,02871968fcbd46dc9f5059ec1fc7d13b,1.111748218536377,1.0258659720420837,0.9782525897026062,-3.630579113960266,-3.1124386191368103,-4.612460434436798,-0.2863037586212158,-0.17344534397125244,0.14085233211517334,1.038622260093689,-3.785159389177958,-0.10629892349243164
fg_psnr,028f74fc5b384764826acb595846b9d8,1.0314136743545532,0.9571284055709839,0.6398731470108032,-1.9206607341766357,-2.648744583129883,-1.362563967704773,0.19701600074768066,0.19910931587219238,0.6950128078460693,0.8761384089787801,-1.977323095003764,0.36371270815531415
fg_psnr,029e028b4a6842c29183b6a30bb2f04e,-0.11907041072845459,-0.026639103889465332,-0.7472842931747437,1.693149209022522,1.4681261777877808,2.4769407510757446,1.052461862564087,0.8807599544525146,0.03285527229309082,-0.2976646025975545,1.8794053792953491,0.6553590297698975
