experiment_id,owner,scope,backbone,dataset_or_split,uid_or_manifest_hash,objects,checkpoint_sha256,code_or_commit,geometry,camera_resolution_steps_seed,schedules,metric_provenance,status,evidence_paths,acceptance_or_limit
HIST-MAIN-300,A,history,main_adapter,historical 300/nominal 276,not reissued in clean-v2 registry,300/276,unknown missing original,controlled-rerun provenance only,history pool with UID overlap,unique6/256/50/42,old no-adapter/fixed-low/fixed-high/C3,old float-eval and mixed provenance,HISTORICAL_ONLY,final/round2/MAIN_ADAPTER_RESULT_AUDIT.md; final/round2/CODEX_A_STATUS.md,not valid for strict unseen claim or old +0.96 dB reuse
MAIN-CLEANV2-300,A,main baseline,main_adapter,clean-v2 pooled 300,49627906573f2781de0eddea775485430a1863987db859af694d543f12db9ccf,300,0618d6b284ab47aa16d7a89dc447f5ba4455ff6c9d918e5e129478a99e0114c0,f2f0019a008277213af0127fa7cb628cb5fa1eef,generated images; GLB not used in 2D metrics,unique6/256/50/42,no_adapter;fixed_low 1.25;fixed_high 2.50;C3 1.25-2.50-1.25,original pre-save float-eval plus PNG/raw-GT audit,COMPLETE_WITH_METRIC_SPLIT,final/round2/main_adapter_clean_v2/MAIN_ADAPTER_CLEAN_V2_FINAL_AUDIT.md; mvpoutput/reviewer1_main_rerun_20260928/eval300_clean_v2_unique6,Full-SSIM A and serialized C disagree in method ordering; do not pool
MAIN-CLEANV2-276,A,main baseline,main_adapter,clean-v2 strict holdout 276,a6aa8ab6e475763e1b5e67dc8c712ec8f1940e3952d65897c820887554bbd044,276,0618d6b284ab47aa16d7a89dc447f5ba4455ff6c9d918e5e129478a99e0114c0,f2f0019a008277213af0127fa7cb628cb5fa1eef,generated images; exact GLB cohort separate,unique6/256/50/42,no_adapter;fixed_low 1.25;fixed_high 2.50;C3 1.25-2.50-1.25,original pre-save float-eval; PNG audit separate,COMPLETE_BASELINE_G1_PENDING,final/round2/main_adapter_clean_v2/MAIN_ADAPTER_CLEAN_V2_FINAL_AUDIT.md; final/round2/main_adapter_clean_v2/main_adapter_clean_v2_strict276.csv,not a final Full-SSIM claim until G1 chooses one path
SSIM-TRACE-12,A/D,metric diagnosis,main_adapter,fixed clean-v2 diagnostic objects,object indices 13/15/38/48/54/66/68/78/82/83/110/111,12,0618d6b284ab47aa16d7a89dc447f5ba4455ff6c9d918e5e129478a99e0114c0,trace_float_png_serialization.py,generated images,unique6/256/50/42,A float-eval; B pre-encoder; C PNG reload,controlled trace complete; historical 300-object A tensors absent,PASS_WITH_LIMITATIONS,final/round2/main_adapter_clean_v2/float_png_trace_12_controlled_20260929/float_png_serialization_manifest.json; final/round2/coordination/CONTROLLED_FULL_SSIM_TRACE_20260929.md,A/B/C tensors and paired SSIM complete; freeze C branch and retain historical attribution limitation
MAIN-STAGE-276,A,mechanistic follow-up,main_adapter,clean-v2 strict holdout 276,a6aa8ab6e475763e1b5e67dc8c712ec8f1940e3952d65897c820887554bbd044,276,0618d6b284ab47aa16d7a89dc447f5ba4455ff6c9d918e5e129478a99e0114c0,stage_placement_eval.py; f2f0019a008277213af0127fa7cb628cb5fa1eef,generated images,unique6/256/50/42,fixed_mean 5/3;HLL 2.50-1.25-1.25;C3 1.25-2.50-1.25;LLH 1.25-1.25-2.50,pre-save formal metrics plus CPU PNG-reloaded float32/raw-RGBA Full-SSIM audit,COMPLETE_WITH_LIMITATIONS,final/round2/STAGE_PLACEMENT_PROTOCOL.json; final/round2/stage_placement_276_20260929/final_manifest.json; final/round2/stage_placement_276_20260929/acceptance_manifest.json; final/round2/stage_placement_276_20260929/serialized_full_ssim_paired_comparisons.json,276×4 atomic records; finite metrics; 50 actual residual steps; stage-position effect supported but no unique LHL winner; paper use is mechanism-scoped
MV-CAL-INITIAL-24,B,cross-backbone calibration,MV-Adapter,Exact calibration 24,see final/round2/mv_adapter/results/calibration_exact_24/PROTOCOL.json,24,not applicable,run_experiment.py plus upstream scale patch,exact_mesh,17-view protocol/50/20260928,eight initial-grid schedules low 0.75 high 1.50,exact finite metrics,COMPLETE_INITIAL_GRID,final/round2/mv_adapter/MV_ADAPTER_FINAL_INTERPRETATION.md,initial-grid only; not the selected-pair CAI result
MV-CAL-SELECTED-24,B,cross-backbone calibration,MV-Adapter,Exact selected-pair calibration 24,see final/round2/mv_adapter/results/calibration_exact_selected_pair_24/PROTOCOL.json,24,not applicable,run_experiment.py plus upstream scale patch,exact_mesh,17-view protocol/50/20260928,eight schedules low 0.75 high 1.00,exact finite metrics,COMPLETE_UNDEFINED,final/round2/mv_adapter/MV_ADAPTER_FINAL_INTERPRETATION.md,CAI frozen rule is undefined_set_valued; no winner
MV-HOLDOUT-76,B,cross-backbone holdout,MV-Adapter,Exact holdout 76,obj_0024-obj_0099,76,not applicable,run_experiment.py plus upstream scale patch,exact_mesh,17-view protocol/50/20260928,no geometry;fixed 0.75;fixed 1.00;historical linear/cosine h1.50,exact finite metrics,COMPLETE,final/round2/mv_adapter/MV_ADAPTER_UNIFIED_RESULTS.csv,h1.50 dynamic rows are not same-range controls for h1.00
MV-LHL-EQUAL-76,B,cross-backbone follow-up,MV-Adapter,Exact holdout 76,obj_0024-obj_0099,76,not applicable,run_experiment.py plus upstream scale patch,exact_mesh,17-view protocol/50/20260928,LHL 0.75-1.00-0.75;fixed mean 5/6;HLL;LLH;matched h1.00,exact finite metrics plus 10k object bootstrap,COMPLETE_EXPLORATORY,final/round2/mv_adapter/MV_ADAPTER_UNIFIED_RESULTS.csv; final/round2/mv_adapter/MV_ADAPTER_PAIRED_COMPARISONS.json,no unique winner; nominal mean does not equal effective residual budget; pretraining disjointness unknown
D-BAKE-SMOKE-2X5,D,3D implementation smoke,main_adapter,clean-v2 Exact cohort subset,obj_0013 and obj_0015,2,0618d6b284ab47aa16d7a89dc447f5ba4455ff6c9d918e5e129478a99e0114c0,cpu_texture_bake.py; evaluate_cpu_bakes.py,exact original UV GLB,source 6 views / 512 unseen / 1024 texture,GT;no_adapter;fixed_low;fixed_high;C3,CPU bake and 11-view unseen metrics,COMPLETE_SMOKE_ONLY,final/round2/main_adapter_baking/cpu_bake_smoke_final/BAKE_RUN_SUMMARY.json; final/round2/main_adapter_baking/cpu_bake_smoke_final/UNSEEN_METRICS_SUMMARY.json,implementation proof only; no population claim
D-BAKE-12X4,D,3D main smoke expansion,main_adapter,clean-v2 Exact cohort 12,manifest 12-object cohort,0618d6b284ab47aa16d7a89dc447f5ba4455ff6c9d918e5e129478a99e0114c0,cpu_texture_bake.py,exact original UV GLB,source 6 views / 512 unseen / 1024 texture,no_adapter;fixed_low;fixed_high;C3,CPU bake outputs complete; LPIPS CPU; DISTS unavailable,COMPLETE_WITH_LIMITATIONS,final/round2/main_adapter_baking/cpu_bake_12/BAKE_RUN_SUMMARY.json; final/round2/main_adapter_baking/cpu_bake_12/UNSEEN_METRICS_SUMMARY.json; final/round2/coordination/BAKE_12_VALIDATION_AUDIT.md,48 records and 528 unseen rows; semantic polygon/UV checks pass; obj_0048 exporter reindexing and no 12-object GT bake must be disclosed
D-BAKE-METRICS-2X5,D,3D metrics smoke,main_adapter,clean-v2 Exact cohort subset,obj_0013 and obj_0015,2,0618d6b284ab47aa16d7a89dc447f5ba4455ff6c9d918e5e129478a99e0114c0,evaluate_cpu_bakes.py,exact original UV GLB,11 unseen views/object,GT;no_adapter;fixed_low;fixed_high;C3,masked PSNR;CIEDE2000;LPIPS if available;coverage;seam;texel variance,COMPLETE_SMOKE_ONLY,final/round2/main_adapter_baking/cpu_bake_smoke_final/UNSEEN_OBJECT_METRICS.csv,actual GT-to-GT sanity is limited to this two-object smoke
D-BAKE-METRICS-12X4,D,3D unseen-view metrics,main_adapter,clean-v2 Exact cohort 12,manifest 12-object cohort,12,0618d6b284ab47aa16d7a89dc447f5ba4455ff6c9d918e5e129478a99e0114c0,evaluate_cpu_bakes.py,exact original UV GLB,11 unseen views/object,no_adapter;fixed_low;fixed_high;C3,masked PSNR;CIEDE2000;LPIPS CPU;coverage;seam;texel variance;DISTS unavailable,COMPLETE_WITH_LIMITATIONS,final/round2/main_adapter_baking/cpu_bake_12/UNSEEN_OBJECT_METRICS.csv; final/round2/main_adapter_baking/cpu_bake_12/UNSEEN_PER_VIEW_METRICS.csv,do not count evaluator gt_to_gt_sanity_rows as 12 actual GT records; stratified descriptive only
