method,stage,requested_scale,effective_deep,effective_middle,effective_shallow,cap_active,notes
No Adapter,early,0.0 unused,NA,NA,NA,No,geometry features are not assigned to wrappers; correction bypassed
No Adapter,middle,0.0 unused,NA,NA,NA,No,geometry features are not assigned to wrappers; correction bypassed
No Adapter,late,0.0 unused,NA,NA,NA,No,geometry features are not assigned to wrappers; correction bypassed
GFL,early,1.25,1.25,1.25,0.80,Yes,shallow cap binds
GFL,middle,1.25,1.25,1.25,0.80,Yes,shallow cap binds
GFL,late,1.25,1.25,1.25,0.80,Yes,shallow cap binds
GFH,early,2.50,2.50,2.50,0.80,Yes,shallow cap binds
GFH,middle,2.50,2.50,2.50,0.80,Yes,shallow cap binds
GFH,late,2.50,2.50,2.50,0.80,Yes,shallow cap binds
GC3,early,1.25,1.25,1.25,0.80,Yes,shallow request 1.25 clipped
GC3,middle,2.50,2.50,2.50,0.80,Yes,shallow request 2.50 clipped
GC3,late,1.25,1.25,1.25,0.80,Yes,shallow request 1.25 clipped
LFM,early,1.65,1.65,1.65,0.58,No,constant profile
LFM,middle,1.65,1.65,1.65,0.58,No,constant profile
LFM,late,1.65,1.65,1.65,0.58,No,constant profile
LHL,early,"deep/middle=1.25; shallow=0.50",1.25,1.25,0.50,No,stage profile (deep/middle 1.25/2.50/1.25; shallow 0.50/0.75/0.50)
LHL,middle,"deep/middle=2.50; shallow=0.75",2.50,2.50,0.75,No,stage profile (deep/middle 1.25/2.50/1.25; shallow 0.50/0.75/0.50)
LHL,late,"deep/middle=1.25; shallow=0.50",1.25,1.25,0.50,No,stage profile (deep/middle 1.25/2.50/1.25; shallow 0.50/0.75/0.50)
LLH,early,"deep/middle=1.25; shallow=0.50",1.25,1.25,0.50,No,stage profile (deep/middle 1.25/1.25/2.50; shallow 0.50/0.50/0.75)
LLH,middle,"deep/middle=1.25; shallow=0.50",1.25,1.25,0.50,No,stage profile (deep/middle 1.25/1.25/2.50; shallow 0.50/0.50/0.75)
LLH,late,"deep/middle=2.50; shallow=0.75",2.50,2.50,0.75,No,stage profile (deep/middle 1.25/1.25/2.50; shallow 0.50/0.50/0.75)
