condition,n,metric,direction,mean,median,rank_best_to_worst
no_adapter,276,fg_psnr,higher-is-better,8.826063423269037,8.628356456756592,7
no_adapter,276,fg_ssim,higher-is-better,0.4799450144873581,0.4984884560108185,1
no_adapter,276,fg_lpips,lower-is-better,0.20589620433747768,0.19658462703227997,7
no_adapter,276,full_psnr,higher-is-better,10.562881596278453,10.64304769039154,7
no_adapter,276,full_ssim,higher-is-better,0.7281766065220902,0.7353454232215881,7
no_adapter,276,full_lpips,lower-is-better,0.6260108929397403,0.6260114014148712,7
no_adapter,276,edge_ssim,higher-is-better,0.4794475387619889,0.4704630970954895,7
global_fixed_low,276,fg_psnr,higher-is-better,10.730782388776973,10.97679853439331,6
global_fixed_low,276,fg_ssim,higher-is-better,0.39869325775383174,0.3858356177806854,7
global_fixed_low,276,fg_lpips,lower-is-better,0.19171319780803786,0.19250419735908508,6
global_fixed_low,276,full_psnr,higher-is-better,18.22872200305911,18.14427673816681,6
global_fixed_low,276,full_ssim,higher-is-better,0.8438619925923969,0.8480604887008667,6
global_fixed_low,276,full_lpips,lower-is-better,0.21072985105000544,0.20750446617603302,5
global_fixed_low,276,edge_ssim,higher-is-better,0.5200764055269352,0.515057384967804,6
global_fixed_high,276,fg_psnr,higher-is-better,13.152788801901583,13.4187650680542,2
global_fixed_high,276,fg_ssim,higher-is-better,0.478331137880467,0.47974586486816406,2
global_fixed_high,276,fg_lpips,lower-is-better,0.16771884855098915,0.16406845301389694,2
global_fixed_high,276,full_psnr,higher-is-better,18.242375526739202,18.22065234184265,5
global_fixed_high,276,full_ssim,higher-is-better,0.8498166715321334,0.8528391718864441,4
global_fixed_high,276,full_lpips,lower-is-better,0.1967351087031589,0.19052477926015854,1
global_fixed_high,276,edge_ssim,higher-is-better,0.5538484150732773,0.5547915697097778,1
global_c3,276,fg_psnr,higher-is-better,11.938553661971852,12.331852912902832,5
global_c3,276,fg_ssim,higher-is-better,0.4295512966379739,0.4252636730670929,6
global_c3,276,fg_lpips,lower-is-better,0.18167951275540542,0.1790636032819748,5
global_c3,276,full_psnr,higher-is-better,18.96760460259258,18.996145725250244,4
global_c3,276,full_ssim,higher-is-better,0.8510458735020264,0.8565853238105774,2
global_c3,276,full_lpips,lower-is-better,0.202911160832298,0.198532372713089,3
global_c3,276,edge_ssim,higher-is-better,0.5278359410771425,0.5246559679508209,4
layer_fixed_mean,276,fg_psnr,higher-is-better,13.10007300713788,13.035072088241577,3
layer_fixed_mean,276,fg_ssim,higher-is-better,0.4549551912030016,0.45038577914237976,4
layer_fixed_mean,276,fg_lpips,lower-is-better,0.1698469340538039,0.16808482259511948,3
layer_fixed_mean,276,full_psnr,higher-is-better,19.516357857248057,19.64542865753174,3
layer_fixed_mean,276,full_ssim,higher-is-better,0.8502890789422436,0.8531135618686676,3
layer_fixed_mean,276,full_lpips,lower-is-better,0.20816696861731834,0.20593492686748505,4
layer_fixed_mean,276,edge_ssim,higher-is-better,0.5362978680194288,0.5376769304275513,3
layer_lhl,276,fg_psnr,higher-is-better,12.974319285240727,12.78529703617096,4
layer_lhl,276,fg_ssim,higher-is-better,0.44452334800060245,0.4450121372938156,5
layer_lhl,276,fg_lpips,lower-is-better,0.17192777521921782,0.16776378452777863,4
layer_lhl,276,full_psnr,higher-is-better,19.634919525056645,19.714035391807556,2
layer_lhl,276,full_ssim,higher-is-better,0.8486313135295674,0.8530674576759338,5
layer_lhl,276,full_lpips,lower-is-better,0.22777329401477522,0.22383646667003632,6
layer_lhl,276,edge_ssim,higher-is-better,0.5273258700103,0.5298284292221069,5
layer_llh,276,fg_psnr,higher-is-better,13.975080826144287,13.711434602737427,1
layer_llh,276,fg_ssim,higher-is-better,0.4619674612700507,0.46113502979278564,3
layer_llh,276,fg_lpips,lower-is-better,0.160959685727468,0.1552390679717064,1
layer_llh,276,full_psnr,higher-is-better,20.82756235547688,20.90895652770996,1
layer_llh,276,full_ssim,higher-is-better,0.8514293488385021,0.8563721477985382,1
layer_llh,276,full_lpips,lower-is-better,0.1988035627519307,0.1938314586877823,2
layer_llh,276,edge_ssim,higher-is-better,0.5476323393160019,0.5497614443302155,2
