object_uid,object_idx,contrast,fg_psnr,fg_ssim,fg_lpips,full_psnr,full_ssim,full_lpips,edge_ssim
00001ec0d78549e1b8c2083a06105c29,0,native_gc3-native_gfl,1.65536880493,0.044420927763,-0.0145141631365,1.27693653107,0.00966799259186,-0.0119334161282,0.0129706263542
0005d5eb0eb847648bf2e76f6931ed48,1,native_gc3-native_gfl,0.0700092315674,-0.0223105847836,0.00280953198671,-0.0267517566681,0.000805556774139,-0.00588513165712,0.00847995281219
0005df571e71437991594d0affec9c2b,2,native_gc3-native_gfl,0.239768028259,0.00413325428963,0.000466257333755,-0.099241733551,0.00294405221939,-0.0242397338152,-0.00163495540619
000c895f9ef6491894ac588634f3d2b5,3,native_gc3-native_gfl,1.96687459946,0.0487338900566,-0.0132444798946,1.53557658195,0.00543731451035,-0.0036678314209,0.0156495571136
000d1c5d169f4fda93a32f2eaeac80d8,4,native_gc3-native_gfl,2.45090842247,0.0626272559166,-0.0198501646519,1.57925486565,0.0131078958511,-0.00603818893433,0.0111275911331
00133744383047b888486d10548eb32d,5,native_gc3-native_gfl,1.13930344582,0.064825296402,-0.00786548852921,0.869075059891,0.0151960253716,-0.00546444952488,0.00904470682144
0013d88f17a245b0bff5ebe713bd72ab,6,native_gc3-native_gfl,-0.417033433914,0.0109238773584,0.00336350500584,-0.537192821503,0.003302693367,0.0025700032711,0.00939482450485
0015eb3cf53b4339b2d0532cf912ab26,7,native_gc3-native_gfl,-0.503281354904,-0.00164429843426,-0.00216642022133,-0.538758039474,-3.94582748413e-05,-0.00783225893974,-0.00402072072029
001e6d1b655542b48dbe00f3a3ccc616,8,native_gc3-native_gfl,1.69744253159,0.0488436222076,-0.0228523463011,1.51799440384,0.00530415773392,-0.0127787292004,0.0109274089336
001f17841a2642e4a9fa2f9b1687aa1e,9,native_gc3-native_gfl,-0.0290083885193,0.00771948695183,-0.00637531280518,-0.210568904877,0.00440734624863,-0.00618483126163,0.00793516635895
0029e901155f414696aa6b470cbe40d4,10,native_gc3-native_gfl,0.36208987236,0.00174421072006,-0.00251677632332,-0.0369417667389,0.00519293546677,-0.00207006931305,-0.00368070602417
00317d7cb89c4f84b28090ec8eeb361a,11,native_gc3-native_gfl,1.09431385994,0.0209298431873,-0.00150352716446,0.619337558746,-0.00117182731628,0.00418657064438,0.00923937559128
003245510e8f4bcb98f1794348606f68,12,native_gc3-native_gfl,0.185602903366,0.0204756855965,-0.00135385990143,-0.107485055923,0.00207304954529,-0.000733807682991,0.000517517328262
004459ae7559418fad89ddb73e140b56,13,native_gc3-native_gfl,0.137281417847,0.0102495253086,0.00256844609976,-0.246651172638,-5.50746917725e-05,-0.00139316916466,0.00437322258949
0047b3f31cc844d2bfe8e59820b87312,14,native_gc3-native_gfl,-0.2527821064,0.00812268257141,0.00529457628727,-0.277645587921,0.00258421897888,0.00775599479675,0.0075369477272
0048e8224b174b759771e39ff521ee2e,15,native_gc3-native_gfl,-1.25764489174,-0.00530135631561,0.000713437795639,-1.08734250069,0.00491082668304,0.00543409585953,-0.00603714585304
004a33ffd2654583822bdd2eed1241ba,16,native_gc3-native_gfl,1.06022238731,0.0194335579872,-0.000643886625767,0.401562452316,0.00328397750854,-5.96418976784e-05,0.00784242153168
0050d3fb84444ea1b9079a1575887aa1,17,native_gc3-native_gfl,1.33892178535,0.0416024625301,-0.0100277215242,0.511397123337,0.00800544023514,-0.0222361981869,0.00699627399445
00519a09c83e410f9734b3cfe8bcb604,18,native_gc3-native_gfl,-0.380457639694,-0.00233827531338,0.00245615839958,-0.229864120483,0.00435769557953,-0.0016446262598,-0.00121355056763
0053d2ac9bc14142bffaa42593c00a8a,19,native_gc3-native_gfl,1.81748151779,0.102278143167,-0.00872211158276,1.57051324844,0.0221311450005,-0.0116443634033,0.00515615940094
005c0d7ccf7749f99a4cc8e88bda073d,20,native_gc3-native_gfl,-1.42195224762,-0.00588165223598,0.00337612628937,-1.4088177681,-0.00949710607529,0.00192642211914,-0.0111329853535
005ee892a99b4ae8a26bb1c8123fdd80,21,native_gc3-native_gfl,0.360945463181,0.00535081326962,-0.00504349917173,-0.14496088028,0.000914394855499,-0.00615048408508,0.00903549790382
006ce7ce9e1b45558fe805882a705991,22,native_gc3-native_gfl,-0.293300151825,0.0439474284649,-0.00950998067856,-0.461115837097,0.0106797814369,-0.00706592202187,-0.0111613273621
006d40ce26e64b4c930124ddae278c05,23,native_gc3-native_gfl,0.650421380997,0.0290366113186,-0.00984117388725,0.474005937576,0.00496435165405,-0.00517827272415,0.018973082304
00713006ea594a598ad966c5b36c7922,24,native_gc3-native_gfl,0.320978164673,0.00814348459244,5.84870576859e-06,-0.443713665009,-0.00083202123642,-0.00695312023163,-0.00613749027252
0078e62e7d774effa973885c78ffbf6a,25,native_gc3-native_gfl,1.61728680134,0.0350422263145,-0.0169100314379,1.30212187767,0.00912064313889,-0.0122729092836,0.0189511179924
007ced0c381749a394866f5fa71fd303,26,native_gc3-native_gfl,-0.0471138954163,0.043576836586,-0.00680246949196,-0.560925006866,0.0110268592834,0.00305511057377,0.000642716884613
00820ef5fe4843cf8beef97281048215,27,native_gc3-native_gfl,-0.719095468521,-0.00784888863564,0.00458627939224,-0.386958122253,0.00126272439957,-0.00405514240265,-0.00247165560722
008f8f5241b947f29838e2a780e3790a,28,native_gc3-native_gfl,-0.275956988335,0.0238680541515,0.02885851264,-0.252318382263,-0.0215427875519,0.036592900753,-0.014216452837
0092c97c01714eb98d6f4b635c5ee9ec,29,native_gc3-native_gfl,1.20875835419,0.0293815732002,-0.00592996180058,0.975847244263,0.00747835636139,-0.00127494335175,0.0201892256737
00a1a602456f4eb188b522d7ef19e81b,30,native_gc3-native_gfl,0.0748121738434,-0.00628048181534,-0.00138288736343,-0.259598493576,0.00177806615829,-0.00766588747501,0.00191986560822
00a1d892548542c7ab83565070737d6b,31,native_gc3-native_gfl,-0.235355496407,0.00789895653725,0.00656741857529,-0.237659215927,0.00835156440735,0.00435730814934,0
00a38a2327cd41b885d6ebbb6ac0a91c,32,native_gc3-native_gfl,1.42360687256,0.0414135456085,-0.0125126242638,0.728821754456,0.0092236995697,-0.00232642889023,0.0122487545013
00a69ec5e0cb4e1b9c6d6285bde5de3e,33,native_gc3-native_gfl,-0.219519138336,-0.00865383446217,-0.000942841172218,-0.197319984436,0.00296705961227,-0.0244473963976,-0.00080880522728
00a776f578304cce8c096fc0034582ef,34,native_gc3-native_gfl,0.491431951523,0.0220723152161,-0.00347939133644,0.16587972641,0.00923806428909,0.000110685825348,0.00258949398994
00a97894440b42ebbde2435e9430106c,35,native_gc3-native_gfl,0.789400339127,0.0302015542984,-0.00217857956886,0.426318645477,0.0101214647293,-0.00121001899242,-0.00840926170349
00a9925ae746466b91ce457c67bef43f,36,native_gc3-native_gfl,-0.654643774033,0.0103937387466,-3.20971012115e-05,-0.566682815552,0.00661104917526,-0.00141814351082,0.00877070426941
00ae6eda19634ee6b0a4a52789c9ff90,37,native_gc3-native_gfl,1.69030606747,0.0475597381592,-0.0161150693893,1.46799921989,0.0132037997246,-0.0111839473248,0.0206326842308
00bc54b70fea4c94bf54bdb4d041522c,38,native_gc3-native_gfl,0.694389343262,0.0244894623756,-0.0121997743845,-0.196809768677,0.0093799829483,-0.00442934036255,0.00233143568039
00bf94f9be9346d5bf6fcdb88e0f68c3,39,native_gc3-native_gfl,0.359507799149,0.00166535377502,0.000314652919769,0.136423110962,0.00400739908218,-0.000182703137398,-0.0040884912014
00c01670fa9545fc82e1fbfb9f70a259,40,native_gc3-native_gfl,-0.728856921196,-0.00412882864475,-0.000980749726295,-0.683907270432,0.00602525472641,-0.00198403000832,-0.00238627195358
00c1673e7c8e4c2fbc0c9a1084acc067,41,native_gc3-native_gfl,0.840768814087,0.038860976696,-0.022015362978,0.623514652252,0.00926798582077,-0.0155365914106,0.00660133361816
00c5fc33cf54446093cca570c2ac5db0,42,native_gc3-native_gfl,2.39811062813,0.0529509186745,-0.0201554596424,1.97338461876,0.0142178535461,-0.0138636380434,0.0220289826393
00cc1d02ab5c4e1abcbc080bbdc6bdc4,43,native_gc3-native_gfl,0.636956691742,0.0684017837048,-0.0152916312218,0.676687955856,0.0199313759804,-0.00376090407372,0.0107809305191
00d319b11c2c41c6b9a36287abf6922e,44,native_gc3-native_gfl,1.27133369446,0.0119938850403,-0.0084624812007,0.404205322266,0.00385135412216,-0.0100142806768,0.00443208217621
00d9bd8bee204fe3a42c320ce24a32fd,45,native_gc3-native_gfl,-1.4827388525,0.0186370313168,0.0153083056211,-1.40707850456,-0.0110745429993,0.018694832921,-0.0159618556499
00da1beacd7e456f81bcdd0343048166,46,native_gc3-native_gfl,1.33382439613,0.029390335083,-0.00693462789059,0.626546144485,0.00978195667267,-0.024732992053,0.0109158158302
00db57d6cb5540089860f0de1d2c643d,47,native_gc3-native_gfl,2.06300377846,0.00208735466003,-0.00871242582798,1.12293481827,0.00363701581955,0.000922620296478,-0.000353455543518
00ddbd37e24c43569cb77919361bfaa9,48,native_gc3-native_gfl,-0.586949586868,-0.02164965868,0.00577616691589,-0.796766281128,-0.00477957725525,0.00910264253616,-0.00387591123581
00e99d9188c64441b8ae7a3f73f37164,49,native_gc3-native_gfl,1.62560880184,0.0417182147503,-0.0108325481415,0.862601995468,0.00813037157059,-0.0285456627607,0.0119967460632
00ea067d2d0d4e5abbe36abcdd2117b9,50,native_gc3-native_gfl,-0.691009759903,-0.00640843808651,0.0127366781235,-0.813694000244,-0.00462114810944,0.0171781182289,-0.0149568915367
00ed0007c9c84409adb2e257fad235d1,51,native_gc3-native_gfl,1.21796786785,0.0196397900581,-0.0150583684444,0.85930109024,0.00319534540176,-0.00758987665176,0.00911074876785
00ef198a19a8403d903dbfa7cfaaf9bd,52,native_gc3-native_gfl,0.659425854683,0.0107706338167,7.81416893005e-05,0.353885889053,0.00389367341995,-0.0109475702047,0.00847062468529
00f9cb1a42b4498e838107f82557c9f3,53,native_gc3-native_gfl,1.38090610504,0.0103865265846,-0.0108254998922,0.838222503662,0.0102254152298,-0.00551907718182,-0.000448703765869
00fa05ae10834647a8bf00c5a5a899a1,54,native_gc3-native_gfl,0.494877099991,0.0149651765823,0.000124804675579,-0.0110459327698,0.00344932079315,-0.00045370310545,0.0053363442421
00fab46ab0134de8b7c6b39f9ef2f708,55,native_gc3-native_gfl,0.306160449982,0.00714676082134,-0.00220468640327,-0.00844955444336,0.0106936693192,-0.0297547131777,0.000662356615067
00fadd5980ed4228bc28217eb11c5d27,56,native_gc3-native_gfl,-0.560854673386,0.0309940874577,-0.00764602422714,-0.651099681854,0.0012686252594,-0.00348889827728,-0.00678598880768
00fd070ec367496582cb9410fb8d84a2,57,native_gc3-native_gfl,1.68053746223,0.0494845509529,-0.00863906741142,1.04149222374,0.00699257850647,-0.00190223753452,0.0201250314713
00fe064ec39f4f42a8301f6699c37455,58,native_gc3-native_gfl,2.10818529129,0.0655128657818,-0.00913076102734,1.4456486702,0.00979596376419,-0.00403335690498,0.0101156234741
00fe7b40923644c3bf15be6fcb8195c2,59,native_gc3-native_gfl,1.39448046684,0.0468173027039,-0.00773414969444,0.527286529541,0.0122230648994,0.000743567943573,0.0033820271492
01052f325d2a4422bf1dea6567d78347,60,native_gc3-native_gfl,0.0999784469604,0.187380194664,-0.00876995921135,0.101823806763,0.0380882620811,0.000670522451401,0.0217309892178
0116e8e2de78456cab731ff73f65349f,61,native_gc3-native_gfl,1.55400395393,0.0198161005974,-0.0130275934935,1.11651301384,0.00503289699554,-0.00830784440041,0.015404343605
0118607beaed4571b94615a611bab570,62,native_gc3-native_gfl,1.20176494122,0.025906085968,-0.0031126588583,0.646203756332,0.00525450706482,-0.00350771844387,0.00902208685875
011a2229b2f949ffaac35b39e9ee9d78,63,native_gc3-native_gfl,1.03532552719,0.0406658649445,-0.011108070612,0.386568307877,0.00850254297256,-0.00512725114822,0.00971773266792
011e8dd9d04e4257b4c094b9cf279280,64,native_gc3-native_gfl,-0.984434485435,-0.0111315250397,0.00843423604965,-0.845328569412,-0.00503528118134,0.00483432412148,-0.00806751847267
012323854937400b839b3bedf4faa010,65,native_gc3-native_gfl,0.0842046737671,0.0139129757881,-0.00468838214874,-0.105593204498,0.00603067874908,0.00285524129868,0.000963807106018
0123ecfeeaf14efc8183597f2099e925,66,native_gc3-native_gfl,0.923023223877,0.023153424263,-0.00507590174675,0.445004701614,0.0137968659401,-0.000997498631477,0.00353091955185
012648b0eed74f67ad28527119aac2c4,67,native_gc3-native_gfl,2.10126519203,0.052069067955,-0.0343074202538,2.0296728611,-0.00224417448044,-0.019229888916,0.000704109668732
012989686a534d73bd7989501e713630,68,native_gc3-native_gfl,0.124540328979,0.00165404379368,-0.000224396586418,-0.365105867386,-0.00234466791153,0.000742346048355,0.00431498885155
012a565d39a644ea89685ae6cd4e5d8c,69,native_gc3-native_gfl,-0.954592227936,0.0107430815697,0.00701713562012,-0.62399148941,0.00406205654144,0.0138854980469,0.023230612278
012c0d5217494d12881d6b089bed0232,70,native_gc3-native_gfl,0.729281902313,0.0194066166878,-0.00153525173664,0.329207181931,0.00935053825378,-0.00530086457729,0.00533464550972
012d625661ad4c76b706f410b9be0640,71,native_gc3-native_gfl,-0.0385415554047,-0.0172467380762,0.00168230384588,-0.234028100967,0.00103896856308,-0.000865772366524,0.00140663981438
013c9572481f47a3adb59c76a934e1e4,72,native_gc3-native_gfl,-0.317072868347,0.0143472999334,0.00368385016918,-0.257751941681,0.00383651256561,-0.0127884149551,-0.000307202339172
013ff6659943447a9a569fdcbcd3abdb,73,native_gc3-native_gfl,-1.03720188141,0.00496265292168,0.00579741597176,-1.04781270027,0.00103366374969,0.00456222891808,-0.00180953741074
0144192045784fc8906de276b4e09eaa,74,native_gc3-native_gfl,0.696171522141,0.0185203701258,0.00110656023026,-0.0401163101196,0.00177997350693,-0.00488832592964,0.000393688678741
014a10fd129844228a18b568b069661d,75,native_gc3-native_gfl,-0.787504911423,-0.00873966515064,0.00372177362442,-0.727121829987,0.00281006097794,0.0054974257946,-0.0073783993721
014ca29813304ce68204fb48dc217636,76,native_gc3-native_gfl,1.55788064003,0.052858620882,-0.0081247612834,1.07033848763,0.00301796197891,-0.00522807985544,0.0100543498993
014ccee408664909b71f80702d003e14,77,native_gc3-native_gfl,1.74678206444,0.0395759940147,-0.00969766080379,1.35677814484,0.0127534866333,-0.00316673517227,0.00592428445816
01531de593f3468084dab12f6515e8e1,78,native_gc3-native_gfl,-1.20675861835,-0.0038370937109,0.00684720277786,-1.1271750927,-0.00195395946503,0.00583465397358,-0.005031645298
0154c6fe068243d4b2d5a704dad1cbc6,79,native_gc3-native_gfl,1.0404920578,0.030442237854,-0.0107069462538,0.631201267242,0.00380861759186,-0.00572994351387,0.00752311944962
01551e922711450f92b50843d4e0f2be,80,native_gc3-native_gfl,1.41529321671,0.037090420723,-0.0112356841564,0.830730199814,0.0120540261269,-0.00602522492409,0.017139852047
0157b39c4b434ceba885ddace4f5b9bd,81,native_gc3-native_gfl,-1.32926940918,-0.025707244873,0.00633177161217,-1.07497692108,0.000388264656067,0.00731985270977,-0.0125791430473
0158a691a8a64bd39527c6f9e750c8ee,82,native_gc3-native_gfl,2.38568067551,0.0848482847214,-0.0263992547989,2.09863305092,0.0179917812347,-0.02008202672,0.0220944285393
015c200ce786438c8e35ddf635d1e236,83,native_gc3-native_gfl,-0.803183317184,-0.0124613344669,0.00213369727135,-0.859650373459,-0.00228327512741,-0.000451847910881,-0.00138515233994
015d02aa38e04950825ec5f8dc3d533d,84,native_gc3-native_gfl,2.08555817604,0.0610245764256,-0.0135749578476,1.41412258148,0.0101962685585,-0.00660748779774,0.015418112278
015ee6e84a2d49e9b87dca6fdc4d49b4,85,native_gc3-native_gfl,0.387194156647,0.00546832382679,-0.00274533033371,0.313519239426,0.00405275821686,-0.000138595700264,0.00769847631454
016576dd30c1464f9115584748950ed2,86,native_gc3-native_gfl,1.16517543793,0.0260511636734,-0.00322978198528,0.734125375748,0.00841921567917,-0.00953680276871,0.0101458132267
01688042f526490ba8fe14aace17a558,87,native_gc3-native_gfl,1.7726546526,0.0307008326054,-0.0120524019003,1.14641070366,0.0119965672493,-0.00485184788704,0.0147194862366
0169a7e8458246b1b371706f507ec511,88,native_gc3-native_gfl,0.521006584167,0.0125309079885,-0.00458758324385,0.00604033470154,0.00194942951202,-0.00359535217285,0.00368532538414
0170db45fb744c4b91ffdf97a3f75ea3,89,native_gc3-native_gfl,-0.0917184352875,-0.00434812158346,-0.000796288251877,0.00866770744324,0.00402295589447,0.00185844302177,0.000161319971085
017c41aac5db41f3bfe2f7938a4834d1,90,native_gc3-native_gfl,0.29882311821,0.0252432823181,-0.00204586982727,-0.176422595978,0.00211763381958,0.00233156979084,0.00235813856125
017e5dfc6d0d4c12b3f1196d85a16c9b,91,native_gc3-native_gfl,0.0586211681366,-0.00213344395161,8.90344381332e-05,0.120594501495,0.00275218486786,-0.00728856027126,9.37879085541e-05
018034e069134727b9e6e5627234f42f,92,native_gc3-native_gfl,0.892603993416,0.0181023180485,-0.00369431078434,0.47737121582,0.00774139165878,-0.00612199306488,0.00638145208359
018487b190aa472caf198b265a3b4d61,93,native_gc3-native_gfl,1.28589212894,0.0327316224575,-0.00647559762001,0.846750736237,0.00985503196716,-0.00063781440258,0.0121468603611
0184e485100e433c9032f2132e99e095,94,native_gc3-native_gfl,0.297822952271,0.0158590972424,-0.00342373549938,0.1043176651,0.00511223077774,-0.000995755195618,0.00486221909523
018f683e86ea42eb8e98935e890eb9fd,95,native_gc3-native_gfl,1.65968894958,0.0313072502613,-0.014780446887,1.06590747833,0.0105597376823,-0.00956124067307,0.00881892442703
019a31cb0c1646758bc44d47366e32e6,96,native_gc3-native_gfl,1.56365275383,0.201919198036,-0.0168817043304,1.58205986023,0.0457721352577,-0.0169519484043,0.059156537056
019c097c504c4e1dbefcd1079619b8cf,97,native_gc3-native_gfl,-1.15334391594,-0.00846916437149,0.000437423586845,-1.20284557343,-0.00458842515945,0.00413888692856,-0.0156531333923
019cdc2fe9da4327aa8d617401d8189b,98,native_gc3-native_gfl,0.167664289474,0.014624863863,-0.00309389829636,-0.0340759754181,0.00361126661301,-0.0114658921957,0.00458270311356
01a4a9aa5dfc4436891849a88f2e99e7,99,native_gc3-native_gfl,2.06094741821,0.039393723011,-0.025463104248,1.67806744576,0.00860387086868,-0.0172921717167,0.0114852190018
01a76c394cc640f6ad469199166ece29,100,native_gc3-native_gfl,-0.445281267166,0.0165270864964,-0.00352291762829,-0.648823976517,0.00248062610626,0.00202979147434,-0.00378233194351
01b853942c324f83a89d27e97796200c,101,native_gc3-native_gfl,1.26467823982,0.0423167049885,-0.0123610496521,1.05039000511,0.012728869915,-0.0115954875946,0.00996026396751
01c7a9010fa6463897e5919443c72886,102,native_gc3-native_gfl,-1.05281770229,-0.0210808515549,0.00491599738598,-1.06169700623,0.00593531131744,0.00647224485874,-0.0141885876656
01c80c7c0e954db9a53a11fabc2053eb,103,native_gc3-native_gfl,-0.214309692383,-0.00187814235687,0.00150243192911,-0.155347585678,0.00147765874863,-0.00139524042606,-0.00128921866417
01d0e94dc746416484c9157bbe320203,104,native_gc3-native_gfl,0.872839689255,0.0279735326767,-0.0114706456661,0.657958984375,0.00628167390823,-0.00885799527168,0.0197080075741
01d1c15787514d14a4538256a88b43a5,105,native_gc3-native_gfl,1.32920324802,0.0396038889885,-0.00597222149372,0.697374343872,0.00363284349442,-0.0107732862234,0.0148546695709
01d2ae479ed74c7188c270dea892cf67,106,native_gc3-native_gfl,-1.1627393961,0.00815904140472,0.000429198145866,-1.17662787437,0.00263494253159,0.00353482365608,-0.00992074608803
01d9dd3aa5dc46c3a44bfd40d5898c0e,107,native_gc3-native_gfl,-1.15593314171,0.0075141787529,-0.00111983716488,-1.1656332016,0.00364631414413,0.0108937323093,-0.00210416316986
01eac793c4ec40c5aa6bbd09b45fc26a,108,native_gc3-native_gfl,2.57120609283,0.0732352137566,-0.0188931524754,2.01521396637,0.0214696526527,-0.00584757328033,0.0238991379738
01f0c1dd487e43f795830fe6008142e4,109,native_gc3-native_gfl,0.718334913254,0.00861912965775,-0.00231719017029,0.277819633484,0.00222545862198,0.00219416618347,0.00206875801086
01f1cc659cb847a4a7366b84844641c2,110,native_gc3-native_gfl,-0.0666564702988,0.00265914201736,0.00454379618168,-0.070972442627,0.00523525476456,-0.0192250162363,0
01f3115282994da9b32967eb2075d4aa,111,native_gc3-native_gfl,2.2414290905,0.108645528555,-0.0187153220177,2.13163018227,0.0233863592148,-0.0122587382793,-0.0206783413887
01f376bb2b5a4860a53914dbf66d4ac0,112,native_gc3-native_gfl,-0.655274391174,0.00394612550735,-0.00278177857399,-0.564069747925,0.0116359591484,-0.00943623483181,0.00348138809204
01f3fb1336a444309e9959d359c8b4ab,113,native_gc3-native_gfl,-1.54401898384,0.0235477983952,-0.00780826807022,-1.62772655487,-0.00728297233582,0.00102692842484,-0.0185763835907
01f64ccc5e5049e29c3e8be0aaf31bd5,114,native_gc3-native_gfl,-0.480300188065,-0.0192758888006,0.00374583899975,-0.280925035477,-0.000362873077393,-0.00143323838711,-0.00471979379654
01f6b5adc5c44c17b159d7dc2f7f6dd6,115,native_gc3-native_gfl,0.97375869751,0.0347009897232,-0.000579103827477,0.561118125916,0.00713235139847,0.000703424215317,0.0100876688957
01f74014d40f436e91fbf60e7f688057,116,native_gc3-native_gfl,1.7435503006,0.0461270213127,-0.0145539939404,1.18809461594,0.0132248997688,-0.00527645647526,0.0191720128059
01fb4fff624544a88317709570572e0f,117,native_gc3-native_gfl,0.862329006195,0.0585210621357,-0.00845149159431,0.459996461868,0.0100513696671,-0.00274509191513,0.0135157108307
01fbee27f8f74a1eaf7e613de5cb78ee,118,native_gc3-native_gfl,0.800310373306,0.0286674499512,-0.00385698676109,0.36009311676,0.00806295871735,-0.00448174774647,0.00845634937286
01ffee46c0644a17a8ac9f9f3bf7ef4d,119,native_gc3-native_gfl,1.20754718781,0.0230161547661,-0.0134234875441,0.394512414932,0.0102062821388,-0.0104332566261,0.0097251534462
0200b7f6eb574385ace14b2d03502ec2,120,native_gc3-native_gfl,1.13879203796,0.00659127533436,-0.0111561641097,0.54797410965,0.00217962265015,-0.000442430377007,0.00620543956757
02010e17a28845cc921858cc24ece163,121,native_gc3-native_gfl,-0.503019094467,-0.0327047258615,-0.00921112298965,0.0939965248108,0.00333970785141,-0.0129850506783,0.0201423764229
02097b72cb764df79f0188df985014a5,122,native_gc3-native_gfl,0.604432821274,0.0386052131653,0.002038449049,0.400669574738,0.00668156147003,-0.00120151042938,0.0343827605247
020bc99c57c04bf6abfc9fe91a6a1215,123,native_gc3-native_gfl,-1.14707946777,0.0176105499268,0.00523509085178,-1.0958147049,-0.00171136856079,0.00352357327938,-0.00502124428749
0214176d73af485287532957baf9888b,124,native_gc3-native_gfl,-0.594522356987,-4.74900007248e-05,-0.00394889712334,-0.652275085449,0.00720369815826,-0.000656142830849,-0.00887382030487
021504573eab4f8995e46ac306744e04,125,native_gc3-native_gfl,2.39822804928,0.054988861084,-0.0246185064316,2.00165271759,0.0123177170753,-0.020644068718,0.0243391692638
0219f955d31b4907b5eeb6a345a47eb2,126,native_gc3-native_gfl,0.757966041565,0.0415488481522,-0.0102373510599,-0.0193905830383,0.00403279066086,-0.00760570168495,0.00260204076767
021a5902e34c4742a828335c86bfe4cd,127,native_gc3-native_gfl,-0.119055509567,0.00338657200336,0.00277438759804,-0.0789988040924,0.000239431858063,-0.017524972558,0.00382617115974
0222f2054a72477a9af17694d4ab1a9e,128,native_gc3-native_gfl,1.17867827415,0.0362401902676,-0.0156883299351,0.790864229202,0.00855618715286,-0.00616550445557,0.0177744328976
0228c654c3b44da99c4b3b75d5f8b1cb,129,native_gc3-native_gfl,0.069208741188,0.00265966355801,-0.00388941168785,-0.104001760483,0.00194948911667,-0.00918017327785,-0.000966429710388
022a46a47f70497badb519b86f7d0dfa,130,native_gc3-native_gfl,-0.261619091034,0.0822460651398,-0.0387154221535,-0.254509449005,0.00525218248367,-0.0358352661133,0.00670871138573
022c1581dcd44145a86c1522d7ab44d3,131,native_gc3-native_gfl,-0.974456071854,0.0125268697739,0.00328159332275,-0.820844173431,0.00483411550522,-0.00888501107693,-0.00603252649307
023d8f2444234e6185ca713309cfeb99,132,native_gc3-native_gfl,-0.268235206604,0.0479546487331,-0.00679108500481,-0.505979061127,0.00786972045898,-0.00967775285244,-0.00156572461128
0247b01389f541e8a22ab2f98e44c953,133,native_gc3-native_gfl,0.412456989288,0.0363930165768,-0.0113089829683,0.0309133529663,0.0059951543808,-0.00399640202522,0.00708478689194
024a0d26f2ab4be8bacf86127e23e6aa,134,native_gc3-native_gfl,-0.492180585861,0.0103853046894,0.00166080892086,-0.37957906723,0.00414526462555,0.00627207756042,1.99675559998e-05
024b1ec28a404f46866c62a69d6370d8,135,native_gc3-native_gfl,-0.214455127716,0.00365380942822,0.00317743420601,-0.162352323532,0.00410461425781,0.00842040777206,0.000721603631973
025784ce00f14da9bcfe44013eb2289c,136,native_gc3-native_gfl,-0.03249168396,-0.00428529083729,0.00404860079288,-0.287172794342,0.00550776720047,0.00791339576244,-0.00876122713089
025828c4084440649cde38135a9d8a2e,137,native_gc3-native_gfl,1.15051031113,0.015088647604,-0.00625313818455,0.497559309006,0.00604969263077,-0.0263776481152,0.00264027714729
025c1e16f9634c71be21574417c1b8a7,138,native_gc3-native_gfl,-0.44383764267,-0.0102658569813,-0.000780910253525,-0.594965219498,-0.000281512737274,0.000360652804375,-0.008908867836
025cf7f3f4524bf7b69a822007bcdf3a,139,native_gc3-native_gfl,1.88259184361,0.0451338589191,-0.0105212628841,1.63978695869,0.0108497142792,-0.0110588371754,0.0159518122673
026dd4fca8a347e799ff5bfd78df68bb,140,native_gc3-native_gfl,0.959770679474,0.0177020728588,-0.00741299986839,0.736134052277,0.00700134038925,-0.00336264073849,0.00161170959473
0278450d1e324c33904e160e115f6fbd,141,native_gc3-native_gfl,1.82074069977,0.0345887541771,-0.00731509923935,1.25128865242,0.0114419460297,-0.00165520608425,0.011251449585
0281cce51dcb43988b3d3760c0fb335e,142,native_gc3-native_gfl,0.281029939651,0.0277395546436,-0.00357264280319,0.0416946411133,0.0076225399971,9.59634780884e-05,0.00542289018631
02871968fcbd46dc9f5059ec1fc7d13b,143,native_gc3-native_gfl,0.930498242378,0.0325318872929,-0.0056618899107,0.609668493271,0.00407546758652,-0.0277366042137,0.0159630775452
0288b5d8dfda43b9938f0dcf1ac86da2,144,native_gc3-native_gfl,0.490711927414,0.00508731603622,0.00124182552099,-0.149555206299,-0.000275492668152,0.00121489167213,0.00736969709396
028f74fc5b384764826acb595846b9d8,145,native_gc3-native_gfl,0.760564208031,0.0164932310581,-0.00230653584003,0.353584289551,0.00487983226776,-0.00322251021862,0.0121519565582
0290737f64b14b08b87faa644580f3a9,146,native_gc3-native_gfl,0.30436873436,0.00927087664604,-0.00195816159248,0.153033733368,0.00392127037048,-0.000643342733383,0.00352996587753
029bf16fe8e2495bbadd991b7358559a,147,native_gc3-native_gfl,1.38125002384,0.0352337956429,-0.00722084194422,0.89913725853,0.0101783871651,-0.00276574492455,0.0139362812042
029d4dcccd66451c847a4dc5da36b5e6,148,native_gc3-native_gfl,0.159713029861,0.0146833956242,-0.00443774461746,0.00607490539551,0.00425028800964,0.00262823700905,0.00166845321655
029e028b4a6842c29183b6a30bb2f04e,149,native_gc3-native_gfl,0.0823879241943,0.0106499791145,-0.00154237449169,-0.0802385807037,0.00914508104324,-0.0127090215683,0.00459110736847
