object,uid,glb,stratum,stratum_label,delta_c3_minus_high_fg_psnr,delta_c3_minus_high_fg_ssim,texture_complexity,gt_fg_rgb_std,gt_fg_lap_var,gt_fg_hf_energy
obj_0073,f86788d97a9f479f80efc227a43f4b1f,/home/ubuntu/.objaverse/hf-objaverse-v1/glbs/000-021/f86788d97a9f479f80efc227a43f4b1f.glb,0,negative,-0.8919139206409454,-0.009618446230888367,0.36458992352709174,0.0021059527061879635,0.010267160832881927,0.35221680998802185
obj_0076,f93983d6ecf44f40b096b71a63e06e3e,/home/ubuntu/.objaverse/hf-objaverse-v1/glbs/000-020/f93983d6ecf44f40b096b71a63e06e3e.glb,0,negative,-0.05008339881896973,0.1563650518655777,0.4615168645977974,0.013144765049219131,0.032235924154520035,0.4161361753940582
obj_0090,fb669d51b8eb43969e0c07285f772f01,/home/ubuntu/.objaverse/hf-objaverse-v1/glbs/000-020/fb669d51b8eb43969e0c07285f772f01.glb,0,negative,-0.4854774475097656,0.03350955247879028,0.556778721511364,0.04328455775976181,0.0677085816860199,0.4457855820655823
obj_0096,fce3d47b8a6b4f8ea3e727af33f5d3af,/home/ubuntu/.objaverse/hf-objaverse-v1/glbs/000-021/fce3d47b8a6b4f8ea3e727af33f5d3af.glb,1,low_or_neutral,0.31045466661453247,0.046791210770606995,0.3305677603930235,0.03686933591961861,0.00978427566587925,0.28391414880752563
obj_0028,ef76282850be4509b0a0d54453e5b324,/home/ubuntu/.objaverse/hf-objaverse-v1/glbs/000-020/ef76282850be4509b0a0d54453e5b324.glb,1,low_or_neutral,0.3620344400405884,0.03462059795856476,0.4383751656860113,0.012456340715289116,0.05996633321046829,0.3659524917602539
obj_0086,fad0fc53450c43ceb7ea12db8008cbf0,/home/ubuntu/.objaverse/hf-objaverse-v1/glbs/000-021/fad0fc53450c43ceb7ea12db8008cbf0.glb,1,low_or_neutral,0.6748199462890625,0.09127634018659592,0.536359790712595,0.11893025040626526,0.04861989989876747,0.36880964040756226
obj_0053,f49a08efb8a544efb98d4d806b0d1c27,/home/ubuntu/.objaverse/hf-objaverse-v1/glbs/000-050/f49a08efb8a544efb98d4d806b0d1c27.glb,2,moderate,0.9167593717575073,0.22431594133377075,0.3129309415817261,0.008528981357812881,0.019754555076360703,0.2846474051475525
obj_0059,f5b73e33b87644a697daea7b02102958,/home/ubuntu/.objaverse/hf-objaverse-v1/glbs/000-020/f5b73e33b87644a697daea7b02102958.glb,2,moderate,1.0724246501922607,0.0312981903553009,0.38854142278432846,0.04287585988640785,0.014817316085100174,0.33084824681282043
obj_0030,efd1e09f4a2f4fa9b0ed0122d77d1e6e,/home/ubuntu/.objaverse/hf-objaverse-v1/glbs/000-020/efd1e09f4a2f4fa9b0ed0122d77d1e6e.glb,2,moderate,0.8891552686691284,0.05590134859085083,0.41888729110360146,0.06886164844036102,0.02446310594677925,0.3255625367164612
obj_0029,ef9493fe1120496495ae7a9407eb0951,/home/ubuntu/.objaverse/hf-objaverse-v1/glbs/000-020/ef9493fe1120496495ae7a9407eb0951.glb,3,positive,2.509087324142456,0.3389230817556381,0.27091686031781137,0.043008074164390564,0.003427933668717742,0.22448085248470306
obj_0045,f3c09183979240288d33e6e989d89882,/home/ubuntu/.objaverse/hf-objaverse-v1/glbs/000-021/f3c09183979240288d33e6e989d89882.glb,3,positive,1.9835400581359863,-0.0016846656799316406,0.4027622267603874,0.010870737954974174,0.017873534932732582,0.37401795387268066
obj_0093,fc28c7110c15496dbe05d9cff4ba6a21,/home/ubuntu/.objaverse/hf-objaverse-v1/glbs/000-021/fc28c7110c15496dbe05d9cff4ba6a21.glb,3,positive,1.5497827529907227,0.08188891410827637,0.515322720631957,0.1635044515132904,0.02262667380273342,0.3291915953159332
