object,geometry_source,schedule,psnr,fg_ssim,edge_ssim,fg_lpips,ciede2000,gt_relative_texture_error
obj_0000,exact_mesh,LLL,15.016189667572462,0.602172464132309,0.2560005262494087,0.20003168533245722,14.798766454060873,2.047071775904941
obj_0000,exact_mesh,HLL,15.002011963731775,0.6025362064441045,0.2553737436731656,0.20013794799645743,14.799442132314047,2.0972759688053775
obj_0000,exact_mesh,LHL,14.996775155261325,0.6022054702043533,0.2560359711448352,0.20010616878668466,14.830580075581869,2.0513231982630926
obj_0000,exact_mesh,LLH,15.024446562947787,0.6025006870428721,0.25620417793591815,0.1999158983429273,14.811720530192057,2.0612260196408276
obj_0000,exact_mesh,HHL,14.98426663167443,0.6024744311968485,0.25535888721545535,0.2002947355310122,14.830579121907553,2.1021763601178916
obj_0000,exact_mesh,HLH,15.012358348431919,0.6029251764218012,0.25573669622341794,0.19996926933526993,14.81267817815145,2.1186323007181156
obj_0000,exact_mesh,LHH,15.000151484099497,0.6020140995581945,0.2561130498846372,0.19997329513231912,14.852304776509603,2.046442043311481
obj_0000,exact_mesh,HHH,14.989805152059077,0.6024817725022634,0.2556470036506653,0.20009573797384897,14.847321510314941,2.0996178500358234
obj_0001,exact_mesh,LLL,12.865343493132977,0.42325560251871747,0.17842001592119536,0.3434860457976659,19.093770662943523,1.1373081862380654
obj_0001,exact_mesh,HLL,12.797941666731319,0.42177454630533856,0.17810369034608206,0.3433363040288289,19.337070147196453,1.1316977333981237
obj_0001,exact_mesh,LHL,12.838466931156766,0.41977573931217194,0.17785298451781273,0.34320874512195587,19.18532657623291,1.1325255224104942
obj_0001,exact_mesh,LLH,12.877714256034926,0.42372557520866394,0.17853403588136038,0.3439158300558726,19.07299582163493,1.1420665843907374
obj_0001,exact_mesh,HHL,12.809061693510253,0.4193187008301417,0.1773414102693399,0.34399721523125965,19.309029897054035,1.1358553527942192
obj_0001,exact_mesh,HLH,12.817237759252924,0.4232167750597,0.17838430404663086,0.3440045913060506,19.2994441986084,1.150286553871519
obj_0001,exact_mesh,LHH,12.852885007052373,0.42087624470392865,0.1782742403447628,0.3439829995234807,19.15976603825887,1.1439159719374838
obj_0001,exact_mesh,HHH,12.823088737592167,0.4201815774043401,0.17791498949130377,0.34455929199854535,19.287468751271565,1.148677969548301
obj_0002,exact_mesh,LLL,11.367503405131195,0.6529686748981476,0.27777116497357685,0.2252335548400879,26.970359484354656,6.461163045318166
obj_0002,exact_mesh,HLL,11.360880059032432,0.6528681119283041,0.27776073416074115,0.22540884961684546,26.965102195739746,6.511978411410364
obj_0002,exact_mesh,LHL,11.360692942833582,0.6528436144193014,0.2777680953343709,0.22538185367981592,26.96543820699056,6.313116879734924
obj_0002,exact_mesh,LLH,11.37101243766739,0.6529084245363871,0.2777754192550977,0.22495659192403158,26.961835861206055,6.124150224954843
obj_0002,exact_mesh,HHL,11.359807649660652,0.6527195672194163,0.2777450233697891,0.22538657734791437,26.965623537699383,6.376841535941222
obj_0002,exact_mesh,HLH,11.366203225991597,0.6528399089972178,0.27776019523541134,0.22524463385343552,26.958146731058758,6.161559382202899
obj_0002,exact_mesh,LHH,11.367466558132913,0.6528277695178986,0.2777791942159335,0.22509792943795523,26.957921663920086,6.347609442623145
obj_0002,exact_mesh,HHH,11.362228449203096,0.6527502636114756,0.27775845179955166,0.22526211539904276,26.95635922749837,6.50395472835023
obj_0003,exact_mesh,LLL,12.661586116492304,0.550315390030543,0.271451177696387,0.2634376088778178,20.904323895772297,2.3361084429826877
obj_0003,exact_mesh,HLL,12.696436951297192,0.5504068583250046,0.2713770791888237,0.2629999443888664,20.815751393636067,2.3207748083445683
obj_0003,exact_mesh,LHL,12.653569415017117,0.5499540269374847,0.2714792663852374,0.2633037467797597,20.91138521830241,2.3306233473999
obj_0003,exact_mesh,LLH,12.660675962196029,0.550038476785024,0.27140027036269504,0.2627791066964467,20.894986470540363,2.298559424366533
obj_0003,exact_mesh,HHL,12.690439881906642,0.5502097507317861,0.27145667374134064,0.2627080927292506,20.815181732177734,2.310713102153192
obj_0003,exact_mesh,HLH,12.697238408585287,0.550496906042099,0.27137155334154767,0.26244741678237915,20.799096425374348,2.289560962439133
obj_0003,exact_mesh,LHH,12.651955926904515,0.5496980448563894,0.2714754045009613,0.2627296894788742,20.909721692403156,2.284861323525733
obj_0003,exact_mesh,HHH,12.688877300632385,0.5499732345342636,0.2712857003013293,0.26238614072402316,20.807472864786785,2.2649076129895485
obj_0004,exact_mesh,LLL,12.296087476261702,0.5638119131326675,0.2204776555299759,0.34890638291835785,24.770453135172527,2.9690332566739723
obj_0004,exact_mesh,HLL,12.299170954189455,0.5642035057147344,0.220612699786822,0.3488968114058177,24.767742156982422,2.9486260603756063
obj_0004,exact_mesh,LHL,12.30170883968961,0.5645067592461904,0.22028698275486627,0.3489307363828023,24.76125208536784,2.956679775746245
obj_0004,exact_mesh,LLH,12.298405904928357,0.5638924489418665,0.2202958439787229,0.3491775343815486,24.789452870686848,2.975163544128641
obj_0004,exact_mesh,HHL,12.302568697003965,0.5649080177148184,0.22047613064448038,0.3488506426413854,24.75991725921631,2.943969833993352
obj_0004,exact_mesh,HLH,12.302603421076086,0.5642769187688828,0.22055253138144812,0.34921376903851825,24.788666407267254,2.968236569345001
obj_0004,exact_mesh,LHH,12.301861303524435,0.5644901643196741,0.22013645122448602,0.3491305112838745,24.79093869527181,2.9680715512937486
obj_0004,exact_mesh,HHH,12.306570053072916,0.5650577495495478,0.2203238382935524,0.34921442965666455,24.783793449401855,2.975281642680564
obj_0005,exact_mesh,LLL,14.438911460962252,0.44365723927815753,0.2090660259127617,0.08561856051286061,16.382140000661213,0.5757281460300178
obj_0005,exact_mesh,HLL,14.441830818654354,0.44472049673398334,0.20887256662050882,0.0856401218722264,16.378353436787922,0.5855597389027937
obj_0005,exact_mesh,LHL,14.423741260186043,0.44522227346897125,0.2094485436876615,0.0858230156203111,16.398804187774658,0.5766444761204835
obj_0005,exact_mesh,LLH,14.454688735149638,0.44567789634068805,0.20977208266655603,0.08562908383707206,16.255716959635418,0.57700894200984
obj_0005,exact_mesh,HHL,14.426827565853893,0.4463203251361847,0.20925450325012207,0.08584521897137165,16.38559325536092,0.5879815093786661
obj_0005,exact_mesh,HLH,14.4548995073471,0.44655131300290424,0.2095432529846827,0.08562321774661541,16.259588559468586,0.5833050788489306
obj_0005,exact_mesh,LHH,14.440927758550961,0.4465525497992833,0.20962282021840414,0.08584381826221943,16.278833707173664,0.5725678928373719
obj_0005,exact_mesh,HHH,14.444217089995112,0.44733987748622894,0.20911832402149835,0.08582140691578388,16.27224858601888,0.5816845983799528
obj_0006,exact_mesh,LLL,12.080016459417045,0.42434025307496387,0.27072923133770627,0.10681322341163953,26.97159544626872,1.619651995159656
obj_0006,exact_mesh,HLL,12.071803669188485,0.42366495728492737,0.269877349336942,0.10676561916867892,26.9440434773763,1.6404570084240184
obj_0006,exact_mesh,LHL,12.063011745398867,0.4240984171628952,0.26951658229033154,0.10665750255187352,26.99616050720215,1.5904265481230684
obj_0006,exact_mesh,LLH,12.06162189088468,0.42483359575271606,0.2701580648620923,0.10674196605881055,27.12680212656657,1.5566278443200166
obj_0006,exact_mesh,HHL,12.05103030730242,0.4237871567408244,0.2695148189862569,0.10683726022640865,27.004051844278973,1.591788623203519
obj_0006,exact_mesh,HLH,12.061356775077698,0.4248246103525162,0.26994764308134717,0.10657367234428723,27.041324615478516,1.5681614663991281
obj_0006,exact_mesh,LHH,12.04495496341905,0.4248482634623845,0.2692044998208682,0.10651758313179016,27.14461835225423,1.511563058173856
obj_0006,exact_mesh,HHH,12.041302274641781,0.4248914122581482,0.26934296637773514,0.10649370277921359,27.09451389312744,1.4975063158472424
obj_0007,exact_mesh,LLL,10.446140889184546,0.4823305159807205,0.25437824924786884,0.2766278882821401,24.949398676554363,0.8393307925304457
obj_0007,exact_mesh,HLL,10.449660587363732,0.4831034292777379,0.254651203751564,0.2758192966381709,24.975897471110027,0.8198186240994204
obj_0007,exact_mesh,LHL,10.449622803457851,0.48335238297780353,0.2539506008227666,0.27590889235337573,24.939759572347004,0.8223255560394213
obj_0007,exact_mesh,LLH,10.449298226849178,0.48248767852783203,0.25503132740656537,0.2762667164206505,24.951475779215496,0.8287954463550248
obj_0007,exact_mesh,HHL,10.445640034289601,0.4839768260717392,0.25363991409540176,0.27536240716775257,24.942389170328777,0.7998145580506573
obj_0007,exact_mesh,HLH,10.454173825204224,0.4832965284585953,0.2553148915370305,0.27522512525320053,24.97708034515381,0.8151802646427192
obj_0007,exact_mesh,LHH,10.456232298573953,0.48357250293095905,0.25447898854811984,0.2754817803700765,24.944279352823894,0.8132754743979546
obj_0007,exact_mesh,HHH,10.454865007545857,0.4842740297317505,0.25385210166374844,0.2748685007294019,24.95116138458252,0.7909599763915294
obj_0008,exact_mesh,LLL,16.673975055293397,0.7248378694057465,0.27194811403751373,0.13340175772706667,16.506108442942303,1.913584710325911
obj_0008,exact_mesh,HLL,16.692148147704994,0.7242472171783447,0.27199160555998486,0.13336314260959625,16.443552017211914,1.8540089428206112
obj_0008,exact_mesh,LHL,16.804233516544162,0.7251011331876119,0.2722497855623563,0.13353864972790083,16.318074862162273,1.8818990250474352
obj_0008,exact_mesh,LLH,16.705312010424677,0.7244750559329987,0.27169986565907794,0.13314660266041756,16.46018648147583,1.8566855953540307
obj_0008,exact_mesh,HHL,16.798794178967757,0.7240283787250519,0.2712111324071884,0.1333515184621016,16.291826248168945,1.8078906208142465
obj_0008,exact_mesh,HLH,16.73509602978575,0.7237339317798615,0.2717462405562401,0.13310008496046066,16.37521727879842,1.7960203535245203
obj_0008,exact_mesh,LHH,16.830375372336807,0.7246484458446503,0.27208378414313,0.13324544206261635,16.281235218048096,1.823128792785714
obj_0008,exact_mesh,HHH,16.83680167250574,0.7236700654029846,0.27111609528462094,0.13309830551346144,16.22660477956136,1.7551007936663403
obj_0009,exact_mesh,LLL,20.7360117205923,0.632219543059667,0.38327135145664215,0.1829857019086679,11.26371971766154,2.7972040883698064
obj_0009,exact_mesh,HLL,20.76772502076271,0.632646252711614,0.3839447945356369,0.18283081675569215,11.257046063741049,2.8500933497667944
obj_0009,exact_mesh,LHL,20.726782227063662,0.6321729520956675,0.383194958170255,0.1832405018309752,11.336175441741943,2.809267107619472
obj_0009,exact_mesh,LLH,20.737116639862453,0.6317605972290039,0.3826506535212199,0.18294392029444376,11.29546038309733,2.766203988099704
obj_0009,exact_mesh,HHL,20.687036927449476,0.6317578852176666,0.3831491619348526,0.18349387993415198,11.369182586669922,2.8220342208080393
obj_0009,exact_mesh,HLH,20.776880096333404,0.6322584052880605,0.3834345241387685,0.18300049006938934,11.264544328053793,2.7871636337068266
obj_0009,exact_mesh,LHH,20.72366348959059,0.6316547095775604,0.3826230963071187,0.18306119740009308,11.349891503651937,2.747148089457229
obj_0009,exact_mesh,HHH,20.698312283775298,0.631391723950704,0.38274992009003955,0.1832482082148393,11.361622015635172,2.752482740195687
obj_0010,exact_mesh,LLL,11.351912112901976,0.405397708217303,0.16538944840431213,0.1489279642701149,21.27521578470866,0.7268878895638456
obj_0010,exact_mesh,HLL,11.289848177883043,0.40516313910484314,0.1651607503493627,0.14963122084736824,21.455280939737957,0.7502865487886243
obj_0010,exact_mesh,LHL,11.338638289475526,0.4054219375054042,0.16548856099446616,0.14921826745073,21.33170986175537,0.7030999326884283
obj_0010,exact_mesh,LLH,11.362078487258932,0.4070362150669098,0.16516750305891037,0.14900900920232138,21.27423604329427,0.7237675282485739
obj_0010,exact_mesh,HHL,11.253773585226915,0.4051494598388672,0.16478327165047327,0.1500976930061976,21.58968734741211,0.7319591021629396
obj_0010,exact_mesh,HLH,11.296738370527171,0.40661903222401935,0.16488702098528543,0.14968483398358026,21.45984141031901,0.7459353058429169
obj_0010,exact_mesh,LHH,11.34712191294912,0.4067443410555522,0.1651903291543325,0.14929361889759699,21.334642728169758,0.7008307267221993
obj_0010,exact_mesh,HHH,11.259059441185997,0.4062302162249883,0.16461587200562158,0.15016287689407667,21.58944797515869,0.7278596173763087
obj_0011,exact_mesh,LLL,10.956789129852408,0.5235326985518137,0.22790178284049034,0.26055924842755,24.978550910949707,1.227255157422053
obj_0011,exact_mesh,HLL,10.936187527149507,0.5210592150688171,0.22648894165953,0.260632003347079,24.978766759236652,1.2295317138528121
obj_0011,exact_mesh,LHL,10.966509662285686,0.5264447182416916,0.22686909387509027,0.26060238977273303,24.969183286031086,1.2339002119520763
obj_0011,exact_mesh,LLH,10.977195871279802,0.5250793049732844,0.22799629718065262,0.2604984963933627,24.91764195760091,1.2389317947935166
obj_0011,exact_mesh,HHL,10.946106821435578,0.5247916330893835,0.2261653592189153,0.26071840276320773,24.983144760131836,1.2351297558469077
obj_0011,exact_mesh,HLH,10.958362693900208,0.5225120484828949,0.22661342099308968,0.2605207835634549,24.940046628316242,1.2448120008699297
obj_0011,exact_mesh,LHH,10.983817769208201,0.527822141846021,0.2269096076488495,0.26043562839428586,24.940035820007324,1.2469713458797391
obj_0011,exact_mesh,HHH,10.965172444962647,0.526348719994227,0.22650635490814844,0.2605191320180893,24.949143409729004,1.2505152363373173
obj_0012,exact_mesh,LLL,12.548875502886853,0.4773033360640208,0.1938073361913363,0.28461868812640506,27.250427563985188,1.1941943117964111
obj_0012,exact_mesh,HLL,12.604427123213696,0.47193338473637897,0.19252045204242071,0.28497131168842316,27.12965265909831,1.2203059398631133
obj_0012,exact_mesh,LHL,12.55204700264275,0.4768136739730835,0.19477074096600214,0.28449871639410657,27.22779591878255,1.1752694495510512
obj_0012,exact_mesh,LLH,12.558776073280223,0.47793492178122204,0.19408024847507477,0.2850252538919449,27.256745020548504,1.1786189634693318
obj_0012,exact_mesh,HHL,12.599926889667232,0.4698761999607086,0.19195777674516043,0.2853960668047269,27.06633758544922,1.2134395298120981
obj_0012,exact_mesh,HLH,12.621263018557462,0.4726618031660716,0.19251182427008948,0.2860617885986964,27.09932867685954,1.2110301817316065
obj_0012,exact_mesh,LHH,12.559667649150144,0.47763238350550336,0.19512547552585602,0.2852676386634509,27.254183769226074,1.1608448444396748
obj_0012,exact_mesh,HHH,12.616402016551119,0.4712693045536677,0.19282053659359613,0.2862194925546646,27.038398106892902,1.196862069153462
obj_0013,exact_mesh,LLL,13.163444281732358,0.8187956909338633,0.38330186903476715,0.16621881971756616,16.943129062652588,0.76173031522283
obj_0013,exact_mesh,HLL,13.173201556630966,0.8217466274897257,0.3848746468623479,0.1706351935863495,17.05062421162923,0.8927251296323412
obj_0013,exact_mesh,LHL,13.409815955042228,0.8485417366027832,0.39471181730429333,0.1710113361477852,16.455410639444988,3.8498741826004785
obj_0013,exact_mesh,LLH,13.130385097905153,0.8254838983217875,0.38623135288556415,0.16838193808992705,17.05105749766032,1.0092888609244866
obj_0013,exact_mesh,HHL,13.478783694793249,0.8501678009827932,0.39588866134484607,0.1706970458229383,16.356834093729656,5.217435736369735
obj_0013,exact_mesh,HLH,13.128364541379746,0.8272742132345835,0.38689425587654114,0.1740365152557691,17.12787135442098,1.1672879920282282
obj_0013,exact_mesh,LHH,13.408031471178916,0.8494322498639425,0.39548810323079425,0.17519599696000418,16.475607872009277,4.95922855417335
obj_0013,exact_mesh,HHH,13.39235650586692,0.8490393161773682,0.39545008540153503,0.17618280400832495,16.513166745503742,5.245534975192561
obj_0014,exact_mesh,LLL,9.90432614580304,0.4375542998313904,0.15786189089218775,0.39662449558575946,28.47836399078369,7.646085234672017
obj_0014,exact_mesh,HLL,9.901532441165585,0.4375653813282649,0.15780950337648392,0.3962882806857427,28.50847562154134,7.507577500905459
obj_0014,exact_mesh,LHL,9.899534117402412,0.43758624792099,0.1580058162411054,0.39578967293103534,28.52910550435384,7.471002549749833
obj_0014,exact_mesh,LLH,9.903138655060262,0.43752896785736084,0.15777231504519781,0.39641091227531433,28.48710600535075,7.5407243686275045
obj_0014,exact_mesh,HHL,9.89764611980531,0.4375848074754079,0.15808257212241492,0.3953393151362737,28.544268290201824,7.597469723750667
obj_0014,exact_mesh,HLH,9.900515252263643,0.43755002319812775,0.15779601285854974,0.3957759191592534,28.516199429829914,7.542186419793886
obj_0014,exact_mesh,LHH,9.900219248037152,0.4375586012999217,0.15791331976652145,0.39575522641340893,28.520638783772785,7.513284728845865
obj_0014,exact_mesh,HHH,9.898569174884999,0.43755924701690674,0.15801120301087698,0.3953983833392461,28.538578669230144,7.880100644624183
obj_0015,exact_mesh,LLL,13.370129531869162,0.8907925486564636,0.41052891314029694,0.23972122619549432,16.430224259694416,0.6506082392882292
obj_0015,exact_mesh,HLL,13.146847099496759,0.9035776555538177,0.4134279638528824,0.20156856377919516,17.009345054626465,1.2014049909384754
obj_0015,exact_mesh,LHL,13.19121903922185,0.9105386634667715,0.4163445581992467,0.2023275668422381,16.963237285614014,1.6032175201382515
obj_0015,exact_mesh,LLH,13.331963961610533,0.8931167622407278,0.41114137570063275,0.24007550378640494,16.51000467936198,0.6135798196154311
obj_0015,exact_mesh,HHL,13.184514461044985,0.9123165905475616,0.41699615120887756,0.17493610953291258,16.98974879582723,2.967314950059974
obj_0015,exact_mesh,HLH,13.156435161818516,0.9054405788580576,0.4136531750361125,0.2047959491610527,16.995876630147297,1.3239769748396304
obj_0015,exact_mesh,LHH,13.160422073716523,0.9102417528629303,0.41607455412546795,0.2050481637318929,17.04990832010905,1.6282995150924713
obj_0015,exact_mesh,HHH,13.097109896264245,0.9116138915220896,0.4166664779186249,0.17899181445439658,17.161728700002033,3.116073034882536
obj_0016,exact_mesh,LLL,13.54985975245357,0.3152537594238917,0.15339567015568414,0.07848582230508327,20.361485799153645,0.9510843697802943
obj_0016,exact_mesh,HLL,13.597005121151758,0.3159753928581874,0.15326309452454248,0.07850486288468043,20.283905029296875,0.9556316377633025
obj_0016,exact_mesh,LHL,13.48594774309147,0.3134635388851166,0.15212118873993555,0.07842876762151718,20.41681893666585,0.9261283713302713
obj_0016,exact_mesh,LLH,13.568574931468492,0.3153268148501714,0.15408474951982498,0.07860021914045016,20.290410041809082,0.9410936105370499
obj_0016,exact_mesh,HHL,13.492367512820323,0.31320268909136456,0.1523709495862325,0.07850643495718639,20.355485280354817,0.906557047257012
obj_0016,exact_mesh,HLH,13.610766374607891,0.31465894480546314,0.15366839865843454,0.07878492896755536,20.200989723205566,0.9386374212944985
obj_0016,exact_mesh,LHH,13.474182370571237,0.3122113148371379,0.15289685626824698,0.07835005844632785,20.39222240447998,0.9061074394773998
obj_0016,exact_mesh,HHH,13.486702376883054,0.31202508012453717,0.1532834768295288,0.0783509115378062,20.334004402160645,0.8849137815013931
obj_0017,exact_mesh,LLL,12.479351427075615,0.5887817939122518,0.21245824793974558,0.24625470985968909,20.10391314824422,0.8467807445156721
obj_0017,exact_mesh,HLL,12.499195021878355,0.5887754162152609,0.2123938351869583,0.2463598425189654,20.050861676534016,0.8211722272432675
obj_0017,exact_mesh,LHL,12.476608589121243,0.5886103610197703,0.21248248467842737,0.24650895843903223,20.12716833750407,0.8483324201986798
obj_0017,exact_mesh,LLH,12.46784076490813,0.588173528512319,0.21258037785689035,0.2464955821633339,20.159752527872723,0.8362619761671279
obj_0017,exact_mesh,HHL,12.487243818454308,0.5883585810661316,0.21243569999933243,0.24671031534671783,20.10466464360555,0.8328542216553739
obj_0017,exact_mesh,HLH,12.48715657139627,0.5882190068562826,0.21252698202927908,0.246883658071359,20.107523441314697,0.8105305715985285
obj_0017,exact_mesh,LHH,12.463866021953857,0.5878370602925619,0.21257949620485306,0.24684465924898782,20.180980841318767,0.8348115183135225
obj_0017,exact_mesh,HHH,12.4741325391352,0.5876591702302297,0.2124697963396708,0.24709325780471167,20.155598004659016,0.8181589756684824
obj_0018,exact_mesh,LLL,15.829858915371252,0.7038729538520178,0.3657293866078059,0.19649767751495043,19.47109095255534,1.0062288056893955
obj_0018,exact_mesh,HLL,15.645416513374123,0.7024828592936198,0.3647022893031438,0.19621102015177408,19.62352244059245,0.993816634696906
obj_0018,exact_mesh,LHL,15.861937686447513,0.7052901436885198,0.36579841872056323,0.1962364303568999,19.441009203592937,1.0498092502469427
obj_0018,exact_mesh,LLH,15.809788218432644,0.7042681823174158,0.3654372990131378,0.19667045027017593,19.46839475631714,1.0117126819005788
obj_0018,exact_mesh,HHL,15.869125875987779,0.7063131431738535,0.3658871253331502,0.19603373358647028,19.45633141199748,1.0608335452104976
obj_0018,exact_mesh,HLH,15.638696675436442,0.702974538008372,0.3647822191317876,0.1965141867597898,19.603195031483967,1.0186073751046834
obj_0018,exact_mesh,LHH,15.846505816306225,0.7054502467314402,0.36629686256249744,0.1960391327738762,19.42408259709676,1.0595713987692401
obj_0018,exact_mesh,HHH,15.840042119895068,0.7062431275844574,0.36604946355024975,0.19584161539872488,19.435216426849365,1.0785611385025027
obj_0019,exact_mesh,LLL,11.595913319556848,0.39432326455911,0.21448479841152826,0.20875679949919382,26.99186833699544,0.6655439005498197
obj_0019,exact_mesh,HLL,11.596979449112913,0.39403937260309857,0.21465289841095606,0.20866487671931586,27.00359121958415,0.6531852462578046
obj_0019,exact_mesh,LHL,11.596662247354303,0.3942289551099141,0.21440785378217697,0.20889980345964432,26.99035104115804,0.6745817165660387
obj_0019,exact_mesh,LLH,11.604225082904032,0.3951072543859482,0.21486090620358786,0.20887316515048346,26.94774881998698,0.6758803614630063
obj_0019,exact_mesh,HHL,11.597940610227008,0.39437076449394226,0.2144163871804873,0.2087250699599584,26.989409764607746,0.6626948463020351
obj_0019,exact_mesh,HLH,11.605558840084996,0.3951200197140376,0.21496564894914627,0.20871159185965857,26.952109336853027,0.6664373020355937
obj_0019,exact_mesh,LHH,11.603462608940296,0.39507127304871875,0.21455954511960348,0.20888723681370416,26.936925888061523,0.684674370606281
obj_0019,exact_mesh,HHH,11.60444903350342,0.3951820780833562,0.2145929659406344,0.20873879144589105,26.937835375467937,0.671949802269403
obj_0020,exact_mesh,LLL,11.885693471397866,0.33976784348487854,0.15698325137297311,0.18725981066624323,25.04013665517171,0.992091572549748
obj_0020,exact_mesh,HLL,11.872436411947225,0.3387747456630071,0.15674619376659393,0.1873770778377851,25.07896137237549,0.9792704074739561
obj_0020,exact_mesh,LHL,11.947325809531142,0.3396421621243159,0.15664647022883096,0.18605833997329077,24.914600054423016,0.971751263753715
obj_0020,exact_mesh,LLH,11.962528288214886,0.34292154014110565,0.1588879475990931,0.18675240874290466,24.837079366048176,0.9895188326016471
obj_0020,exact_mesh,HHL,11.928083562525538,0.33896438280741376,0.156535637875398,0.18644976119200388,24.96739323933919,0.9500326078000653
obj_0020,exact_mesh,HLH,11.95199855588376,0.34169114132722217,0.1585657944281896,0.1862749457359314,24.853933334350586,0.9690751760101682
obj_0020,exact_mesh,LHH,12.017230349033452,0.34223329027493793,0.15833414594332376,0.18536956856648126,24.74711036682129,0.9642355435262249
obj_0020,exact_mesh,HHH,12.013224918501043,0.3415818115075429,0.15819236387809119,0.18592917174100876,24.784358024597168,0.9353197145412976
obj_0021,exact_mesh,LLL,11.408648702891995,0.5502161532640457,0.23189492523670197,0.1495132433871428,22.622435569763184,0.7865332621024891
obj_0021,exact_mesh,HLL,11.425707425611186,0.5499808390935262,0.2316425939400991,0.14907188961903253,22.51607386271159,0.7551419126791244
obj_0021,exact_mesh,LHL,11.418576267146497,0.5521182666222254,0.2325530747572581,0.1494438461959362,22.571085294087727,0.7591915967885997
obj_0021,exact_mesh,LLH,11.427655566402578,0.5525927642981211,0.23325527211030325,0.1501141923169295,22.562231699625652,0.8052311245189628
obj_0021,exact_mesh,HHL,11.430656816820076,0.5532217820485433,0.23266066362460455,0.14914922043681145,22.472980499267578,0.7457260957227366
obj_0021,exact_mesh,HLH,11.439553490125851,0.5523660729328791,0.23310385892788568,0.14936939999461174,22.474989255269367,0.7728899938739656
obj_0021,exact_mesh,LHH,11.43073818283871,0.554302712281545,0.23417089382807413,0.14971638595064482,22.52608585357666,0.7757969315228278
obj_0021,exact_mesh,HHH,11.443222146898448,0.5557425816853842,0.23419402291377386,0.14931409433484077,22.430086135864258,0.7627184328904035
obj_0022,exact_mesh,LLL,12.472975185769371,0.4425804664691289,0.2396140123407046,0.24852667624751726,22.612288157145183,7.501464634669002
obj_0022,exact_mesh,HLL,12.46697054706854,0.4425138533115387,0.23957639932632446,0.24847978726029396,22.619320551554363,7.219342929233865
obj_0022,exact_mesh,LHL,12.454843552991633,0.4425034274657567,0.2395331710577011,0.24833422402540842,22.65818977355957,7.563033596958534
obj_0022,exact_mesh,LLH,12.483614282158706,0.4428567737340927,0.23967041820287704,0.24868295714259148,22.599663098653156,7.900124556286457
obj_0022,exact_mesh,HHL,12.450299634298867,0.4424675603707631,0.2395565335949262,0.2482896422346433,22.681079546610516,7.730306342765693
obj_0022,exact_mesh,HLH,12.480515134968796,0.4428165952364604,0.23964269707600275,0.24856721237301826,22.595075289408367,7.746869487534309
obj_0022,exact_mesh,LHH,12.468146694806428,0.44277621308962506,0.23964176823695502,0.2484182852009932,22.632057189941406,7.815681998844608
obj_0022,exact_mesh,HHH,12.463138561077606,0.44259020189444226,0.23950406163930893,0.24822189286351204,22.640167554219563,7.299575372345188
obj_0023,exact_mesh,LLL,17.229223370231946,0.5652150909105936,0.21472193549076715,0.158842617024978,11.256372928619385,0.698971112829105
obj_0023,exact_mesh,HLL,17.202301748047027,0.5641642411549886,0.21455553422371546,0.15885010237495104,11.297700881958008,0.6776001084456716
obj_0023,exact_mesh,LHL,17.302062825219068,0.5671989619731903,0.21586277335882187,0.1591135486960411,11.132129987080893,0.6983557902147822
obj_0023,exact_mesh,LLH,17.299413339586874,0.5670933226744334,0.21502060939868292,0.1589058314760526,11.151529630025228,0.7034565770363597
obj_0023,exact_mesh,HHL,17.29023018489059,0.5660905341307322,0.21488489458958307,0.15903527662158012,11.156349817911783,0.675511973843847
obj_0023,exact_mesh,HLH,17.27262266799615,0.5659238000710806,0.2148070807258288,0.15889950841665268,11.19318437576294,0.6824775953217155
obj_0023,exact_mesh,LHH,17.363706242165563,0.5684017439683279,0.2148240307966868,0.15889166792233786,11.040432929992676,0.6962977655127763
obj_0023,exact_mesh,HHH,17.345924643556064,0.5669816235701243,0.21443016330401102,0.1590115043024222,11.07190990447998,0.6749261095194683
