object,condition,interop_psnr,interop_fg_ssim,interop_edge_ssim,interop_fg_lpips,interop_ciede2000,interop_gt_relative_texture_error
obj_0024,R0,11.24407003323237,0.2992820292711258,0.24645442515611649,0.19230957329273224,26.95082950592041,0.8747146491897163
obj_0024,G-FL,12.452518542607626,0.3186388239264488,0.24845626453558603,0.20155381908019385,23.664554437001545,1.1129760911257047
obj_0024,G-LHL,11.978825529416403,0.2883568008740743,0.24110970149437586,0.204097680747509,25.566967646280926,0.7164130360579892
obj_0024,G-LLH,12.304062843322754,0.31219372898340225,0.24645756681760153,0.20354135086139044,24.11532974243164,1.075950779608849
obj_0024,L-FIX,11.33651465177536,0.2821614518761635,0.21455464015404382,0.1910704324642817,26.220014890034992,0.46210316084847697
obj_0024,L-LLH,11.147145628929138,0.2894346887866656,0.2126312255859375,0.18780148029327393,25.97395356496175,0.3405338591601055
obj_0024,L-LHL,10.582376917203268,0.28177908062934875,0.20795463025569916,0.20378649483124414,28.003444989522297,0.49411302536002294
obj_0025,R0,8.502658506234487,0.3878108064333598,0.21253416190544763,0.18909682954351106,42.29188505808512,1.2974058973081437
obj_0025,G-FL,8.436522235472998,0.37583082417647046,0.18376266956329346,0.19108364234368005,40.03972339630127,1.1912036621333426
obj_0025,G-LHL,8.478018889824549,0.3694620355963707,0.16857274745901427,0.1928765873114268,40.09025351206461,1.4218400425382711
obj_0025,G-LLH,8.437623480955759,0.3804896002014478,0.183637206753095,0.18972940742969513,40.19976488749186,1.1991657245298013
obj_0025,L-FIX,10.979285140832266,0.38521171112855274,0.15541342397530875,0.1943109209338824,29.55272897084554,1.736875702455942
obj_0025,L-LLH,10.603037228186926,0.37747660279273987,0.1615467518568039,0.1884170100092888,32.120609283447266,1.515388989543973
obj_0025,L-LHL,10.566532015800476,0.3711707442998886,0.15550921857357025,0.18961810072263083,31.259955088297527,1.6791410350377352
obj_0026,R0,11.947941382726034,0.650291845202446,0.2782621880372365,0.23962261527776718,24.193341732025146,0.7268336931265909
obj_0026,G-FL,11.49365117152532,0.633549173672994,0.21935211618741354,0.2454936827222506,24.85105037689209,0.8315250888938106
obj_0026,G-LHL,11.630496084690094,0.6398413976033529,0.22931184868017832,0.25173527747392654,24.840278307596844,0.86994641282627
obj_0026,G-LLH,11.713204582532247,0.6335392644008001,0.22502623995145163,0.24426967153946558,24.438966751098633,0.7502857873442054
obj_0026,L-FIX,11.155121624469757,0.6093489974737167,0.24421600004037222,0.2660529737671216,26.91697120666504,1.0182688328590908
obj_0026,L-LLH,11.501819292704264,0.6066346913576126,0.24408979217211405,0.2550397316614787,26.009987990061443,0.9303718531066791
obj_0026,L-LHL,11.541092097759247,0.610062857468923,0.24044978618621826,0.25520112613836926,25.904372692108154,0.9651302869771401
obj_0027,R0,6.465092996756236,0.2677931562066078,0.14232283333937326,0.29326286911964417,43.41141128540039,0.9184120346911281
obj_0027,G-FL,6.936238159735997,0.2860861197113991,0.15977785487969717,0.30429252485434216,40.99138641357422,0.7283098848308658
obj_0027,G-LHL,6.939910600582759,0.28521578510602313,0.1574243480960528,0.3029206742842992,41.1346066792806,0.8125698522910422
obj_0027,G-LLH,6.9622159997622175,0.28889816751082736,0.1611215534309546,0.30888818701108295,41.00199508666992,0.7587109963906603
obj_0027,L-FIX,6.633853316307068,0.25784917424122494,0.14397150898973146,0.2831432844201724,41.01375961303711,0.949259831304743
obj_0027,L-LLH,6.678461084763209,0.25989892954627675,0.14798454816142717,0.28755340973536175,41.107496897379555,1.1304449345035938
obj_0027,L-LHL,6.786910941203435,0.2615915661056836,0.14381269241372743,0.2865353872378667,40.9406525293986,1.0301317364573441
obj_0028,R0,10.571768979231516,0.1475763532022635,0.19113370031118393,0.1636746438841025,28.504976590474445,1.2251251143236221
obj_0028,G-FL,10.097581446170807,0.1516504796842734,0.19383487602074942,0.1589860493938128,29.493237177530926,1.4691888485610527
obj_0028,G-LHL,10.936052401860556,0.15197080001235008,0.1948534275094668,0.1648243541518847,26.97959264119466,1.4519992202677752
obj_0028,G-LLH,10.002854565779367,0.14958960314591727,0.1907762661576271,0.16043345257639885,29.650949478149414,1.2033607152817685
obj_0028,L-FIX,10.138904253641764,0.1501872626443704,0.17565253376960754,0.1706683151423931,27.206742604573567,0.9347882265304586
obj_0028,L-LLH,9.638243714968363,0.15392139429847398,0.1756700724363327,0.16732806464036307,28.62603251139323,0.7449846080638961
obj_0028,L-LHL,10.025760730107626,0.1499153127272924,0.1799691617488861,0.1716393604874611,28.216341654459637,0.9997927512337813
obj_0029,R0,13.650107880433401,0.25183334325750667,0.4628112365802129,0.10841942337962489,25.571081161499023,3.2513086801929822
obj_0029,G-FL,12.38012045621872,0.2903008895615737,0.3352733142673969,0.11675044056028128,25.911911010742188,3.266738535017216
obj_0029,G-LHL,12.390895187854767,0.2678543043633302,0.35872916504740715,0.11716195630530517,26.242713928222656,3.501930354630112
obj_0029,G-LLH,12.341416676839193,0.2707177922129631,0.34101365009943646,0.11642061748231451,25.935714721679688,3.249971450740869
obj_0029,L-FIX,10.200572609901428,0.220169839138786,0.397390179336071,0.1251587962421278,26.63442039489746,3.635439052650274
obj_0029,L-LLH,9.986522793769836,0.2534113712608814,0.3826569157342116,0.1307451530980567,26.7506160736084,3.6159176881897435
obj_0029,L-LHL,10.152488847573599,0.20672283777579045,0.3625044822692871,0.12424859357997775,26.57663917541504,3.598961672230615
obj_0030,R0,10.953249235947927,0.26790958891312283,0.20985129723946253,0.1943208947777748,26.918348630269367,0.8127548147482854
obj_0030,G-FL,10.090719759464264,0.27172816544771194,0.19113407532374063,0.19209310660759607,29.12195618947347,0.6657257543596398
obj_0030,G-LHL,9.895612994829813,0.26122183601061505,0.19590101639429727,0.20401215553283691,29.60320822397868,0.675665973176276
obj_0030,G-LLH,10.056762297948202,0.2674216330051422,0.18935434023539224,0.19237242390712103,29.022180875142414,0.7181162819992161
obj_0030,L-FIX,9.402118722597757,0.2122686728835106,0.17504586279392242,0.22202510138352713,30.68145815531413,0.5672343946326937
obj_0030,L-LLH,9.919736286004385,0.22056935479243597,0.17772018909454346,0.2144457350174586,29.171202341715496,0.5253448931867213
obj_0030,L-LHL,9.456359247366587,0.21201400210460028,0.18174750606218973,0.22309589385986328,30.189477920532227,0.5187875998517574
obj_0031,R0,10.124489963054657,0.14919267718990645,0.21273970107237497,0.12319515024622281,29.720446904500324,1.4108100549034492
obj_0031,G-FL,10.827614565690359,0.1433793387065331,0.18691214422384897,0.11006644740700722,24.58742396036784,0.9180003682818437
obj_0031,G-LHL,10.690703292687735,0.13463303570946059,0.16699588671326637,0.11008471250534058,25.523483117421467,1.1258995849561335
obj_0031,G-LLH,11.005282998085022,0.1460972155133883,0.1904416730006536,0.10854997113347054,24.031780242919922,0.9127143450510187
obj_0031,L-FIX,10.231182475884756,0.133960767959555,0.1742175171772639,0.10986725489298503,27.372342348098755,1.5288746382754173
obj_0031,L-LLH,10.100384851296743,0.12643075051407018,0.1563828537861506,0.10588664934039116,25.93912982940674,1.0663836177780437
obj_0031,L-LHL,10.060107608636221,0.14111530842880407,0.1765261317292849,0.10656534880399704,26.364495356877644,1.2950854195388188
obj_0032,R0,9.243886768817902,0.27225323269764584,0.19442744428912798,0.34657903015613556,34.50065644582113,1.0369555343864614
obj_0032,G-FL,9.726621409257254,0.2592781335115433,0.16545876612265906,0.3567817310492198,31.945753415425617,0.9435305580352215
obj_0032,G-LHL,9.958809713522593,0.2671448563536008,0.16848700369397798,0.34915397812922794,31.654454867045086,0.9519204025945379
obj_0032,G-LLH,9.727605183919271,0.25866694500048953,0.1664066178103288,0.3555578837792079,31.990999221801758,0.9047760002346569
obj_0032,L-FIX,8.048199464877447,0.22946831583976746,0.16402222961187363,0.3478748947381973,38.970495541890465,0.6912151604277025
obj_0032,L-LLH,8.346816798051199,0.23022794971863428,0.16132723415891329,0.36304356157779694,37.429043769836426,0.6459138498348761
obj_0032,L-LHL,8.065107862154642,0.22811037302017212,0.1575344167649746,0.35837572067976,38.159010887145996,0.8045881445831163
obj_0033,R0,6.617108980814616,0.283068244655927,0.17830264071623483,0.16468564172585806,50.724618911743164,1.028402034809459
obj_0033,G-FL,7.110511660575867,0.29902468621730804,0.1693312202890714,0.16178210328022638,48.423179626464844,1.1826611593674865
obj_0033,G-LHL,7.698697944482167,0.2900402719775836,0.17374561230341592,0.17158677925666174,47.91402689615885,0.9971485582011227
obj_0033,G-LLH,6.925816337267558,0.2896374637881915,0.16346164792776108,0.1661825254559517,49.67255083719889,1.1069927017567756
obj_0033,L-FIX,7.052704642216365,0.2976018190383911,0.17796643575032553,0.16927781204382578,47.75345929463705,1.1616290383677044
obj_0033,L-LLH,7.005576888720195,0.293687825401624,0.18149978667497635,0.16667130837837854,48.4845822652181,1.0315268659276484
obj_0033,L-LHL,7.052205552657445,0.3032577907045682,0.18015589813391367,0.17775015781323114,50.87605285644531,0.9307262979181262
obj_0034,R0,9.536690066258112,0.15849519396821657,0.15277452891071638,0.17341473201910654,37.090168158213295,1.0926364378988607
obj_0034,G-FL,9.642312824726105,0.15948723629117012,0.15672951936721802,0.16406360268592834,34.54176473617554,0.7762648668025581
obj_0034,G-LHL,9.628901878992716,0.15734706073999405,0.14831635976831117,0.16154304891824722,34.387195428212486,0.8316645015203403
obj_0034,G-LLH,9.737719198067984,0.16084611664215723,0.15702560047308603,0.1623262663682302,34.709794203440346,0.7610677032627265
obj_0034,L-FIX,9.541246592998505,0.15613783647616705,0.14525142684578896,0.1685095615684986,35.45222695668539,0.9701136170953397
obj_0034,L-LLH,9.227753082911173,0.1512198435763518,0.1493330883483092,0.1824108213186264,36.826499938964844,0.7989300420058507
obj_0034,L-LHL,9.660204847653707,0.1486666202545166,0.14612030610442162,0.1682020959754785,34.14012209574381,0.8672715010735068
obj_0035,R0,10.327749053637186,0.28110867738723755,0.20876473436752954,0.22087674091259638,33.71381187438965,1.3377664861222984
obj_0035,G-FL,8.805095255374908,0.27124381562074024,0.19268469015757242,0.22018557786941528,37.22700277964274,1.0191579940657125
obj_0035,G-LHL,8.954764405886332,0.2672743846972783,0.19678498804569244,0.21938302119572958,36.56865247090658,1.0613938232469053
obj_0035,G-LLH,8.748901983102163,0.26959411054849625,0.19084702680508295,0.2191645453373591,37.395605405171715,1.010894310065108
obj_0035,L-FIX,10.131818155447641,0.2554057762026787,0.18025859196980795,0.2085882524649302,34.95451736450195,0.8769651303350031
obj_0035,L-LLH,9.939338862895966,0.25475235283374786,0.18325452754894891,0.20375392337640127,35.171726862589516,0.7237931882461073
obj_0035,L-LHL,10.088548064231873,0.2544437696536382,0.1796661118666331,0.21238642930984497,35.55311648050944,0.7707286537456332
obj_0036,R0,10.550309518973032,0.4296325246493022,0.2790785034497579,0.1830258642633756,29.256524085998535,1.3625040575585379
obj_0036,G-FL,10.120253562927246,0.41004174451033276,0.2480191538731257,0.18070323765277863,28.697124481201172,1.018424534269257
obj_0036,G-LHL,10.512113074461618,0.4328843951225281,0.25231466193993884,0.17722110201915106,27.777743657430012,1.1336932523012884
obj_0036,G-LLH,10.133025149504343,0.41347789764404297,0.24870475878318152,0.17937571555376053,28.86542542775472,1.0542624448783628
obj_0036,L-FIX,10.798908869425455,0.4383845676978429,0.2600072423617045,0.18491815527280173,28.34379514058431,1.0012423751326407
obj_0036,L-LLH,10.62386155128479,0.42720318337281543,0.2507958660523097,0.176422285536925,27.919352849324543,0.8702695372942283
obj_0036,L-LHL,10.478207667668661,0.42582738896210987,0.24213605870803198,0.18398424486319223,28.38502375284831,0.9201929227553286
obj_0037,R0,11.818577349185944,0.24770262030263743,0.13773221150040627,0.22500267873207727,26.69861872990926,1.2293751091553602
obj_0037,G-FL,10.519019911686579,0.24542186222970486,0.13286562884847322,0.21282934645811716,31.60093402862549,1.1776120367411018
obj_0037,G-LHL,10.583396852016449,0.2444226344426473,0.13005014757315317,0.2100111866990725,31.353615125020344,1.0276768516142303
obj_0037,G-LLH,10.58006539940834,0.24556246461967626,0.13040912275513014,0.21477460116147995,31.305518468221027,1.1881963854953355
obj_0037,L-FIX,10.384045640627543,0.23937110727032027,0.13278888538479805,0.19874579459428787,26.80599021911621,0.9556614287156608
obj_0037,L-LLH,9.218765199184418,0.22681223849455515,0.1268453113734722,0.20383799572785696,31.12277889251709,0.803084590368092
obj_0037,L-LHL,9.753191272417704,0.23326498021682104,0.12854231521487236,0.19828328490257263,29.085551579793293,0.9429468443479342
obj_0038,R0,11.931885182857513,0.7373679578304291,0.32096365094184875,0.1858137771487236,23.006747881571453,1.4869960090719267
obj_0038,G-FL,13.664904634157816,0.7600046992301941,0.3077491596341133,0.17658202598492304,15.123736222585043,1.9963239460367903
obj_0038,G-LHL,13.609261910120646,0.7595719794432322,0.2952253421147664,0.1844838708639145,15.780402978261312,1.9973626946388092
obj_0038,G-LLH,13.650538523991903,0.7582555413246155,0.30714208632707596,0.17750907937685648,15.190292358398438,1.9553936673795735
obj_0038,L-FIX,9.530199070771536,0.5826435883839926,0.2816779613494873,0.28168418755133945,32.99050283432007,2.2318785965956387
obj_0038,L-LLH,9.46949819723765,0.6147757569948832,0.2812809894482295,0.2752455472946167,30.866821765899658,2.3768367411606395
obj_0038,L-LHL,9.54870879650116,0.6046255081892014,0.2955557828148206,0.27519641071558,32.10529486338297,2.300974977698033
obj_0039,R0,7.804638942082723,0.40795523176590603,0.23112418750921884,0.3006020486354828,38.20851103464762,0.6331062434482043
obj_0039,G-FL,7.077655990918477,0.4014776398738225,0.20574234426021576,0.28739504267772037,36.305359522501625,0.5931171329646544
obj_0039,G-LHL,7.242314716180165,0.41243764758110046,0.20934882014989853,0.28592414905627567,35.61613114674886,0.5287009527527748
obj_0039,G-LLH,7.097070813179016,0.40142827729384106,0.20382891595363617,0.28281942506631214,36.177884101867676,0.6173603980922278
obj_0039,L-FIX,7.760617832342784,0.3626032968362172,0.21015008042256036,0.2916243101159732,37.18876043955485,0.5696276596769417
obj_0039,L-LLH,7.606345117092133,0.3558365950981776,0.20835466434558234,0.29300910234451294,36.78777186075846,0.6711116260604125
obj_0039,L-LHL,7.722400327523549,0.3716496949394544,0.21572522322336832,0.2858465438087781,36.485127449035645,0.6077805005546145
obj_0040,R0,8.334343135356903,0.3805994391441345,0.21555449068546295,0.19760840137799582,35.83887767791748,0.7515630619038499
obj_0040,G-FL,7.793239951133728,0.3999967724084854,0.19789162774880728,0.2134489839275678,35.71869309743246,0.9966816187154591
obj_0040,G-LHL,8.151720762252808,0.39803755780061084,0.19858436534802118,0.2056003858645757,34.56708494822184,0.9698081442454612
obj_0040,G-LLH,7.851121127605438,0.4002903650204341,0.2015931581457456,0.21246525396903357,35.52334340413412,0.9703017149312817
obj_0040,L-FIX,7.401273945967357,0.36590741326411563,0.19492822388807932,0.20776531348625818,37.75665728251139,0.7449797797800445
obj_0040,L-LLH,7.062387069066365,0.3627631862958272,0.18585611383120218,0.20637750625610352,38.05668671925863,0.7194773608196118
obj_0040,L-LHL,7.187027831872304,0.35667191445827484,0.18748589108387628,0.208183320860068,38.213023821512856,0.8052146179745178
obj_0041,R0,8.656516969203949,0.2946598678827286,0.20745177442828813,0.3879372874895732,40.212737719217934,1.148068612082098
obj_0041,G-FL,7.355993489424388,0.2725185652573903,0.16514563063780466,0.3931807478268941,43.25992997487386,1.0752371642183027
obj_0041,G-LHL,7.511877516905467,0.2736044302582741,0.16243876268466315,0.3949056714773178,43.280687967936196,1.0928842343899214
obj_0041,G-LLH,7.336936990420024,0.27233270804087323,0.16333159245550632,0.3927129606405894,43.333807945251465,1.1448279935499082
obj_0041,L-FIX,8.626722892125448,0.2936581348379453,0.18728228161732355,0.39767735203107196,39.49254767100016,0.8923031796111737
obj_0041,L-LLH,8.72748206059138,0.29273661474386853,0.17304381852348646,0.39301184316476184,39.90490674972534,0.9893902334917749
obj_0041,L-LHL,8.71963252623876,0.2885673517982165,0.17083213354150453,0.3958282669385274,40.34649403889974,0.9292166971436945
obj_0042,R0,9.488844573497772,0.28886737177769345,0.17353781561056772,0.17533805097142854,34.40077463785807,0.6882836317588074
obj_0042,G-FL,9.607448279857635,0.28658267110586166,0.18155000731348991,0.18186160425345102,30.891318321228027,0.6643756091160508
obj_0042,G-LHL,9.676589767138163,0.29173677911361057,0.19358313332001367,0.1883892739812533,31.427363713582356,0.6450789732148802
obj_0042,G-LLH,9.822758237520853,0.2909695953130722,0.18536165356636047,0.1825219231347243,30.5285857518514,0.6625249322020749
obj_0042,L-FIX,9.375251829624176,0.27932095527648926,0.18354565650224686,0.17788128678997359,33.817556381225586,0.6405397983938356
obj_0042,L-LLH,9.035153687000275,0.2814732988675435,0.17855948706467947,0.1820276752114296,35.220255851745605,0.695972996538278
obj_0042,L-LHL,8.938067058722178,0.27733944604794186,0.20276664197444916,0.16707651565472284,35.473672231038414,0.7376324689839752
obj_0043,R0,10.397660632928213,0.39111607770125073,0.17236444602409998,0.31308621913194656,26.303160349527996,1.1110322380682442
obj_0043,G-FL,7.9030852516492205,0.342268039782842,0.13945430144667625,0.3016815409064293,34.79568640391032,0.8447644038800363
obj_0043,G-LHL,8.112691243489584,0.34436872104803723,0.12505298977096876,0.30027160545190174,34.18500169118246,0.8474591472671981
obj_0043,G-LLH,7.973679006099701,0.34370213250319165,0.14149471620718637,0.3015962441762288,34.689645767211914,0.9152488393705435
obj_0043,L-FIX,12.06301381190618,0.4248042007287343,0.1500445989271005,0.26629139482975006,20.4179523785909,0.7512752671900729
obj_0043,L-LLH,10.807239015897116,0.39350778857866925,0.15064101666212082,0.2768219436208407,24.38766034444173,0.8006342638262347
obj_0043,L-LHL,10.789191921552023,0.3805718868970871,0.1377541683614254,0.28956223279237747,24.071669578552246,0.8232085126411842
obj_0044,R0,11.903514365355173,0.18469642102718353,0.1722483883301417,0.16799808045228323,31.964664459228516,1.2533560707791762
obj_0044,G-FL,11.714183886845907,0.1848720833659172,0.1722405677040418,0.1603922819097837,30.024006843566895,1.1183318107691413
obj_0044,G-LHL,11.883723239103952,0.18801346172889075,0.16486226891477904,0.15999016538262367,30.067887941996258,1.1588557373741695
obj_0044,G-LLH,11.749765376249949,0.18655024468898773,0.17560045421123505,0.1593132143219312,30.25942866007487,1.1912683956499313
obj_0044,L-FIX,10.104350944360098,0.17130130529403687,0.15397706627845764,0.16371559848388037,32.10976696014404,0.9218011459797207
obj_0044,L-LLH,10.046207308769226,0.16350251560409865,0.15227123722434044,0.15818829834461212,33.04944864908854,0.8436246209624744
obj_0044,L-LHL,10.223020017147064,0.16724938650925955,0.14596996704737344,0.1613374004761378,32.39256159464518,0.8687928001796671
obj_0045,R0,11.453493436177572,0.27680347859859467,0.19050567845503488,0.21640294914444289,26.690142790476482,1.5709742971768135
obj_0045,G-FL,11.629246175289154,0.26592182988921803,0.16423843304316202,0.2045196145772934,27.291908423105877,1.281506460749123
obj_0045,G-LHL,11.7078564564387,0.24888018891215324,0.1613883338868618,0.20949197560548782,26.923333644866943,1.5785900909098978
obj_0045,G-LLH,11.477182706197103,0.2632909280558427,0.16378762324651083,0.20310509701569876,27.96798801422119,1.2540094201165854
obj_0045,L-FIX,11.337355375289917,0.26647937421997386,0.16911951079964638,0.2195576677719752,24.670187950134277,1.2526089394161823
obj_0045,L-LLH,11.054434974988302,0.2752365494767825,0.15916351228952408,0.2100540672739347,25.363840738932293,1.0816844458368264
obj_0045,L-LHL,11.771695812543234,0.27414507915576297,0.17052883530656496,0.2130107507109642,24.115031242370605,1.153638539015221
obj_0046,R0,8.913538257280985,0.23887607951958975,0.13722906137506166,0.20805752898255983,34.66730991999308,0.9782494028107567
obj_0046,G-FL,7.591688285271327,0.21762142019967237,0.10240487630168597,0.19220189626018205,43.48421080907186,0.9206997207571218
obj_0046,G-LHL,7.8007618089516955,0.2293259079257647,0.11261753862102826,0.19053973133365312,41.6557354927063,1.0426946020915482
obj_0046,G-LLH,7.662045409282048,0.21463635998467603,0.10277347887555759,0.19400274256865183,43.07806412378947,0.927129699613421
obj_0046,L-FIX,8.794770538806915,0.23438835392395654,0.14422000323732695,0.18659182637929916,40.43803612391154,1.0140453426303337
obj_0046,L-LLH,8.266805708408356,0.23199829707543054,0.13131860767801604,0.18667808920145035,42.129361947377525,0.9747409140391707
obj_0046,L-LHL,8.11456615726153,0.22919194276134172,0.14141776785254478,0.1831556111574173,43.01645199457804,0.9676176876510988
obj_0047,R0,9.480082094669342,0.22632342328627905,0.19000000009934107,0.1808897703886032,36.2893861134847,0.38949132745400245
obj_0047,G-FL,9.092312157154083,0.2311897948384285,0.18426383783419928,0.17223742604255676,36.110114415486656,0.678510000410237
obj_0047,G-LHL,9.057514270146688,0.24149115135272345,0.18614046027263006,0.18292114386955896,37.12115224202474,0.8114022744218437
obj_0047,G-LLH,9.039192696412405,0.23233837882677713,0.1867703745762507,0.17234990373253822,36.042062759399414,0.48326222945813496
obj_0047,L-FIX,9.20378198226293,0.24700483679771423,0.16026626278956732,0.1709365484615167,37.83011531829834,0.3493300631470322
obj_0047,L-LLH,9.05453791220983,0.2478945329785347,0.17137620598077774,0.16564730182290077,37.71747716267904,0.5296547047937609
obj_0047,L-LHL,8.816852072874704,0.23499536762634912,0.15696228047211966,0.1721533164381981,40.12345282236735,0.4396931671798212
obj_0048,R0,11.211176117261251,0.47080300996700924,0.274747538069884,0.17645899206399918,25.874224821726482,1.2787085524293322
obj_0048,G-FL,11.95567270119985,0.3985765849550565,0.2134774625301361,0.175226961572965,23.29171895980835,1.2598100393358136
obj_0048,G-LHL,11.481879850228628,0.39392854521671933,0.21451904873053232,0.1710045449435711,24.810550212860107,1.2960506024923233
obj_0048,G-LLH,11.598932445049286,0.40388068556785583,0.22081027925014496,0.1794028803706169,23.694176355997723,1.167751609049158
obj_0048,L-FIX,8.801864981651306,0.17316031269729137,0.1494690403342247,0.22100135932366052,30.2847793896993,1.5883789578172305
obj_0048,L-LLH,9.361087580521902,0.23517311364412308,0.16935077061255774,0.2065121072034041,28.970750331878662,1.3788139283344176
obj_0048,L-LHL,8.962825934092203,0.19280449921886125,0.14979537576436996,0.22044125696023306,29.41705083847046,1.3910096247386488
obj_0049,R0,9.713854293028513,0.30667929848035175,0.18434612825512886,0.2147041584054629,29.331501324971516,0.8613514026586345
obj_0049,G-FL,9.655753076076508,0.2817922756075859,0.1843927800655365,0.2273040513197581,29.02901808420817,0.6408249347547129
obj_0049,G-LHL,9.642700751622518,0.2892959813276927,0.18249356374144554,0.22682234644889832,29.167449633280437,0.6326212049054286
obj_0049,G-LLH,9.698522388935089,0.28551248957713443,0.18999086817105612,0.22511170556147894,29.06457455952962,0.6316884664884723
obj_0049,L-FIX,9.568476478258768,0.3073817864060402,0.16116354366143545,0.21886828045050302,29.933003107706707,0.6793229367372362
obj_0049,L-LLH,9.41507339477539,0.28307541211446124,0.1654371271530787,0.21891007820765176,29.641523361206055,0.6405141530165452
obj_0049,L-LHL,9.634094536304474,0.29874187707901,0.16360133637984595,0.21721463402112326,29.499762852986652,0.586076205860628
obj_0050,R0,10.80056498448054,0.09272207816441853,0.1340427721540133,0.12107891341050465,32.54409631093343,0.9364190086339216
obj_0050,G-FL,11.384594142436981,0.0856398877998193,0.12209290886918704,0.11641927311817805,30.19519869486491,1.044266374381782
obj_0050,G-LHL,11.91601981719335,0.09813334544499715,0.12191902473568916,0.11602004741628964,28.47966194152832,1.0123735939132057
obj_0050,G-LLH,11.629402339458466,0.08614588777224223,0.12002131591240565,0.11632048587004344,29.481101353963215,0.9248980569967863
obj_0050,L-FIX,11.421559453010559,0.10177166014909744,0.12207458664973576,0.11476899683475494,28.082770983378094,0.6573001924272059
obj_0050,L-LLH,11.729656159877777,0.09921243041753769,0.11616982892155647,0.10802292078733444,28.301595369974773,0.7958798405614975
obj_0050,L-LHL,11.085017025470734,0.10405250017841657,0.1213681511580944,0.11899124085903168,28.878005981445312,0.5509899553409208
obj_0051,R0,11.16501142581304,0.2516063340008259,0.16034376993775368,0.34093785285949707,24.80800501505534,1.1911743689114067
obj_0051,G-FL,10.401064654191336,0.2400537890692552,0.15427145175635815,0.35196543484926224,27.086976687113445,1.287843422241014
obj_0051,G-LHL,10.710160036881765,0.2469351850450039,0.16559001120428243,0.3518624007701874,26.072916348775227,1.3613472551922312
obj_0051,G-LLH,10.47063261270523,0.23594416553775469,0.15581540763378143,0.35309362535675365,26.668433507283527,1.1800278156656947
obj_0051,L-FIX,9.798221389452616,0.21950953329602876,0.1632323128481706,0.355966467410326,28.873519897460938,1.078061493210231
obj_0051,L-LLH,9.746748606363932,0.21803652991851172,0.14090794945756593,0.35797494649887085,29.013233820597332,1.066567599813841
obj_0051,L-LHL,9.295800725618998,0.20961539695660272,0.1460283100605011,0.3559037297964096,30.549347559611004,1.014654743667272
obj_0052,R0,13.426465491453806,0.34336883823076886,0.28972365458806354,0.14497918263077736,19.16446018218994,1.4303838198229306
obj_0052,G-FL,13.666001558303833,0.3366468201080958,0.2806763102610906,0.14981258660554886,19.012851079305012,1.2866166124640057
obj_0052,G-LHL,13.456718921661377,0.3396987169981003,0.27970144897699356,0.14443459610144296,19.7878364721934,1.1744067143673866
obj_0052,G-LLH,13.477921485900879,0.32900183896223706,0.27796752999226254,0.14971482629577318,19.095579465230305,1.2452743077013335
obj_0052,L-FIX,11.307879587014517,0.294956053296725,0.25591051826874417,0.1577326307694117,24.999018987019856,1.0232365854166183
obj_0052,L-LLH,11.723994016647339,0.3031755710641543,0.25805190205574036,0.15639973431825638,23.742743015289307,0.8537795471689704
obj_0052,L-LHL,11.765124996503195,0.2967917745312055,0.2549989993373553,0.15579920758803686,23.283995628356934,0.9489817666873237
obj_0053,R0,8.795895477135977,0.3709476962685585,0.22097106029589972,0.20135033999880156,36.70097573598226,0.5554750901752498
obj_0053,G-FL,9.843563338120779,0.38142003615697223,0.18688435852527618,0.1992885172367096,30.766201655069988,0.5634700417870921
obj_0053,G-LHL,9.844861725966135,0.3759279251098633,0.20196945468584696,0.19785204529762268,31.64467430114746,0.43341745369544477
obj_0053,G-LLH,9.85439936319987,0.3853151351213455,0.18970122933387756,0.19720218578974405,30.598257064819336,0.5578979265263385
obj_0053,L-FIX,9.145574569702148,0.37195001542568207,0.20166195183992386,0.21008064349492392,33.43918069203695,0.534896354201987
obj_0053,L-LLH,9.159570634365082,0.3714539607365926,0.19518462816874185,0.2150772474706173,33.75022761027018,0.5276766569656922
obj_0053,L-LHL,9.333652357260386,0.37573840220769245,0.20763515184322992,0.21219471842050552,33.504658699035645,0.5411366693709522
obj_0054,R0,13.32717090845108,0.6603501538435618,0.37765446305274963,0.20273814102013907,21.661067962646484,0.8919652005724918
obj_0054,G-FL,11.792531907558441,0.6162341137727102,0.3299204806486766,0.20076478024323782,23.18640200297038,1.2099262847573458
obj_0054,G-LHL,11.296635866165161,0.6339696447054545,0.3364318311214447,0.22180729856093725,25.044811725616455,1.1743171624246598
obj_0054,G-LLH,11.660663684209188,0.6182235280672709,0.3343767027060191,0.20286381989717484,23.445841630299885,1.171433742372998
obj_0054,L-FIX,9.432081480820974,0.5470065822203954,0.32674069702625275,0.253811776638031,32.401841481526695,1.2102700139287028
obj_0054,L-LLH,10.371769368648529,0.5771005700031916,0.3209087749322255,0.23094990104436874,29.15920575459798,1.4406252753113502
obj_0054,L-LHL,9.806845883528391,0.5790632466475168,0.3348734676837921,0.24779200553894043,30.252683957417805,1.1967183257079987
obj_0055,R0,10.655365089575449,0.20903837184111276,0.17157307639718056,0.16333838552236557,27.947790145874023,0.9589684326292759
obj_0055,G-FL,9.81893221537272,0.21148035178581873,0.1684985210498174,0.1616576761007309,29.706438700358074,0.7014829712716688
obj_0055,G-LHL,10.641636649767557,0.20754516621430716,0.16838442906737328,0.1694719890753428,28.107778549194336,0.7428056520464558
obj_0055,G-LLH,9.746828377246857,0.20472664882739386,0.1676237757007281,0.16346986840168634,29.756317456563313,0.6609207256754053
obj_0055,L-FIX,9.628279209136963,0.196576705823342,0.16049588099122047,0.16158084571361542,32.26079273223877,0.4875604085656122
obj_0055,L-LLH,9.58662380774816,0.19480585182706514,0.15181418508291245,0.16157437985142073,31.496484756469727,0.5270766283126599
obj_0055,L-LHL,9.65265860160192,0.20082012812296549,0.16703443105022112,0.16317751010258993,32.7672487894694,0.424451899336793
obj_0056,R0,3.774928326408068,0.23343211660782495,0.20663669953743616,0.3183267613252004,61.52973429361979,0.9318691959979527
obj_0056,G-FL,3.3870563407739005,0.20758307228485742,0.15096373483538628,0.3259958028793335,61.24863052368164,1.1300378983234365
obj_0056,G-LHL,3.3822427690029144,0.2074113388856252,0.15723111977179846,0.329725980758667,61.48356183369955,1.1579489002127272
obj_0056,G-LLH,3.38887150088946,0.20744716624418894,0.15163896357019743,0.32793425520261127,61.29856808980306,1.1738027328169982
obj_0056,L-FIX,5.187766353289287,0.23768910765647888,0.18404701600472131,0.3111916134754817,53.07163302103678,0.7273486451387482
obj_0056,L-LLH,4.5773205161094666,0.23200485855340958,0.19215362270673117,0.32593345642089844,55.370832443237305,0.69655664029473
obj_0056,L-LHL,4.836859405040741,0.2424661641319593,0.17955184479554495,0.321680282553037,54.461313247680664,0.7401337648352383
obj_0057,R0,7.536150813102722,0.263381061454614,0.22559330860773721,0.25817620009183884,43.45089848836263,0.7964163940321591
obj_0057,G-FL,7.6534320910771685,0.26652825375398,0.22751523305972418,0.26787442962328595,45.04823684692383,0.905536929003573
obj_0057,G-LHL,7.698136071364085,0.27089983224868774,0.22010950247446695,0.268711859981219,45.07119115193685,0.8748384973216737
obj_0057,G-LLH,7.656470437844594,0.26841536660989124,0.22501576443513235,0.2675330936908722,45.123159408569336,0.8714639808341921
obj_0057,L-FIX,7.625150382518768,0.23933699230353037,0.19057183961073557,0.26702770590782166,44.91763178507487,0.6916921551386698
obj_0057,L-LLH,7.743822336196899,0.25503573069969815,0.2005191668868065,0.2587130169073741,44.78618367513021,0.7064430157655553
obj_0057,L-LHL,7.6435887813568115,0.2480909749865532,0.191068967183431,0.2631356989343961,46.16447830200195,0.6719105503874649
obj_0058,R0,10.499940613905588,0.2610575258731842,0.2274201288819313,0.16068588073054949,32.643117904663086,1.1530543456000706
obj_0058,G-FL,9.88870511452357,0.23568237821261087,0.20904582738876343,0.15040501579642296,31.78358745574951,0.9699602865320878
obj_0058,G-LHL,10.643037656943003,0.24712673326333365,0.2105555534362793,0.15337442482511202,31.672958374023438,0.8691397371102791
obj_0058,G-LLH,9.847400883833567,0.23094700773557028,0.20603726555903754,0.14984607696533203,32.28194840749105,0.8874493470162065
obj_0058,L-FIX,9.730922877788544,0.2210993468761444,0.20551170160373053,0.1596388096610705,34.157361348470054,0.6324979864414688
obj_0058,L-LLH,9.810700217882792,0.23512757693727812,0.2077504557867845,0.1632605791091919,34.02946122487386,0.6623653807117628
obj_0058,L-LHL,9.744762281576792,0.2163624974588553,0.20298538357019424,0.16223953540126482,34.41610018412272,0.4760762451756575
obj_0059,R0,6.9511885444323225,0.3706969966491063,0.2166039248307546,0.2920770247777303,37.538740475972496,0.5876702572515845
obj_0059,G-FL,6.3420552015304565,0.3487757047017415,0.1990984839697679,0.3049893031517665,40.923666636149086,0.5372699262807783
obj_0059,G-LHL,6.287145117918651,0.3450529873371124,0.20123000194629034,0.29614485800266266,40.89812342325846,0.5162025281690027
obj_0059,G-LLH,6.335073312123616,0.3486737459897995,0.19907663017511368,0.30320821205774945,40.7865784962972,0.528213508666581
obj_0059,L-FIX,7.590135435263316,0.3364674200614293,0.20815364892284074,0.29113950332005817,35.072482109069824,0.5744831153853633
obj_0059,L-LLH,7.389338513215383,0.34168748060862225,0.19689171388745308,0.29300734400749207,35.68965244293213,0.5615568049448975
obj_0059,L-LHL,7.3098424077034,0.3343261530001958,0.20332118247946104,0.29697193453709286,36.15592543284098,0.6589779641025192
obj_0060,R0,9.909700651963552,0.2814167309552431,0.2286080395181974,0.22033505886793137,27.926485697428387,0.9013571532656384
obj_0060,G-FL,10.709173182646433,0.3766448547442754,0.24665905286868414,0.2251247987151146,27.641004244486492,0.622801067940884
obj_0060,G-LHL,10.139088730017344,0.34515918294588727,0.2353541155656179,0.21429661413033804,28.378570874532063,0.5827146510129472
obj_0060,G-LLH,10.809143483638763,0.37822429835796356,0.2445356398820877,0.22229738533496857,27.15705680847168,0.621996738435682
obj_0060,L-FIX,10.747792919476828,0.3353921075661977,0.21413291990756989,0.2179779807726542,28.876187960306805,0.8055455057545652
obj_0060,L-LLH,10.409683783849081,0.3396652241547902,0.20586210240920386,0.22409277906020483,29.288763364156086,0.8152617496494176
obj_0060,L-LHL,10.419025222460428,0.3367386559645335,0.2200527215997378,0.23154430091381073,29.17705535888672,0.7870274085798911
obj_0061,R0,9.084975818792978,0.20200669268767038,0.15373695641756058,0.2204542855421702,34.742935498555504,1.0369997923807521
obj_0061,G-FL,7.619267602761586,0.16173731287320456,0.125063336143891,0.21717883894840875,41.29626146952311,0.8046527918006879
obj_0061,G-LHL,7.228289196888606,0.15040235593914986,0.11974598715702693,0.2171772668759028,43.178860346476235,0.6489945078501189
obj_0061,G-LLH,7.588583777348201,0.15939972177147865,0.1216921495894591,0.21616800129413605,41.49346669514974,0.7319513558664666
obj_0061,L-FIX,8.18318635225296,0.20948543399572372,0.14768594379226366,0.20496434966723123,35.32404581705729,0.5063516537482898
obj_0061,L-LLH,7.649275263150533,0.19268946101268133,0.1377688596645991,0.2005606765548388,38.39020506540934,0.5190701862898962
obj_0061,L-LHL,7.838701407114665,0.18995038916667303,0.14290401712059975,0.21249396353960037,37.34820715586344,0.38220975932454193
obj_0062,R0,8.630786140759787,0.23906359821558,0.20851048330465952,0.15815222263336182,35.797548611958824,0.4805176837498071
obj_0062,G-FL,6.934756586949031,0.22452714294195175,0.19287272294362387,0.16486875712871552,41.72386519114176,0.5293336485500274
obj_0062,G-LHL,7.713269790013631,0.22265697518984476,0.1906265839934349,0.16370056321223578,38.67325973510742,0.6877082039957866
obj_0062,G-LLH,6.823855886856715,0.22380862633387247,0.1905503273010254,0.16703022519747415,42.35491212209066,0.5574256515463943
obj_0062,L-FIX,9.114982187747955,0.24227537959814072,0.1992996633052826,0.16244835406541824,34.02886072794596,0.5944579469232646
obj_0062,L-LLH,8.465108374754587,0.22460067023833594,0.19354881097873053,0.16904444495836893,35.91968568166097,0.6709232843226566
obj_0062,L-LHL,8.751975893974304,0.22933290898799896,0.19276712089776993,0.1702366297443708,34.94767475128174,0.5338785962867333
obj_0063,R0,9.879976212978363,0.2102726579954227,0.19290891413887343,0.2446304385860761,30.42588233947754,1.2627966473817276
obj_0063,G-FL,9.773294031620026,0.23450686285893121,0.19873903940121332,0.24393613760670027,27.224369049072266,1.3667967587402066
obj_0063,G-LHL,10.103484690189362,0.23084077114860216,0.21864099552234015,0.23993070175250372,27.965375264485676,1.3817636919247445
obj_0063,G-LLH,9.67441459496816,0.22893726080656052,0.19604692608118057,0.24640949567159018,27.444536526997883,1.3982918082278621
obj_0063,L-FIX,12.09543228149414,0.3108305608232816,0.24441579977671304,0.21035238355398178,23.21179707845052,1.2743622806079629
obj_0063,L-LLH,11.673433780670166,0.2808381716410319,0.23963860422372818,0.20868760347366333,23.653766632080078,1.3754081309189161
obj_0063,L-LHL,11.592662135759989,0.3062281012535095,0.2432265654206276,0.20928780362010002,23.83021608988444,1.3629800486006998
obj_0064,R0,7.557403147220612,0.33346086740493774,0.2639008363087972,0.19936017195383707,38.52989705403646,0.7338754528945223
obj_0064,G-FL,7.244352499643962,0.37046023706595105,0.2534740815560023,0.21212923030058542,39.04828198750814,0.6926212810853246
obj_0064,G-LHL,7.499687572320302,0.3633727083603541,0.23356309533119202,0.20673425495624542,38.238595962524414,0.6892857629238173
obj_0064,G-LLH,7.213130692640941,0.3637518882751465,0.25348157187302905,0.2095594902833303,39.29592704772949,0.6766408952051114
obj_0064,L-FIX,7.6068271199862165,0.2801262220988671,0.22185348843534788,0.21020852277676264,38.75881322224935,0.9374689492624833
obj_0064,L-LLH,7.330500483512878,0.2877717539668083,0.208862895766894,0.2053791508078575,39.55828857421875,0.8401757315928996
obj_0064,L-LHL,7.20151166121165,0.2769419091443221,0.211295984685421,0.2033885990579923,40.29263559977213,0.9180521436617185
obj_0065,R0,10.888734658559164,0.29359903931617737,0.227751354376475,0.1968479851881663,27.853532155354817,0.8539215898872915
obj_0065,G-FL,11.633193492889404,0.2991339738170306,0.21135403091708818,0.19679569701353708,26.227835337320965,1.090071978933681
obj_0065,G-LHL,11.495797038078308,0.30100920299688977,0.2164853314558665,0.1992139940460523,26.375091870625813,1.0318770051072084
obj_0065,G-LLH,11.771177550156912,0.3043397416671117,0.21569014340639114,0.19562425961097082,26.021223386128742,1.1014883696307651
obj_0065,L-FIX,9.4276096423467,0.2551921680569649,0.20591586083173752,0.2037970225016276,30.609382311503094,0.9336167907065401
obj_0065,L-LLH,9.399495124816895,0.2464743753274282,0.19899548341830572,0.19834554816285768,30.91549301147461,0.8626962451945771
obj_0065,L-LHL,9.744427104791006,0.2523675312598546,0.1995583400130272,0.19830787678559622,30.788148244222004,0.9480817439959696
obj_0066,R0,8.376482625802359,0.37756240864594776,0.3244772603114446,0.34119973083337146,35.204371770222984,2.927914876120878
obj_0066,G-FL,11.920907298723856,0.5750957479079565,0.29600801815589267,0.26626017441352207,20.6022211710612,2.45209967046653
obj_0066,G-LHL,12.09045539299647,0.5580687075853348,0.3048309360941251,0.26505671938260394,20.355711778004963,2.5392298714215764
obj_0066,G-LLH,11.929047505060831,0.5725051388144493,0.29049206028381985,0.26787879566351575,20.653925895690918,2.4873205405290637
obj_0066,L-FIX,7.57895181576411,0.35416752845048904,0.28381111721197766,0.35890430212020874,37.83150831858317,3.0104196421887224
obj_0066,L-LLH,8.146185278892517,0.4114304209748904,0.2934006204207738,0.33503252267837524,35.87667942047119,2.792035927300047
obj_0066,L-LHL,8.331756194432577,0.4094998687505722,0.2900308792789777,0.3291475127140681,35.65767892201742,2.7723146947668305
obj_0067,R0,7.738732099533081,0.38313550253709155,0.21370145926872888,0.24871170024077097,34.70624192555746,1.1758710379951782
obj_0067,G-FL,7.146445115407308,0.3672841389973958,0.18530181298653284,0.24495695034662882,34.048041025797524,0.6615384502143301
obj_0067,G-LHL,7.3060426115989685,0.3693019598722458,0.1890292763710022,0.23928776880105337,33.918789545694985,0.8530738420548457
obj_0067,G-LLH,7.247509658336639,0.37019212543964386,0.18300873537858328,0.24213864405949911,33.85379441579183,0.6930241833753003
obj_0067,L-FIX,8.176002502441406,0.3568715800841649,0.19919385512669882,0.24872271716594696,32.971655209859215,0.8256557260758818
obj_0067,L-LLH,7.800105462471644,0.3583105703194936,0.1922359193364779,0.2516757920384407,34.447770754496254,0.6806202355920625
obj_0067,L-LHL,8.178570320208868,0.35737384855747223,0.184005007147789,0.24258480966091156,32.98303238550822,0.6272999255909691
obj_0068,R0,11.15661362806956,0.5797398189703623,0.38025010128815967,0.1876444791754087,23.902275880177815,1.510148139831849
obj_0068,G-FL,11.810162663459778,0.5936476935942968,0.364094282190005,0.16367053364713988,20.415605386098225,1.166182274846962
obj_0068,G-LHL,11.931178768475851,0.5969505111376444,0.3538477271795273,0.16870101789633432,20.80975929896037,1.1267676040008012
obj_0068,G-LLH,11.853155394395193,0.5891453176736832,0.3582019458214442,0.16373006999492645,20.279820283253986,1.1747145685550524
obj_0068,L-FIX,9.46817030509313,0.5106272002061208,0.3442915678024292,0.20740174502134323,29.221254507700603,1.3174317873009873
obj_0068,L-LLH,9.756583174069723,0.5456000616153082,0.3405789981285731,0.20618590464194617,27.491191069285076,1.3250477805929282
obj_0068,L-LHL,9.810908238093058,0.5383683294057846,0.3485436389843623,0.20559205363194147,27.464576880137127,1.26033410076829
obj_0069,R0,9.056431452433268,0.12131650124986966,0.19373607635498047,0.18905298287669817,31.96615759531657,1.069646563296861
obj_0069,G-FL,8.946713407834372,0.10176655153433482,0.139113150537014,0.21186104168494543,35.34065628051758,1.8099026696871443
obj_0069,G-LHL,8.724791506926218,0.10385612833003204,0.16473680237929025,0.21515614539384842,35.700310707092285,1.256228446342594
obj_0069,G-LLH,8.966622451941172,0.09980630998810132,0.1396497761209806,0.2080641301969687,34.98747857411703,1.764871046891745
obj_0069,L-FIX,9.489930073420206,0.11015829692284267,0.16049263253808022,0.19158001616597176,30.925328254699707,1.0807530970014227
obj_0069,L-LLH,9.244812428951263,0.11362869416673978,0.1605737159649531,0.1894818147023519,32.36885070800781,1.021596249199683
obj_0069,L-LHL,9.229939778645834,0.10612842751046021,0.15768182277679443,0.1940661557018757,31.66202449798584,0.9964461626071337
obj_0071,R0,11.271177430947622,0.11969556473195553,0.18389275670051575,0.11732792109251022,33.85918680826823,1.7907307028599433
obj_0071,G-FL,10.90331902106603,0.13046229320267835,0.16557529320319495,0.10353433154523373,32.17703421910604,1.427438440793047
obj_0071,G-LHL,11.183945536613464,0.12120544786254565,0.16469674184918404,0.11065317566196124,30.911969820658367,1.5522204430559114
obj_0071,G-LLH,10.959457357724508,0.12803723911444345,0.16266310587525368,0.1052431749800841,32.276340325673424,1.3863251192493535
obj_0071,L-FIX,10.367452303568522,0.11662998547156651,0.1616069624821345,0.10882936604321003,34.464993476867676,1.4011196287483043
obj_0071,L-LLH,10.614849825700125,0.1149187305321296,0.15816732992728552,0.1137974498172601,32.789981524149574,1.3854087951559488
obj_0071,L-LHL,10.80695609251658,0.12079477061827977,0.16956268375118574,0.10787572835882504,32.63734976450602,1.5638796399689205
obj_0072,R0,12.454259693622589,0.6333395143349966,0.3025009011228879,0.29671409477790195,22.637110074361164,0.5690219942004439
obj_0072,G-FL,12.167233427365622,0.6664798309405645,0.19505095481872559,0.32645555833975476,24.636640866597492,0.663029597052866
obj_0072,G-LHL,12.371014058589935,0.6692191312710444,0.21066087236007056,0.3216300557057063,23.919414202372234,0.6521708800571515
obj_0072,G-LLH,12.275119125843048,0.6673230230808258,0.19747943927844366,0.32406934599081677,24.474535942077637,0.6761828333501413
obj_0072,L-FIX,10.724426011244455,0.5547851671775182,0.23348640526334444,0.31878146529197693,27.54220501581828,0.6495317295944887
obj_0072,L-LLH,10.644211967786154,0.565956637263298,0.2229061226050059,0.32286373277505237,27.867167154947918,0.7298099161962598
obj_0072,L-LHL,10.824827750523886,0.5731595953305563,0.21193495641152063,0.31807591021060944,27.573607126871746,0.7715369849985195
obj_0073,R0,11.21531883875529,0.15380355839927992,0.16467592989404997,0.18756735262771448,26.597896575927734,1.1142463968945082
obj_0073,G-FL,11.716900716225306,0.1393784030030171,0.136327987536788,0.17744487586120763,25.217331727345783,0.877448833052097
obj_0073,G-LHL,11.291806350151697,0.14003046167393526,0.1409645720074574,0.18205087135235468,25.81845013300578,1.1576134716292084
obj_0073,G-LLH,11.658118516206741,0.14438776361445585,0.14290195889770985,0.17879914368192354,25.365726470947266,0.8297486853296135
obj_0073,L-FIX,10.838712751865387,0.16841682605445385,0.1429835787663857,0.16126827150583267,27.440712292989094,1.3882361272430748
obj_0073,L-LLH,10.522137582302094,0.13919571104149023,0.11568932669858138,0.15857989651461443,27.454896608988445,1.0601025520789966
obj_0073,L-LHL,9.903544088204702,0.1663026219854752,0.15126960662504038,0.16075297382970652,29.17316198348999,1.0192645335951722
obj_0074,R0,11.215827564398447,0.4644729197025299,0.2072728623946508,0.21834028512239456,27.069706916809082,0.8501417885384183
obj_0074,G-FL,10.652905305226644,0.4429081777731578,0.1965986912449201,0.22229341665903726,30.56210231781006,0.644091368472716
obj_0074,G-LHL,10.53478201230367,0.4310138126214345,0.1912887692451477,0.23058564712603888,30.398985226949055,0.7332539409427579
obj_0074,G-LLH,10.631897250811258,0.43680064380168915,0.19616666932900748,0.22326260805130005,30.3922545115153,0.6103260367606179
obj_0074,L-FIX,10.722930332024893,0.38930629193782806,0.1678454726934433,0.23062493652105331,30.23070748647054,0.9806386680701432
obj_0074,L-LLH,10.507206519444784,0.3722260569532712,0.16311761985222498,0.2363994096716245,31.32881959279378,0.9378636296708455
obj_0074,L-LHL,10.465879837671915,0.3792894631624222,0.1656216581662496,0.23652415225903192,31.076324144999187,0.9893794739698324
obj_0075,R0,6.818905721108119,0.09124932810664177,0.09709727639953296,0.2193133905529976,42.50843048095703,1.2527329542301295
obj_0075,G-FL,6.541932274897893,0.08171631892522176,0.08707551844418049,0.2135162502527237,44.579359690348305,1.2271635488168025
obj_0075,G-LHL,6.572335958480835,0.07865688825647037,0.09015134163200855,0.2134100670615832,44.59617360432943,1.2497290505331196
obj_0075,G-LLH,6.540621270736058,0.08319332761069138,0.087704432507356,0.211567722260952,44.54548899332682,1.220869680369088
obj_0075,L-FIX,6.371037761370341,0.089785219480594,0.09159913286566734,0.22573683659235635,46.30372619628906,1.191603601701703
obj_0075,L-LLH,6.455358167489369,0.08883900443712871,0.09024024878938992,0.2229498103260994,44.9696839650472,1.1466432890521812
obj_0075,L-LHL,6.079920629660289,0.08473366871476173,0.09134955580035846,0.22348388532797495,47.66173108418783,1.1536694812175279
obj_0076,R0,10.09521633386612,0.2446461319923401,0.18575658400853476,0.1683785393834114,33.022787729899086,1.0352795171513265
obj_0076,G-FL,11.627072393894196,0.26909441749254864,0.17687876025835672,0.14559637506802878,28.44258912404378,0.43587406261488754
obj_0076,G-LHL,11.385862429936727,0.2611483136812846,0.1755660648147265,0.14819663763046265,28.995642979939777,0.4613220954130713
obj_0076,G-LLH,11.748521526654562,0.2669040511051814,0.17841930935780206,0.1454247385263443,28.10000737508138,0.49839724873617675
obj_0076,L-FIX,9.153830111026764,0.23979624857505163,0.17240280409653982,0.16413344194491705,35.969139099121094,0.6510665495147957
obj_0076,L-LLH,9.409465293089548,0.23374161372582117,0.1773623451590538,0.16794664909442267,34.744236628214516,0.8642203903798151
obj_0076,L-LHL,9.721613128980001,0.2408872296412786,0.16415554781754813,0.16485479970773062,35.55889352162679,0.6356077424288686
obj_0077,R0,8.925601343313852,0.5020358314116796,0.21045075356960297,0.3052549635370572,33.470564206441246,0.8339895328439666
obj_0077,G-FL,9.109845459461212,0.47490132848421734,0.18724056084950766,0.28300844381252926,32.378941218058266,0.9396345130536291
obj_0077,G-LHL,9.410273234049479,0.49177519977092743,0.19007665663957596,0.2820397615432739,31.441892941792805,0.893781453329427
obj_0077,G-LLH,9.12967840830485,0.4789482653141022,0.18544389804204306,0.28483915080626804,32.29528045654297,0.9359112582063762
obj_0077,L-FIX,9.14068172375361,0.4161600098013878,0.16707903519272804,0.3179398973782857,30.88031069437663,0.6611421194012901
obj_0077,L-LLH,8.977513412634531,0.46850726505120593,0.1949435149629911,0.30750242869059247,31.486342748006184,0.7277857022322723
obj_0077,L-LHL,9.0486940741539,0.45351170748472214,0.1832157795627912,0.3094957172870636,31.065117518107098,0.6209927206839788
obj_0078,R0,9.549630979696909,0.3631456544001897,0.34836892286936444,0.09808444728453954,28.882731755574543,1.3186287758635016
obj_0078,G-FL,10.522030492623648,0.3769500404596329,0.33107497294743854,0.09264577428499858,25.446962197621662,1.2718473166112438
obj_0078,G-LHL,10.608711242675781,0.38724873463312787,0.34464002152283985,0.09004096935192744,25.98312981923421,1.3973671938148655
obj_0078,G-LLH,10.664963324864706,0.3786117285490036,0.33250249922275543,0.0909696730474631,24.895058631896973,1.2812228198863032
obj_0078,L-FIX,9.794447918732962,0.39156082769234973,0.33704357345898944,0.09298041897515456,31.05983018875122,1.0135934035259144
obj_0078,L-LLH,10.09996751944224,0.40020349125067395,0.34909041225910187,0.08764876797795296,30.827473799387615,1.204576108395251
obj_0078,L-LHL,10.606116950511932,0.364538515607516,0.32389481614033383,0.0889551459501187,28.504000345865887,1.1316065152715675
obj_0079,R0,9.525182843208313,0.3072603990634282,0.19002293546994528,0.29292357961336773,33.12445227305094,1.1628392762883475
obj_0079,G-FL,9.571476777394613,0.31047603487968445,0.14109968145688376,0.2896094173192978,32.67721939086914,1.1063917333840638
obj_0079,G-LHL,9.677114387353262,0.3100936909516652,0.14843426768978438,0.2897407313187917,31.79456901550293,1.1517177103142038
obj_0079,G-LLH,9.562338987986246,0.3061613216996193,0.1397515411178271,0.28787068525950116,32.879390716552734,1.1597017756915187
obj_0079,L-FIX,11.090409060319265,0.3872565949956576,0.16729215905070305,0.2604428008198738,32.61423587799072,0.9698520363873847
obj_0079,L-LLH,10.459513167540232,0.36881013462940854,0.156424963225921,0.26939089347918826,33.349717140197754,1.0985526637479588
obj_0079,L-LHL,10.95217784245809,0.38392937928438187,0.149624219785134,0.2582983300089836,32.05297597249349,1.0287325661069753
obj_0080,R0,6.07231467962265,0.16704039523998895,0.20174150168895721,0.1844212288657824,50.9410597483317,1.2200104873195483
obj_0080,G-FL,6.248453309138616,0.18459952746828398,0.1759777491291364,0.18377147366603216,49.65430196126302,0.9687822487280155
obj_0080,G-LHL,6.987626900275548,0.18779834484060606,0.1863737478852272,0.1799130141735077,46.84045537312826,1.0201386692770817
obj_0080,G-LLH,6.325067033370336,0.18457084894180298,0.17227572947740555,0.18342155714829764,49.273738861083984,1.0092982958408496
obj_0080,L-FIX,6.007628043492635,0.17771159298717976,0.1901719868183136,0.18287078042825064,52.36179161071777,0.6849072020990157
obj_0080,L-LLH,5.9858981768290205,0.17162696396311125,0.17539150267839432,0.18150711059570312,51.04718526204427,0.948446206446573
obj_0080,L-LHL,5.829785615205765,0.16617539276679358,0.18142185856898627,0.1865378146370252,52.76242319742838,0.8548482381070793
obj_0081,R0,6.954974134763082,0.2590126271049182,0.17694870134194693,0.14575566227237383,47.347439448038735,1.0118425537170241
obj_0081,G-FL,6.5175071855386095,0.23108859608570734,0.16456715886791548,0.14113365982969603,45.747554779052734,0.39180378281339334
obj_0081,G-LHL,7.145673185586929,0.2347069258491198,0.17682216688990593,0.1356865999599298,43.679850578308105,0.5084262130324528
obj_0081,G-LLH,6.630409409602483,0.23535452783107758,0.17250411584973335,0.1418300730486711,45.82998784383138,0.42477346171336583
obj_0081,L-FIX,7.312377989292145,0.27871334304412204,0.18608145167430243,0.14498682816823324,46.94164276123047,0.5011405497344111
obj_0081,L-LLH,6.936815480391185,0.2711680630842845,0.1757732257246971,0.1454965410133203,47.58149528503418,0.5037216276836572
obj_0081,L-LHL,7.246146847804387,0.25688742101192474,0.18798719346523285,0.1455235257744789,46.76938724517822,0.5034311397436767
obj_0082,R0,8.239293098449707,0.5046473890542984,0.34838034709294635,0.12175702303647995,32.773790995279946,1.0615168158059787
obj_0082,G-FL,8.455509344736734,0.4544837425152461,0.3391120955348015,0.1025967001914978,31.76249885559082,1.157147143431814
obj_0082,G-LHL,7.748195827007294,0.46863054235776264,0.34329286714394885,0.10470741366346677,34.91748301188151,1.0839438307390246
obj_0082,G-LLH,8.609211444854736,0.46820437411467236,0.3441156993309657,0.10250446572899818,31.45795186360677,1.102484760094551
obj_0082,L-FIX,7.318985462188721,0.40731217463811237,0.3003304253021876,0.11262400758763154,38.651604970296226,1.4924159811885682
obj_0082,L-LLH,7.363222440083821,0.3909200926621755,0.29290775458017987,0.1167871505022049,39.594350496927895,1.661018965096167
obj_0082,L-LHL,7.725428243478139,0.38162343949079514,0.2900606542825699,0.11668434490760167,35.62832101186117,1.5742513378687224
obj_0083,R0,10.638047655423483,0.5077207386493683,0.25141965101162594,0.21409131089846292,23.453577995300293,0.8227084576292328
obj_0083,G-FL,10.37900318702062,0.5182958294947942,0.23997679601113,0.2090963969628016,23.071640332539875,0.7009367199148917
obj_0083,G-LHL,11.043499410152435,0.5166667451461157,0.24478288243214288,0.20082739492257437,22.614848136901855,0.6866605607393974
obj_0083,G-LLH,10.405203600724539,0.515856608748436,0.2382455368836721,0.20896502832571665,23.083882967631023,0.6873283336777218
obj_0083,L-FIX,9.261347651481628,0.4536837339401245,0.22097659607728323,0.2420299823085467,27.462554931640625,0.8395232248275063
obj_0083,L-LLH,9.527317980925242,0.4638936271270116,0.213892030219237,0.23350432018438974,27.276472727457683,0.7927441817602547
obj_0083,L-LHL,9.608529309431711,0.4722396383682887,0.22632904599110285,0.2345540871222814,26.661515553792317,0.698727959018334
obj_0084,R0,10.41066919763883,0.13966217388709387,0.13619214793046316,0.1769027238090833,45.86774222056071,1.7177153099548288
obj_0084,G-FL,9.423943956693014,0.13011784479022026,0.11678395296136539,0.15178382024168968,43.62404410044352,1.4608473324605467
obj_0084,G-LHL,9.901015311479568,0.1286560818552971,0.10944426928957303,0.15915747731924057,44.831291834513344,1.689483460924383
obj_0084,G-LLH,9.582699884970983,0.12873679647843042,0.11555261413256328,0.15373091275493303,43.85973803202311,1.5231707501644312
obj_0084,L-FIX,9.366884926954905,0.1385408416390419,0.1326107755303383,0.16410129641493162,45.53398513793945,1.372782928801179
obj_0084,L-LLH,9.351815283298492,0.1330172841747602,0.1259102039039135,0.16422008350491524,43.962985038757324,1.3283991125459804
obj_0084,L-LHL,9.17399138212204,0.13140898942947388,0.12172165388862292,0.16217889388402304,44.97750155131022,1.1528296285968618
obj_0085,R0,13.140419026215872,0.37430695195992786,0.2643670216202736,0.17265006651480994,26.916910966237385,0.5846252508987365
obj_0085,G-FL,14.163511196772257,0.4108571211496989,0.26354577392339706,0.15984292576710382,21.63228480021159,0.6577920189271269
obj_0085,G-LHL,13.336583077907562,0.3933666894833247,0.2590135410428047,0.16210124579568705,24.000773270924885,0.537375461558459
obj_0085,G-LLH,14.116586744785309,0.41025616228580475,0.26361945768197376,0.15873229503631592,21.24944019317627,0.6242422928315403
obj_0085,L-FIX,11.172787547111511,0.3277246952056885,0.23547770579655966,0.17097028344869614,29.238442420959473,0.7149328625902359
obj_0085,L-LLH,11.198687354723612,0.3280799984931946,0.24603972832361856,0.17641078804930052,29.762563705444336,0.7371022452043561
obj_0085,L-LHL,11.37026329835256,0.3138512323300044,0.2310014838973681,0.16568209479252496,29.019381841023762,0.7388917736676627
obj_0086,R0,11.474026441574097,0.22556766867637634,0.21596041321754456,0.14513672702014446,27.66067123413086,1.6584851417985431
obj_0086,G-FL,12.70597537358602,0.23265770201881728,0.19084506233533224,0.1314795563618342,21.018741607666016,1.5765118939907392
obj_0086,G-LHL,12.694350878397623,0.24256791174411774,0.20351574569940567,0.13587502328058085,21.607463836669922,1.7312121565533338
obj_0086,G-LLH,12.679288983345032,0.2276109680533409,0.18922503044207892,0.1280577021340529,20.714513778686523,1.5181684861993092
obj_0086,L-FIX,10.879980425039927,0.22137093916535378,0.18494694431622824,0.13617895357310772,28.689351717631023,1.0011245925353578
obj_0086,L-LLH,10.858404835065206,0.21266687164704004,0.17561519145965576,0.13495201741655669,27.54971440633138,1.0897715508439716
obj_0086,L-LHL,10.894387165705362,0.2260581267376741,0.18655606855948767,0.1407056301832199,29.09429105122884,1.1060736071420927
obj_0087,R0,10.994260708491007,0.3224989672501882,0.2629098892211914,0.11840114990870158,27.362659136454266,0.9511481225555886
obj_0087,G-FL,12.238587935765585,0.33219214777151745,0.22648471593856812,0.12047021090984344,24.43123483657837,1.1494725586467767
obj_0087,G-LHL,11.628150343894958,0.3361739094058673,0.23572967449824014,0.12616507895290852,25.003647963205974,1.1967734570730733
obj_0087,G-LLH,12.135037183761597,0.3435480023423831,0.22792434940735498,0.11859823328753312,24.636230786641438,1.1096411992382542
obj_0087,L-FIX,10.282919903596243,0.2982407361268997,0.20773947735627493,0.11380449930826823,28.25586001078288,1.0985156740107909
obj_0087,L-LLH,10.35591890414556,0.2994219685594241,0.20239613701899847,0.11830262963970502,28.657139778137207,1.069614188487243
obj_0087,L-LHL,9.869478742281595,0.27564214666684467,0.2005089484155178,0.12399269826710224,29.89615790049235,1.2190577755964673
obj_0088,R0,9.659758607546488,0.29487906644741696,0.18716303134957948,0.16017738481362662,33.52748235066732,1.796014949078417
obj_0088,G-FL,10.002316931883493,0.292396975060304,0.16966848572095236,0.13294189671675363,30.41726811726888,1.716729313007563
obj_0088,G-LHL,9.758207201957703,0.28492984051505726,0.17050464948018393,0.1483049231270949,32.22740968068441,1.4665403588291788
obj_0088,G-LLH,9.95956559975942,0.293580782910188,0.16951951632897058,0.13477619737386703,30.481972694396973,1.6434192889034573
obj_0088,L-FIX,9.316433568795523,0.2722169831395149,0.16161679724852243,0.1444661244750023,34.04149913787842,1.0589770783272947
obj_0088,L-LLH,9.359112083911896,0.2574632167816162,0.14750666543841362,0.15160988519589105,33.54351266225179,1.0729297206932542
obj_0088,L-LHL,9.170344869295755,0.2568784107764562,0.15773448844750723,0.14882147560516992,35.01249249776205,0.7636427852588471
obj_0089,R0,12.213765184084574,0.2383571738998095,0.17943599075078964,0.1419361780087153,33.28849442799886,0.7673086695583501
obj_0089,G-FL,12.717212438583374,0.25409037123123807,0.1809759164849917,0.1310466080904007,29.90611680348714,0.9072021333395245
obj_0089,G-LHL,12.748266061147055,0.23741543913880983,0.17391103754440942,0.13862586518128714,31.72575346628825,0.8194426408421496
obj_0089,G-LLH,12.720305720965067,0.25148625671863556,0.1786841799815496,0.13280321285128593,29.78687858581543,0.8660775398174221
obj_0089,L-FIX,11.063142021497091,0.1856939879556497,0.1451472466190656,0.13982106496890387,34.80600611368815,0.7493812185151864
obj_0089,L-LLH,11.706556280454,0.1922470467785994,0.1453104130923748,0.14075044045845667,32.8744862874349,0.7415485230057621
obj_0089,L-LHL,11.484301884969076,0.17554011195898056,0.15216723581155142,0.14015009005864462,33.878018061319985,0.7806440969756977
obj_0090,R0,10.76187252998352,0.2645217428604762,0.17175559451182684,0.16150057315826416,36.71463839213053,1.4731835414033057
obj_0090,G-FL,11.798885862032572,0.27910233785708743,0.17702418814102808,0.15856512387593588,30.317081133524578,1.6984883805152682
obj_0090,G-LHL,11.494382619857788,0.27633553743362427,0.17468625058730444,0.16040359437465668,31.622469584147137,1.763908009024803
obj_0090,G-LLH,12.179003159205118,0.2860316311319669,0.18000623832146326,0.15694923202196756,29.43876600265503,1.550597813223817
obj_0090,L-FIX,9.562445084253946,0.2795616686344147,0.179184690117836,0.15317631512880325,37.61307748158773,1.5535419660218956
obj_0090,L-LLH,10.357190569241842,0.2799446185429891,0.1767801269888878,0.14608031262954077,34.03924544652303,1.2359175056876093
obj_0090,L-LHL,9.652949770291647,0.29779286434253055,0.1695506659646829,0.14030021925767264,36.96963628133138,1.2608121962106613
obj_0091,R0,13.448213537534079,0.3945075372854869,0.21831252922614416,0.3444075683752696,25.527946790059406,1.7250615256413253
obj_0091,G-FL,12.802016337712606,0.4291297098000844,0.19744413966933885,0.37568482011556625,24.121102333068848,1.753695147474511
obj_0091,G-LHL,12.828388214111328,0.4277023772398631,0.19873869543274245,0.3742821166912715,24.256201426188152,1.6211791864736744
obj_0091,G-LLH,12.789754668871561,0.42903504769007367,0.19901907444000244,0.3752494578560193,24.135889689127605,1.7568521016608545
obj_0091,L-FIX,12.356462876001993,0.3259396056334178,0.2067090074221293,0.3196901207168897,28.468499183654785,1.279109000553125
obj_0091,L-LLH,12.814321517944336,0.3643040905396144,0.20430544018745422,0.324944111208121,26.760245005289715,1.4878002377286237
obj_0091,L-LHL,13.001597126324972,0.36772820353507996,0.21079622705777487,0.3209048733115196,26.663176854451496,1.385811035399123
obj_0092,R0,12.505804200967154,0.38550807784001034,0.2193621670206388,0.11621746296683948,31.829020500183105,1.0747985926972403
obj_0092,G-FL,13.447430034478506,0.3868308439850807,0.2029332493742307,0.12036335964997609,27.812120119730633,1.261162708378215
obj_0092,G-LHL,13.462916314601898,0.4002477501829465,0.2047268052895864,0.11106203372279803,28.637720743815105,1.0073558243066765
obj_0092,G-LLH,13.516284624735514,0.408357967933019,0.2081510970989863,0.11775824179251988,28.003204981486004,1.3372261115607291
obj_0092,L-FIX,10.925893435875574,0.36538927257061005,0.19517174859841666,0.1268445315460364,31.150280634562176,1.0372708996824247
obj_0092,L-LLH,11.045476595560709,0.3859252855181694,0.19913103431463242,0.12419543291131656,29.826612154642742,0.8572351300440054
obj_0092,L-LHL,10.370526115099588,0.32948247094949085,0.19618718574444452,0.12653358529011408,33.1398671468099,0.7430681162944208
obj_0093,R0,11.665325462818146,0.37821561594804126,0.23523804545402527,0.17269260933001837,26.234566688537598,0.5255016851437623
obj_0093,G-FL,11.486902634302774,0.36755400399367016,0.21769415587186813,0.17820108433564505,29.32515748341878,0.6508956825023715
obj_0093,G-LHL,11.840539971987406,0.38691815237204236,0.23427472511927286,0.17912195374568304,29.031614621480305,0.8511178369044
obj_0093,G-LLH,11.66205108165741,0.36387373010317486,0.21931124975283942,0.1774139404296875,29.11233107248942,0.6698373702726365
obj_0093,L-FIX,9.665825168291727,0.3274141152699788,0.2140669325987498,0.17883741979797682,35.33038806915283,0.5654955238053759
obj_0093,L-LLH,9.46496476729711,0.30282463878393173,0.20687456304828325,0.17872770378986994,35.859532038370766,0.5800969039712484
obj_0093,L-LHL,9.51730877161026,0.30609501774112385,0.20941545069217682,0.18132748951514563,34.73018487294515,0.5614930416233972
obj_0094,R0,10.481065809726715,0.30910148719946545,0.21691112965345383,0.29807595411936444,25.981147130330402,0.9600720160589642
obj_0094,G-FL,10.348579784234365,0.3190377006928126,0.18994833653171858,0.28908828149239224,27.124478975931805,0.9502454712607417
obj_0094,G-LHL,10.2934401233991,0.3008003607392311,0.18103991076350212,0.28723274916410446,27.066017786661785,1.0053474959333923
obj_0094,G-LLH,10.310695668061575,0.3191103587547938,0.18879057466983795,0.2871466800570488,27.189351399739582,0.9659207445507686
obj_0094,L-FIX,10.172706544399261,0.32131123542785645,0.1826441635688146,0.28297993044058484,26.8788849512736,0.7011153269038397
obj_0094,L-LLH,9.685111840566,0.31316512326399487,0.17876069247722626,0.2698400889833768,28.596993446350098,0.5058049721236254
obj_0094,L-LHL,10.241288344065348,0.32248767217000324,0.1888655498623848,0.2730843524138133,26.620904286702473,0.6912865603490544
obj_0095,R0,8.046168486277262,0.2516555016239484,0.17880563934644064,0.2234394649664561,43.94477081298828,1.3009217714499062
obj_0095,G-FL,7.497660319010417,0.23416193077961603,0.16578476130962372,0.19746464863419533,47.499755859375,1.150378840972467
obj_0095,G-LHL,7.8065691391627,0.23927374184131622,0.17082727948824564,0.21443798393011093,45.33535512288412,1.2741551618606888
obj_0095,G-LLH,7.34166497985522,0.22647674878438315,0.1637769490480423,0.1988360360264778,47.95614846547445,1.0972357061744888
obj_0095,L-FIX,9.218315184116364,0.2588494122028351,0.1656245986620585,0.19802804291248322,40.58789952596029,1.139563905438482
obj_0095,L-LLH,8.955466151237488,0.24469980597496033,0.16396333773930868,0.19787005335092545,41.09227307637533,0.9485839282731283
obj_0095,L-LHL,8.795384367307028,0.24632387111584345,0.15588306387265524,0.20144872243205705,42.07069492340088,0.8585315615208274
obj_0096,R0,13.958615263303122,0.4702474772930145,0.2996579483151436,0.12931853905320168,23.365088144938152,0.9474691537522548
obj_0096,G-FL,11.256675124168396,0.4196122537056605,0.27979592482248944,0.12750929842392603,28.31380812327067,1.2685557469936
obj_0096,G-LHL,12.123251954714457,0.43858446925878525,0.2778969605763753,0.13021329045295715,26.516295115152996,1.075407888271989
obj_0096,G-LLH,11.369850834210714,0.42596616099278134,0.27728306005398434,0.1271279975771904,28.17328675587972,1.2350611578160096
obj_0096,L-FIX,12.217012345790863,0.40204396347204846,0.24635577450195947,0.1380793433636427,26.873711903889973,0.8730076692864865
obj_0096,L-LLH,12.1125199397405,0.41175850480794907,0.2817002559701602,0.13849853537976742,27.109619935353596,0.9735789405138194
obj_0096,L-LHL,12.813508411248526,0.43162208050489426,0.2693561390042305,0.13530028611421585,26.369187355041504,1.0013037746933533
obj_0097,R0,12.621062199274698,0.1201359499245882,0.1570237229267756,0.09190045235057671,23.12157090504964,1.4367340294029394
obj_0097,G-FL,11.72740270694097,0.13890050103267035,0.16332748035589853,0.09298102433482806,21.711401621500652,1.0683432378243403
obj_0097,G-LHL,12.266307274500528,0.12859038884441057,0.156619002421697,0.096463351820906,21.167644500732422,1.6010893657753529
obj_0097,G-LLH,11.560535033543905,0.1412050686776638,0.16709662352999052,0.0944224800914526,22.533998171488445,1.0591673421593208
obj_0097,L-FIX,13.060396114985148,0.1359770968556404,0.16274447863300642,0.09447754671176274,21.860010941823322,2.419706171839525
obj_0097,L-LLH,12.12620904048284,0.12981735418240228,0.15488456065456072,0.08810602687299252,21.673890749613445,1.3648197171380907
obj_0097,L-LHL,12.773231863975525,0.1359956239660581,0.16163117811083794,0.08883519222338994,22.077317873636883,2.115378120240708
obj_0098,R0,12.025495568911234,0.39913944403330487,0.21047434459129968,0.35278919835885364,24.366540749867756,0.8277387339078545
obj_0098,G-FL,9.504384597142538,0.3036333844065666,0.1648454194267591,0.3619080036878586,31.59566815694173,0.8691585558630112
obj_0098,G-LHL,9.52712724606196,0.3238561376929283,0.17139371236165366,0.35114899774392444,31.736361503601074,0.7630834320775692
obj_0098,G-LLH,9.4716876745224,0.3034159342447917,0.16519462938110033,0.35624584555625916,31.738111178080242,0.8476863210809599
obj_0098,L-FIX,11.710920433203379,0.43855756024519604,0.21777362376451492,0.3134959091742833,23.921380043029785,0.6197698150299574
obj_0098,L-LLH,11.300464769204458,0.38416298975547153,0.18876734872659048,0.3143627295891444,25.13416401545207,0.6821067675390262
obj_0098,L-LHL,11.509158412615458,0.40579943855603534,0.19793841987848282,0.31540916363398236,24.822041352589924,0.6582942342699302
obj_0099,R0,11.331985493501028,0.3881283750136693,0.2018998401860396,0.18169667820135751,30.418524901072185,0.9626173137035984
obj_0099,G-FL,11.27979705731074,0.3910927325487137,0.2010292336344719,0.18905721853176752,30.950911204020183,0.8158013845176355
obj_0099,G-LHL,11.35020395119985,0.39816803112626076,0.20984233543276787,0.1919139971335729,30.826575756072998,0.8594229179165348
obj_0099,G-LLH,11.263890266418457,0.38652635117371875,0.19728858148058256,0.18755694727102915,30.948623816172283,0.8057003539533678
obj_0099,L-FIX,10.880822439988455,0.42386147876580554,0.15215316166480383,0.19398708393176398,32.867472330729164,0.9427860594855658
obj_0099,L-LLH,10.619403223196665,0.4132774844765663,0.1688292200366656,0.19514179726441702,33.320364475250244,0.8763943984673447
obj_0099,L-LHL,10.508686900138855,0.39562657475471497,0.14693869774540266,0.19891807188590369,33.534358183542885,0.863696352110873
