method,object_idx,seed,elapsed_sec,full_psnr,full_ssim,full_lpips,fg_psnr,fg_ssim,fg_lpips,bg_psnr,edge_psnr,edge_ssim,nef_ssim,bgwhite_psnr,bgwhite_ssim,bgwhite_lpips,crop_psnr,crop_ssim,crop_lpips,crop_area,fg_mask_corr,edge_fscore,fg_rgb_std,fg_grad_mag,fg_lap_var,fg_color_entropy,fg_hf_energy,fg_brightness_std,gt_fg_rgb_std,gt_fg_grad_mag,gt_fg_lap_var,gt_fg_hf_energy
fixed_low,0,42,6.737541198730469,15.686031579971313,0.8379024863243103,0.2268926054239273,7.458306550979614,0.3309934437274933,0.21527716517448425,25.39612054824829,10.702095031738281,0.48293209075927734,0.3352504372596741,16.106655597686768,0.9019633531570435,0.1950446367263794,15.63033938407898,0.8366313576698303,0.23108798265457153,0.9869791666666666,0.5615234375,0.1615193784236908,0.04840087890625,0.54541015625,0.0257568359375,5.539853096008301,0.286303848028183,0.254638671875,0.00173663767054677,0.12517869472503662,0.002973108785226941,0.2568058669567108
c3_lhl,0,42,6.532892465591431,17.29857563972473,0.8509989976882935,0.21496275067329407,9.2959463596344,0.39920350909233093,0.19777876138687134,25.257418155670166,12.19768762588501,0.5075517892837524,0.4082179367542267,17.94429659843445,0.9134951829910278,0.18147841095924377,17.24557876586914,0.8499430418014526,0.2191057801246643,0.9869791666666666,0.473388671875,0.16015997529029846,0.051666259765625,0.4794921875,0.0162353515625,5.506582895914714,0.276913046836853,0.219482421875,0.00173663767054677,0.12517869472503662,0.002973108785226941,0.2568058669567108
layer_fixed_low,0,42,6.950319766998291,18.54984164237976,0.839665949344635,0.2621205151081085,10.67583680152893,0.4035536050796509,0.1913154125213623,25.782337188720703,13.361189365386963,0.5221181511878967,0.4127920866012573,19.32418465614319,0.9160928726196289,0.18966872990131378,18.49655032157898,0.8384501934051514,0.2666071057319641,0.9869791666666666,0.39697265625,0.13671466708183289,0.06201171875,0.486328125,0.01543426513671875,5.701651096343994,0.2629261910915375,0.2244873046875,0.00173663767054677,0.12517869472503662,0.002973108785226941,0.2568058669567108
layer_fixed_mean,0,42,7.083379507064819,18.875408172607422,0.8508499264717102,0.21514233946800232,11.354082822799683,0.43254369497299194,0.18308806419372559,24.64782953262329,13.950380086898804,0.5320975184440613,0.4428536593914032,20.002431869506836,0.920536458492279,0.17737524211406708,18.82879137992859,0.8498395085334778,0.21921616792678833,0.9869791666666666,0.3857421875,0.1472913771867752,0.0628662109375,0.439453125,0.0120391845703125,5.476531187693278,0.26663997769355774,0.1907958984375,0.00173663767054677,0.12517869472503662,0.002973108785226941,0.2568058669567108
layer_lhl,0,42,7.19615364074707,19.082956314086914,0.8499945998191833,0.22192814946174622,11.471786499023438,0.4343080520629883,0.1843903362751007,25.17310857772827,13.709224462509155,0.5254906415939331,0.4468752443790436,20.120134353637695,0.9208910465240479,0.18086065351963043,19.032557010650635,0.8489211797714233,0.22620372474193573,0.9869791666666666,0.376953125,0.14218856394290924,0.05810546875,0.438720703125,0.0121002197265625,5.538252830505371,0.2633031904697418,0.2021484375,0.00173663767054677,0.12517869472503662,0.002973108785226941,0.2568058669567108
layer_llh,0,42,7.25819206237793,21.12318515777588,0.8553383946418762,0.19791355729103088,13.449352979660034,0.45740053057670593,0.16260969638824463,27.45384693145752,15.907535552978516,0.5545572638511658,0.46607229113578796,22.097702026367188,0.9241119027137756,0.16441458463668823,21.076524257659912,0.8544046878814697,0.20152103900909424,0.9869791666666666,0.3544921875,0.16607221961021423,0.054779052734375,0.3896484375,0.0098876953125,5.227431615193685,0.2709123194217682,0.1527099609375,0.00173663767054677,0.12517869472503662,0.002973108785226941,0.2568058669567108
fixed_low,1,42,7.198229789733887,14.895015954971313,0.7574147582054138,0.25865837931632996,9.49481189250946,0.21196825802326202,0.23539386689662933,19.657152891159058,8.713186979293823,0.31820356845855713,0.21526382863521576,16.220568418502808,0.8423746228218079,0.20225587487220764,14.895015954971313,0.7574147582054138,0.25865837931632996,1.0,0.5166015625,0.29281195998191833,0.08056640625,0.572265625,0.02911376953125,5.758077780405681,0.2969023585319519,0.2403564453125,0.03909943252801895,0.3646279275417328,0.030108997598290443,0.40201082825660706
c3_lhl,1,42,7.179650783538818,14.780950546264648,0.7600109577178955,0.2482711225748062,9.448408484458923,0.21275563538074493,0.23203401267528534,19.358948469161987,8.990142345428467,0.3182450830936432,0.2170858085155487,16.174163818359375,0.8417863845825195,0.1953681856393814,14.780950546264648,0.7600109577178955,0.2482711225748062,1.0,0.45654296875,0.29675260186195374,0.078857421875,0.49951171875,0.019561767578125,5.569858868916829,0.2872903645038605,0.1939697265625,0.03909943252801895,0.3646279275417328,0.030108997598290443,0.40201082825660706
layer_fixed_low,1,42,7.195749521255493,13.543000221252441,0.7385924458503723,0.3491644263267517,7.772219181060791,0.1929730772972107,0.24513298273086548,19.551997184753418,8.683130145072937,0.30658456683158875,0.19806326925754547,14.49797511100769,0.8338168859481812,0.21967530250549316,13.543000221252441,0.7385924458503723,0.3491644263267517,1.0,0.38525390625,0.26697441935539246,0.0889892578125,0.51806640625,0.0168304443359375,5.706216971079509,0.26641741394996643,0.218017578125,0.03909943252801895,0.3646279275417328,0.030108997598290443,0.40201082825660706
layer_fixed_mean,1,42,7.18328595161438,13.791428804397583,0.7517386078834534,0.26617327332496643,8.01151156425476,0.22121119499206543,0.23149174451828003,19.837770462036133,8.959064483642578,0.31171849370002747,0.22856613993644714,14.73726749420166,0.8389561772346497,0.20386122167110443,13.791428804397583,0.7517386078834534,0.26617327332496643,1.0,0.3681640625,0.2927979528903961,0.0799560546875,0.42529296875,0.0142059326171875,5.481184005737305,0.27574050426483154,0.174560546875,0.03909943252801895,0.3646279275417328,0.030108997598290443,0.40201082825660706
layer_lhl,1,42,7.24681830406189,13.753070831298828,0.744553804397583,0.28259605169296265,8.087443709373474,0.19341589510440826,0.24283336102962494,19.358949661254883,8.865289688110352,0.30883872509002686,0.19825752079486847,14.813199043273926,0.8342087268829346,0.20997045934200287,13.753070831298828,0.744553804397583,0.28259605169296265,1.0,0.37353515625,0.28470951318740845,0.081298828125,0.480224609375,0.01346588134765625,5.537716229756673,0.26630231738090515,0.18212890625,0.03909943252801895,0.3646279275417328,0.030108997598290443,0.40201082825660706
layer_llh,1,42,7.183710098266602,14.060173034667969,0.7508352994918823,0.27205756306648254,8.183125257492065,0.2204887866973877,0.22798442840576172,20.5302095413208,9.174036979675293,0.31539326906204224,0.22706550359725952,14.908881187438965,0.8380837440490723,0.203473299741745,14.060173034667969,0.7508352994918823,0.27205756306648254,1.0,0.37646484375,0.29851868748664856,0.07696533203125,0.40869140625,0.01439666748046875,5.440278053283691,0.2827095091342926,0.16650390625,0.03909943252801895,0.3646279275417328,0.030108997598290443,0.40201082825660706
fixed_low,2,42,7.191668510437012,20.90122938156128,0.8907485604286194,0.167707622051239,9.079076051712036,0.3302290141582489,0.12962119281291962,32.401795387268066,14.460277557373047,0.5788180828094482,0.3349747955799103,21.199815273284912,0.9560655951499939,0.10615547001361847,20.31606912612915,0.8850134015083313,0.17671826481819153,0.8697916666666666,0.52001953125,0.1884278953075409,0.0384521484375,0.54736328125,0.043792724609375,4.999146143595378,0.3355390727519989,0.2005615234375,0.001686782343313098,0.12204032391309738,0.002253120532259345,0.25795605778694153
c3_lhl,2,42,7.209959983825684,21.76997423171997,0.8872631192207336,0.16511668264865875,10.198543071746826,0.34905895590782166,0.12662002444267273,30.746383666992188,15.138256549835205,0.577755331993103,0.35536956787109375,22.319281101226807,0.9578533172607422,0.10512443631887436,21.220088005065918,0.881923258304596,0.17253629863262177,0.8697916666666666,0.46875,0.18087895214557648,0.043121337890625,0.5224609375,0.03814697265625,5.021595478057861,0.32575932145118713,0.18505859375,0.001686782343313098,0.12204032391309738,0.002253120532259345,0.25795605778694153
layer_fixed_low,2,42,7.19865083694458,26.193058490753174,0.8940417170524597,0.2497086375951767,15.284204483032227,0.45916974544525146,0.09744986891746521,32.05311298370361,18.429197072982788,0.6229376792907715,0.4754101634025574,27.404944896697998,0.965880274772644,0.09248985350131989,25.728557109832764,0.89016193151474,0.24978959560394287,0.8697916666666666,0.314453125,0.16776031255722046,0.053009033203125,0.375,0.0144500732421875,4.860619862874349,0.2838106155395508,0.1363525390625,0.001686782343313098,0.12204032391309738,0.002253120532259345,0.25795605778694153
layer_fixed_mean,2,42,7.247250318527222,24.873127937316895,0.8910571336746216,0.16146047413349152,14.582990407943726,0.4187309741973877,0.10340419411659241,29.233193397521973,18.2301664352417,0.6153919100761414,0.4291492700576782,26.7037296295166,0.9635139107704163,0.09793123602867126,24.477131366729736,0.886693000793457,0.16628602147102356,0.8697916666666666,0.32958984375,0.16284433007240295,0.047943115234375,0.4130859375,0.0184783935546875,4.8875298500061035,0.29128170013427734,0.138427734375,0.001686782343313098,0.12204032391309738,0.002253120532259345,0.25795605778694153
layer_lhl,2,42,7.252107620239258,24.716172218322754,0.8889852166175842,0.2205144464969635,13.849806785583496,0.423971563577652,0.10797958076000214,30.446810722351074,17.506483793258667,0.6050865054130554,0.43675199151039124,25.970544815063477,0.9637667536735535,0.09728676825761795,24.253239631652832,0.8846902251243591,0.2229854166507721,0.8697916666666666,0.349609375,0.1685304194688797,0.051422119140625,0.41650390625,0.0194244384765625,4.90661096572876,0.292187362909317,0.148681640625,0.001686782343313098,0.12204032391309738,0.002253120532259345,0.25795605778694153
layer_llh,2,42,7.1665918827056885,27.96445369720459,0.8946564793586731,0.1455310732126236,17.307159900665283,0.42500853538513184,0.09299582988023758,33.12468767166138,19.468408823013306,0.6256400346755981,0.43322235345840454,29.427897930145264,0.9635927677154541,0.0963762104511261,27.556743621826172,0.8906900882720947,0.15184450149536133,0.8697916666666666,0.283203125,0.15599848330020905,0.03936767578125,0.3828125,0.017181396484375,4.746987183888753,0.28783175349235535,0.11517333984375,0.001686782343313098,0.12204032391309738,0.002253120532259345,0.25795605778694153
fixed_low,3,42,7.177251815795898,16.174784898757935,0.8544870018959045,0.2600516080856323,10.56182861328125,0.6137935519218445,0.24548190832138062,24.815528392791748,13.858860731124878,0.5699198842048645,0.6256054043769836,16.647188663482666,0.9049742221832275,0.222066730260849,16.14916205406189,0.8539988398551941,0.2655741572380066,0.9934895833333334,0.451171875,0.15510551631450653,0.01268768310546875,0.238037109375,0.009002685546875,4.6931718190511065,0.27828651666641235,0.1566162109375,0.0017407546984031796,0.05040639638900757,0.0009949146769940853,0.2496916651725769
c3_lhl,3,42,7.191695213317871,17.720370292663574,0.8660570979118347,0.2529277205467224,12.698150873184204,0.6627552509307861,0.22974972426891327,23.125019073486328,15.319465398788452,0.5937429666519165,0.6761197447776794,18.78351092338562,0.9174132943153381,0.21178588271141052,17.69876480102539,0.8656849265098572,0.2580343782901764,0.9934895833333334,0.37939453125,0.164279043674469,0.0206756591796875,0.2139892578125,0.004924774169921875,4.436997413635254,0.2681870460510254,0.12347412109375,0.0017407546984031796,0.05040639638900757,0.0009949146769940853,0.2496916651725769
layer_fixed_low,3,42,7.213288307189941,18.819139003753662,0.8558512926101685,0.26023244857788086,13.980567455291748,0.6422394514083862,0.20567256212234497,23.619530200958252,16.289865970611572,0.5908565521240234,0.6561647653579712,20.065927505493164,0.915276825428009,0.2126956433057785,18.798502683639526,0.8553932309150696,0.2657322287559509,0.9934895833333334,0.3193359375,0.10381397604942322,0.0203399658203125,0.213134765625,0.005451202392578125,4.875842730204265,0.25767889618873596,0.1484375,0.0017407546984031796,0.05040639638900757,0.0009949146769940853,0.2496916651725769
layer_fixed_mean,3,42,7.264100551605225,18.986562490463257,0.8682297468185425,0.24095040559768677,14.81884479522705,0.6963332295417786,0.19763979315757751,22.23231792449951,16.89337968826294,0.6150315403938293,0.7104597687721252,20.904204845428467,0.9275652766227722,0.1961488127708435,18.970565795898438,0.8679066896438599,0.24567826092243195,0.9934895833333334,0.31982421875,0.1541096568107605,0.020263671875,0.1845703125,0.0028476715087890625,4.426746368408203,0.25969749689102173,0.10540771484375,0.0017407546984031796,0.05040639638900757,0.0009949146769940853,0.2496916651725769
layer_lhl,3,42,7.226094007492065,19.424928426742554,0.8662975430488586,0.25542742013931274,15.218268632888794,0.6760823726654053,0.20295065641403198,22.74172306060791,16.766921281814575,0.6000848412513733,0.6910990476608276,21.303627490997314,0.9232701063156128,0.20780545473098755,19.407432079315186,0.8658818602561951,0.26063960790634155,0.9934895833333334,0.3037109375,0.12816229462623596,0.0249176025390625,0.1962890625,0.0035572052001953125,4.497415224711101,0.25583747029304504,0.117919921875,0.0017407546984031796,0.05040639638900757,0.0009949146769940853,0.2496916651725769
layer_llh,3,42,7.214677810668945,20.45466661453247,0.8750351667404175,0.22798722982406616,16.497079133987427,0.7173334360122681,0.1792997121810913,23.345775604248047,18.34500551223755,0.6401060819625854,0.7301854491233826,22.58244037628174,0.9328349232673645,0.182094544172287,20.44142723083496,0.8747258186340332,0.23260650038719177,0.9934895833333334,0.30322265625,0.20197536051273346,0.0172271728515625,0.1683349609375,0.0023345947265625,4.212162176767985,0.2644173502922058,0.0848388671875,0.0017407546984031796,0.05040639638900757,0.0009949146769940853,0.2496916651725769
fixed_low,4,42,7.170237064361572,12.357218265533447,0.7916978001594543,0.36394011974334717,5.0213563442230225,0.18209180235862732,0.2174588441848755,16.615654230117798,7.8398555517196655,0.41433995962142944,0.1713007241487503,14.087387323379517,0.8945489525794983,0.18939624726772308,12.16279149055481,0.7851915955543518,0.3635166883468628,0.9296875,0.59765625,0.1646443009376526,0.044921875,0.6337890625,0.053375244140625,5.237719217936198,0.32487595081329346,0.2705078125,0.000963030441198498,0.11348426342010498,0.002918257610872388,0.2642349898815155
c3_lhl,4,42,7.20672869682312,12.662914991378784,0.7963669300079346,0.34692642092704773,5.87723433971405,0.23481111228466034,0.20891065895557404,15.976216793060303,8.50939929485321,0.43559667468070984,0.22800998389720917,14.943264722824097,0.9013144373893738,0.18326932191848755,12.50343918800354,0.7903616428375244,0.3469349443912506,0.9296875,0.5341796875,0.15772487223148346,0.048370361328125,0.60595703125,0.043304443359375,5.512711366017659,0.3149985074996948,0.2484130859375,0.000963030441198498,0.11348426342010498,0.002918257610872388,0.2642349898815155
layer_fixed_low,4,42,7.237466096878052,13.545835018157959,0.7947375774383545,0.4442892372608185,7.395269274711609,0.2839158773422241,0.19706887006759644,16.07816219329834,9.890960454940796,0.4589325487613678,0.2825304865837097,16.46130084991455,0.909710168838501,0.175796240568161,13.42769980430603,0.7907176613807678,0.43886953592300415,0.9296875,0.438720703125,0.13503697514533997,0.058349609375,0.57958984375,0.0274200439453125,5.678267478942871,0.2797524631023407,0.2435302734375,0.000963030441198498,0.11348426342010498,0.002918257610872388,0.2642349898815155
layer_fixed_mean,4,42,7.186655044555664,13.102484941482544,0.8027352094650269,0.3619426190853119,7.455357909202576,0.30533263087272644,0.1934511512517929,15.164415836334229,9.784062504768372,0.46198374032974243,0.30450114607810974,16.521389484405518,0.9117043614387512,0.16690495610237122,12.993470430374146,0.7979689240455627,0.35839635133743286,0.9296875,0.435791015625,0.14562192559242249,0.055267333984375,0.5283203125,0.0219879150390625,5.575836340586345,0.2836562693119049,0.2130126953125,0.000963030441198498,0.11348426342010498,0.002918257610872388,0.2642349898815155
layer_lhl,4,42,7.199183225631714,13.39281678199768,0.799231231212616,0.40415507555007935,7.515110373497009,0.2933655083179474,0.19515788555145264,15.657176971435547,9.761064648628235,0.45654287934303284,0.2933206558227539,16.58114194869995,0.9110300540924072,0.1732819676399231,13.282744884490967,0.7947901487350464,0.39883285760879517,0.9296875,0.431884765625,0.1378202885389328,0.054351806640625,0.5654296875,0.0265045166015625,5.630483786265056,0.2805517017841339,0.2320556640625,0.000963030441198498,0.11348426342010498,0.002918257610872388,0.2642349898815155
layer_llh,4,42,7.206208229064941,14.357026815414429,0.8096145987510681,0.3131016194820404,8.45937967300415,0.314041405916214,0.18326961994171143,16.63987398147583,10.98657488822937,0.4674324691295624,0.3113078474998474,17.52540946006775,0.9136589765548706,0.16161859035491943,14.226300716400146,0.8040854930877686,0.31383347511291504,0.9296875,0.4208984375,0.1456143707036972,0.053070068359375,0.50537109375,0.023651123046875,5.561421871185303,0.2963658571243286,0.190185546875,0.000963030441198498,0.11348426342010498,0.002918257610872388,0.2642349898815155
fixed_low,5,42,7.274269104003906,11.907343864440918,0.7813400626182556,0.2996794283390045,5.699610710144043,0.2982204556465149,0.2332976907491684,16.519635915756226,8.974231481552124,0.44912075996398926,0.2982787787914276,13.37462306022644,0.8790803551673889,0.19388458132743835,11.895203590393066,0.780893087387085,0.2990870475769043,0.99609375,0.5888671875,0.2004067599773407,0.0193023681640625,0.399169921875,0.0242156982421875,4.792400042215983,0.31811872124671936,0.1944580078125,0.0017937174998223782,0.11108467727899551,0.0026401507202535868,0.2575066089630127
c3_lhl,5,42,7.164961338043213,12.394460439682007,0.7942897081375122,0.2843726873397827,6.88218891620636,0.35274091362953186,0.22346776723861694,15.645418167114258,9.838112592697144,0.47623753547668457,0.3552923798561096,14.55720067024231,0.8891003727912903,0.18627594411373138,12.38568902015686,0.7939710021018982,0.2825468182563782,0.99609375,0.5068359375,0.18173709511756897,0.0258636474609375,0.396240234375,0.01605224609375,4.987321535746257,0.2983812689781189,0.1756591796875,0.0017937174998223782,0.11108467727899551,0.0026401507202535868,0.2575066089630127
layer_fixed_low,5,42,7.174303293228149,13.359668254852295,0.8011989593505859,0.36156174540519714,8.6001056432724,0.43437460064888,0.205949068069458,15.65350890159607,11.29279613494873,0.4999130666255951,0.44363078474998474,16.27511739730835,0.9046455025672913,0.1784907728433609,13.353767395019531,0.8010029196739197,0.35608550906181335,0.99609375,0.415283203125,0.15204763412475586,0.034637451171875,0.360107421875,0.0124053955078125,5.160029252370198,0.27610111236572266,0.17626953125,0.0017937174998223782,0.11108467727899551,0.0026401507202535868,0.2575066089630127
layer_fixed_mean,5,42,7.151584148406982,12.731454372406006,0.7995218634605408,0.2986517548561096,8.230175375938416,0.4146491289138794,0.20738784968852997,14.770820140838623,10.852113962173462,0.5005974173545837,0.420131653547287,15.90518593788147,0.899402916431427,0.1744396686553955,12.72872805595398,0.7994245886802673,0.29102933406829834,0.99609375,0.42138671875,0.1592988520860672,0.031341552734375,0.369140625,0.01032257080078125,5.118321577707927,0.27563533186912537,0.1630859375,0.0017937174998223782,0.11108467727899551,0.0026401507202535868,0.2575066089630127
layer_lhl,5,42,7.160815238952637,13.218958377838135,0.8022010922431946,0.3311024606227875,8.739888072013855,0.42226332426071167,0.20879429578781128,15.237799882888794,11.222386360168457,0.4987664222717285,0.4305926561355591,16.414899826049805,0.9025467038154602,0.17878398299217224,13.213868141174316,0.8020226955413818,0.32620179653167725,0.99609375,0.404052734375,0.1501152068376541,0.033843994140625,0.372314453125,0.01116180419921875,5.144517580668132,0.2730048596858978,0.16796875,0.0017937174998223782,0.11108467727899551,0.0026401507202535868,0.2575066089630127
layer_llh,5,42,7.169360160827637,13.96727204322815,0.8120772242546082,0.2701495885848999,9.4147789478302,0.4585632383823395,0.19114689528942108,16.054751873016357,12.22670316696167,0.5246951580047607,0.4642414152622223,17.089790105819702,0.9075040817260742,0.16254770755767822,13.965719938278198,0.8119847178459167,0.262946754693985,0.99609375,0.402099609375,0.17750245332717896,0.0282135009765625,0.33251953125,0.00855255126953125,5.003820101420085,0.28064441680908203,0.139892578125,0.0017937174998223782,0.11108467727899551,0.0026401507202535868,0.2575066089630127
fixed_low,6,42,7.141088247299194,13.697030544281006,0.7667869329452515,0.33113402128219604,8.675377368927002,0.4089365601539612,0.33128029108047485,23.820762634277344,11.425375938415527,0.5072011947631836,0.4128446578979492,14.006184339523315,0.8234991431236267,0.2956894040107727,13.697030544281006,0.7667869329452515,0.33113402128219604,1.0,0.517578125,0.07689475268125534,0.018463134765625,0.41357421875,0.02008056640625,5.367537180582683,0.29788482189178467,0.1826171875,0.0017664397601038218,0.044277895241975784,0.0009067303035408258,0.24552655220031738
c3_lhl,6,42,7.2206196784973145,15.130079984664917,0.7853817343711853,0.31676989793777466,10.476539134979248,0.4690759778022766,0.3119433522224426,22.028541564941406,12.716331481933594,0.5318541526794434,0.47465261816978455,15.807346105575562,0.8430266976356506,0.27778342366218567,15.130079984664917,0.7853817343711853,0.31676989793777466,1.0,0.435791015625,0.07683588564395905,0.0201263427734375,0.35400390625,0.01239776611328125,5.093766530354817,0.28250473737716675,0.147705078125,0.0017664397601038218,0.044277895241975784,0.0009067303035408258,0.24552655220031738
layer_fixed_low,6,42,7.155482053756714,16.194628477096558,0.782202959060669,0.3598223626613617,11.660100221633911,0.479753702878952,0.30164891481399536,22.447855472564697,14.257572889328003,0.5535287857055664,0.48500657081604004,16.990907192230225,0.8473923206329346,0.29294252395629883,16.194628477096558,0.782202959060669,0.3598223626613617,1.0,0.375,0.06418193131685257,0.0263671875,0.3828125,0.0134735107421875,5.386978467305501,0.26517453789711,0.1708984375,0.0017664397601038218,0.044277895241975784,0.0009067303035408258,0.24552655220031738
layer_fixed_mean,6,42,7.193915367126465,16.701737642288208,0.797752320766449,0.3195829689502716,12.555738687515259,0.5214786529541016,0.28678858280181885,21.416025161743164,14.680458307266235,0.5632277131080627,0.5275400280952454,17.886545658111572,0.8604734539985657,0.26929596066474915,16.701737642288208,0.797752320766449,0.3195829689502716,1.0,0.3603515625,0.07936398684978485,0.0182037353515625,0.316650390625,0.009246826171875,5.020550886789958,0.2702033817768097,0.132080078125,0.0017664397601038218,0.044277895241975784,0.0009067303035408258,0.24552655220031738
layer_lhl,6,42,7.197153806686401,16.78599238395691,0.7934368848800659,0.32173168659210205,12.645483016967773,0.5098876357078552,0.2887238562107086,21.48282289505005,14.417409896850586,0.5511301755905151,0.5169386267662048,17.976289987564087,0.8572811484336853,0.27359911799430847,16.78599238395691,0.7934368848800659,0.32173168659210205,1.0,0.35302734375,0.06862638890743256,0.0248870849609375,0.32666015625,0.009552001953125,5.082703272501628,0.2654816806316376,0.1387939453125,0.0017664397601038218,0.044277895241975784,0.0009067303035408258,0.24552655220031738
layer_llh,6,42,7.1961729526519775,17.79998540878296,0.79564368724823,0.3176853656768799,13.620051145553589,0.5136333703994751,0.27924686670303345,22.624268531799316,16.032179594039917,0.577721118927002,0.517768144607544,18.950859308242798,0.8572322130203247,0.2636090815067291,17.79998540878296,0.79564368724823,0.3176853656768799,1.0,0.3505859375,0.09153704345226288,0.017425537109375,0.304931640625,0.00885772705078125,4.819946765899658,0.2765159606933594,0.112060546875,0.0017664397601038218,0.044277895241975784,0.0009067303035408258,0.24552655220031738
fixed_low,7,42,7.173539161682129,13.078998327255249,0.8115546107292175,0.27888813614845276,5.5746906995773315,0.2589031159877777,0.1907372772693634,17.157464027404785,8.83673369884491,0.4545550048351288,0.25576072931289673,14.920035600662231,0.912771463394165,0.15960630774497986,13.003509044647217,0.8094432353973389,0.2782754600048065,0.9739583333333334,0.5869140625,0.20935961604118347,0.01323699951171875,0.48583984375,0.027923583984375,5.116507689158122,0.30648618936538696,0.2310791015625,0.0015707764541730285,0.13719110190868378,0.0033669997937977314,0.2587144374847412
c3_lhl,7,42,7.1476006507873535,13.263349533081055,0.8191677927970886,0.2670048773288727,6.435298919677734,0.31093934178352356,0.18212956190109253,16.293071508407593,9.509498476982117,0.47108545899391174,0.3125569522380829,15.780643224716187,0.9196211695671082,0.15128959715366364,13.20164442062378,0.8171958923339844,0.26694127917289734,0.9739583333333334,0.5234375,0.20189394056797028,0.017486572265625,0.4619140625,0.0225982666015625,5.2432942390441895,0.2986137866973877,0.212158203125,0.0015707764541730285,0.13719110190868378,0.0033669997937977314,0.2587144374847412
layer_fixed_low,7,42,7.153836727142334,14.326162338256836,0.8208056688308716,0.3551997244358063,8.108966946601868,0.3655383884906769,0.16444677114486694,16.684924364089966,10.990897417068481,0.4957423508167267,0.3728087544441223,17.454311847686768,0.928290069103241,0.14164887368679047,14.27599549293518,0.8192862272262573,0.3513513207435608,0.9739583333333334,0.426513671875,0.16476652026176453,0.01971435546875,0.4443359375,0.01666259765625,5.47461732228597,0.2743318974971771,0.220703125,0.0015707764541730285,0.13719110190868378,0.0033669997937977314,0.2587144374847412
layer_fixed_mean,7,42,7.13783597946167,13.641500473022461,0.8275331854820251,0.2658306956291199,7.99895703792572,0.3701452612876892,0.16185720264911652,15.517886877059937,10.777220726013184,0.5018720626831055,0.3743942975997925,17.344300746917725,0.928203821182251,0.1359894722700119,13.60305666923523,0.825986385345459,0.2621656060218811,0.9739583333333334,0.426513671875,0.17765432596206665,0.017364501953125,0.4208984375,0.01325225830078125,5.367645263671875,0.2765320837497711,0.194580078125,0.0015707764541730285,0.13719110190868378,0.0033669997937977314,0.2587144374847412
layer_lhl,7,42,7.1803107261657715,13.953372240066528,0.8234005570411682,0.3288872539997101,8.00333023071289,0.36743804812431335,0.16686546802520752,16.0732364654541,10.762393474578857,0.4966462254524231,0.3746293783187866,17.348674535751343,0.9281015396118164,0.14179028570652008,13.906197547912598,0.8217787146568298,0.32518714666366577,0.9739583333333334,0.427978515625,0.1691855639219284,0.022247314453125,0.43896484375,0.0163421630859375,5.4722639719645185,0.2772867977619171,0.2103271484375,0.0015707764541730285,0.13719110190868378,0.0033669997937977314,0.2587144374847412
layer_llh,7,42,7.148625373840332,15.035982131958008,0.8315227627754211,0.2295064628124237,9.392162561416626,0.4009241759777069,0.14951327443122864,16.913316249847412,12.133785486221313,0.5234496593475342,0.40329262614250183,18.737506866455078,0.9320082068443298,0.12569646537303925,15.0004243850708,0.8299846053123474,0.22670024633407593,0.9739583333333334,0.400390625,0.18687525391578674,0.01386260986328125,0.39599609375,0.0110931396484375,5.258448600769043,0.2788727879524231,0.163818359375,0.0015707764541730285,0.13719110190868378,0.0033669997937977314,0.2587144374847412
fixed_low,8,42,7.259917974472046,20.315639972686768,0.8942320942878723,0.18187358975410461,12.372263669967651,0.5293842554092407,0.1818649023771286,29.181358814239502,14.084633588790894,0.5270828604698181,0.5498468279838562,20.828170776367188,0.9292362928390503,0.15528661012649536,20.230300426483154,0.8932357430458069,0.18584701418876648,0.98046875,0.41748046875,0.19532065093517303,0.0262451171875,0.348876953125,0.017333984375,4.685948848724365,0.287746399641037,0.16064453125,0.0016238084062933922,0.1274818331003189,0.003330484265461564,0.2550777792930603
c3_lhl,8,42,7.238011598587036,22.100181579589844,0.8812240362167358,0.17356477677822113,14.373109340667725,0.5516231060028076,0.16583970189094543,29.542388916015625,15.37111520767212,0.5386133790016174,0.5732124447822571,22.829017639160156,0.9343525767326355,0.1467767357826233,22.018518447875977,0.8799934983253479,0.17729227244853973,0.98046875,0.3564453125,0.1997791826725006,0.02880859375,0.3115234375,0.011962890625,4.635467052459717,0.2781195640563965,0.13916015625,0.0016238084062933922,0.1274818331003189,0.003330484265461564,0.2550777792930603
layer_fixed_low,8,42,7.186856269836426,24.760985374450684,0.8768699169158936,0.18807268142700195,17.214314937591553,0.562348484992981,0.14224807918071747,31.33009672164917,17.116998434066772,0.5554256439208984,0.5859172344207764,25.670225620269775,0.9370083212852478,0.1520356982946396,24.678192138671875,0.8757010102272034,0.19184374809265137,0.98046875,0.26416015625,0.1603303849697113,0.03009033203125,0.277099609375,0.00885009765625,4.628392855326335,0.26329272985458374,0.125244140625,0.0016238084062933922,0.1274818331003189,0.003330484265461564,0.2550777792930603
layer_fixed_mean,8,42,7.174142599105835,24.66552495956421,0.8753843307495117,0.16920608282089233,17.680108547210693,0.5606274008750916,0.139568492770195,29.414610862731934,17.55862832069397,0.5591930747032166,0.5825413465499878,26.136016845703125,0.9384339451789856,0.13921713829040527,24.601194858551025,0.8742101192474365,0.17269572615623474,0.98046875,0.26611328125,0.17759497463703156,0.033660888671875,0.267333984375,0.00731658935546875,4.562451680501302,0.26523828506469727,0.112060546875,0.0016238084062933922,0.1274818331003189,0.003330484265461564,0.2550777792930603
layer_lhl,8,42,7.190807580947876,24.588356018066406,0.877253532409668,0.17496077716350555,17.317731380462646,0.5652486681938171,0.14228232204914093,30.138494968414307,17.043232917785645,0.5516412854194641,0.5890445709228516,25.773639678955078,0.9384369254112244,0.14379015564918518,24.511070251464844,0.8760176301002502,0.1784733533859253,0.98046875,0.2724609375,0.17462663352489471,0.0292205810546875,0.268798828125,0.00811767578125,4.588925997416179,0.2648580074310303,0.11962890625,0.0016238084062933922,0.1274818331003189,0.003330484265461564,0.2550777792930603
layer_llh,8,42,7.25006103515625,27.499043941497803,0.8818647861480713,0.15617682039737701,20.11124610900879,0.5907906293869019,0.11713016778230667,33.445186614990234,19.1462504863739,0.5865705609321594,0.6127240657806396,28.56715440750122,0.9426203966140747,0.12695784866809845,27.429003715515137,0.8808102011680603,0.15943297743797302,0.98046875,0.232421875,0.20118387043476105,0.0275115966796875,0.22607421875,0.005252838134765625,4.21453873316447,0.2640323042869568,0.084716796875,0.0016238084062933922,0.1274818331003189,0.003330484265461564,0.2550777792930603
fixed_low,9,42,7.244659900665283,15.36017656326294,0.7963957190513611,0.35093897581100464,7.88500189781189,0.20268487930297852,0.24076901376247406,21.734554767608643,11.049445867538452,0.4240018427371979,0.19847078621387482,16.314982175827026,0.8843633532524109,0.21393144130706787,15.28921365737915,0.7941351532936096,0.35044294595718384,0.98046875,0.471923828125,0.11224983632564545,0.0208282470703125,0.85693359375,0.10272216796875,5.866771697998047,0.3331213891506195,0.273193359375,0.0016338201239705086,0.11513204127550125,0.0027953963726758957,0.25589466094970703
c3_lhl,9,42,7.192061185836792,15.986441373825073,0.8009423613548279,0.3222351670265198,8.953909277915955,0.23723526298999786,0.22990024089813232,20.917956829071045,11.80843472480774,0.4409031867980957,0.23485732078552246,17.383887767791748,0.8902269005775452,0.2035752683877945,15.924626588821411,0.7988269329071045,0.3214224576950073,0.98046875,0.425048828125,0.1144355982542038,0.0205535888671875,0.75634765625,0.07464599609375,5.77302344640096,0.3202812969684601,0.2425537109375,0.0016338201239705086,0.11513204127550125,0.0027953963726758957,0.25589466094970703
layer_fixed_low,9,42,7.193074941635132,17.733222246170044,0.7948408722877502,0.44018253684043884,11.545628309249878,0.27715831995010376,0.21041902899742126,21.004042625427246,13.874614238739014,0.4605350196361542,0.27938568592071533,19.97560977935791,0.897778332233429,0.20001214742660522,17.682552337646484,0.7928690314292908,0.4374660849571228,0.98046875,0.30810546875,0.10088025033473969,0.0215911865234375,0.7158203125,0.056488037109375,5.629501183827718,0.28949880599975586,0.220458984375,0.0016338201239705086,0.11513204127550125,0.0027953963726758957,0.25589466094970703
layer_fixed_mean,9,42,7.184035778045654,17.29954719543457,0.8021191954612732,0.34249013662338257,11.574151515960693,0.27428382635116577,0.20685145258903503,19.96574640274048,13.769059181213379,0.45910879969596863,0.27443790435791016,20.00413179397583,0.8979552388191223,0.18929782509803772,17.264726161956787,0.8003618717193604,0.3381340205669403,0.98046875,0.318359375,0.10407444089651108,0.01180267333984375,0.67236328125,0.049896240234375,5.597290515899658,0.2938676178455353,0.202392578125,0.0016338201239705086,0.11513204127550125,0.0027953963726758957,0.25589466094970703
layer_lhl,9,42,7.198196172714233,17.43882656097412,0.8015959858894348,0.3902463912963867,11.420412063598633,0.2847779393196106,0.2107793092727661,20.470831394195557,13.614771366119385,0.46067702770233154,0.28735387325286865,19.85039234161377,0.8992003202438354,0.19477534294128418,17.392126321792603,0.7997041940689087,0.3872218728065491,0.98046875,0.31982421875,0.10427875816822052,0.0189666748046875,0.67529296875,0.04840087890625,5.612622102101644,0.2864758372306824,0.2130126953125,0.0016338201239705086,0.11513204127550125,0.0027953963726758957,0.25589466094970703
layer_llh,9,42,7.214259386062622,19.067671298980713,0.8028700947761536,0.3249427080154419,13.148038387298584,0.2574203908443451,0.2031022012233734,21.970078945159912,15.0575590133667,0.4572620689868927,0.2541358768939972,21.57801866531372,0.8943570256233215,0.19340650737285614,19.04355764389038,0.8012658357620239,0.31891411542892456,0.98046875,0.29248046875,0.10337337106466293,0.0139312744140625,0.6611328125,0.0584716796875,5.498029390970866,0.3103199601173401,0.18212890625,0.0016338201239705086,0.11513204127550125,0.0027953963726758957,0.25589466094970703
fixed_low,10,42,7.258439540863037,15.59546947479248,0.8545500636100769,0.2840997576713562,6.613091826438904,0.3402010202407837,0.14305046200752258,20.03566265106201,10.44130563735962,0.5142561793327332,0.3396003246307373,17.329747676849365,0.9429734349250793,0.12671810388565063,15.418832302093506,0.8510639071464539,0.2847815752029419,0.9453125,0.5673828125,0.2526300847530365,0.0156707763671875,0.4541015625,0.0175018310546875,4.960267543792725,0.30091238021850586,0.21337890625,0.0015349291497841477,0.1551094353199005,0.0037536046002060175,0.264091432094574
c3_lhl,10,42,7.176631450653076,15.848413705825806,0.8566774725914001,0.2740846276283264,7.512641549110413,0.3892895579338074,0.13561801612377167,19.210283756256104,11.129921674728394,0.5302938222885132,0.3938244879245758,18.229297399520874,0.9479073286056519,0.12032034993171692,15.699782371520996,0.8535627126693726,0.2738865315914154,0.9453125,0.51416015625,0.2542658746242523,0.01806640625,0.423095703125,0.0145263671875,4.957623640696208,0.2974078953266144,0.193115234375,0.0015349291497841477,0.1551094353199005,0.0037536046002060175,0.264091432094574
layer_fixed_low,10,42,7.194612264633179,17.442591190338135,0.859454333782196,0.3479084074497223,10.326223373413086,0.45086655020713806,0.11944497376680374,19.548766613006592,13.34516167640686,0.5564876794815063,0.4651140868663788,21.04288101196289,0.9553130269050598,0.11053808033466339,17.326642274856567,0.8566716909408569,0.34409773349761963,0.9453125,0.3828125,0.18911556899547577,0.02642822265625,0.371337890625,0.007144927978515625,5.139448483784993,0.2699674367904663,0.185302734375,0.0015349291497841477,0.1551094353199005,0.0037536046002060175,0.264091432094574
layer_fixed_mean,10,42,7.181488037109375,16.63439631462097,0.8588641285896301,0.24532635509967804,9.92351770401001,0.4432504177093506,0.12141188979148865,18.450605869293213,13.014751672744751,0.5586087703704834,0.4527835547924042,20.640172958374023,0.9544601440429688,0.10554321110248566,16.539980173110962,0.8562210202217102,0.2434740662574768,0.9453125,0.39697265625,0.20953747630119324,0.0214385986328125,0.3779296875,0.00745391845703125,5.121495882670085,0.2759798765182495,0.16796875,0.0015349291497841477,0.1551094353199005,0.0037536046002060175,0.264091432094574
layer_lhl,10,42,7.216083288192749,16.8477725982666,0.8586485385894775,0.32348665595054626,9.707534313201904,0.44425708055496216,0.12276619672775269,18.972530364990234,12.770977020263672,0.5506578087806702,0.4579370319843292,20.42419195175171,0.9546933770179749,0.11086593568325043,16.733981370925903,0.8558628559112549,0.3204922080039978,0.9453125,0.405029296875,0.20777453482151031,0.024200439453125,0.377197265625,0.0081787109375,5.103914896647136,0.2738397419452667,0.18408203125,0.0015349291497841477,0.1551094353199005,0.0037536046002060175,0.264091432094574
layer_llh,10,42,7.216838121414185,18.39249849319458,0.8679533004760742,0.1803339123725891,12.103497982025146,0.46324601769447327,0.11164876818656921,19.95116949081421,14.826356172561646,0.5812183022499084,0.47073376178741455,22.82015562057495,0.9564748406410217,0.09659785032272339,18.314517736434937,0.8654733300209045,0.17893734574317932,0.9453125,0.3505859375,0.21643732488155365,0.0194854736328125,0.360107421875,0.00740814208984375,4.9737504323323565,0.27867743372917175,0.1353759765625,0.0015349291497841477,0.1551094353199005,0.0037536046002060175,0.264091432094574
fixed_low,11,42,7.222492218017578,14.057163000106812,0.7885313034057617,0.33054542541503906,8.503465056419373,0.1911349594593048,0.1779768317937851,16.317763328552246,8.696752786636353,0.4140781760215759,0.18557515740394592,17.188864946365356,0.8890730738639832,0.1503867506980896,13.952639102935791,0.7829978466033936,0.32437947392463684,0.94140625,0.4951171875,0.36775749921798706,0.0609130859375,0.54736328125,0.061492919921875,5.482343673706055,0.36708763241767883,0.218994140625,0.002654053969308734,0.3818134367465973,0.023839149624109268,0.308919221162796
c3_lhl,11,42,7.226043224334717,14.089481830596924,0.7907818555831909,0.31321942806243896,9.371646642684937,0.21308517456054688,0.16940361261367798,15.684278011322021,9.276666641235352,0.4288007318973541,0.20850487053394318,18.057045936584473,0.8924655914306641,0.1419352889060974,14.021940231323242,0.7858535647392273,0.2983868718147278,0.94140625,0.4501953125,0.37073495984077454,0.059417724609375,0.51123046875,0.04541015625,5.4675211906433105,0.34663376212120056,0.1998291015625,0.002654053969308734,0.3818134367465973,0.023839149624109268,0.308919221162796
layer_fixed_low,11,42,7.1808247566223145,14.986991882324219,0.7860782742500305,0.43376225233078003,11.804639101028442,0.23873941600322723,0.1564551293849945,15.791975259780884,11.059832572937012,0.44877734780311584,0.23621642589569092,20.49004077911377,0.8978193402290344,0.135344460606575,14.971845149993896,0.7816056609153748,0.42366474866867065,0.94140625,0.34375,0.3582010865211487,0.0743408203125,0.4716796875,0.032440185546875,5.386109828948975,0.31315410137176514,0.1763916015625,0.002654053969308734,0.3818134367465973,0.023839149624109268,0.308919221162796
layer_fixed_mean,11,42,7.229108810424805,14.431116580963135,0.7945669293403625,0.32625991106033325,11.857417821884155,0.24818897247314453,0.15081924200057983,15.018956661224365,10.950343608856201,0.4643522799015045,0.24387042224407196,20.54281711578369,0.8984135389328003,0.12769658863544464,14.44682002067566,0.7902650833129883,0.3108273446559906,0.94140625,0.350830078125,0.35845082998275757,0.07080078125,0.4423828125,0.0260467529296875,5.296027501424153,0.31022098660469055,0.1563720703125,0.002654053969308734,0.3818134367465973,0.023839149624109268,0.308919221162796
layer_lhl,11,42,7.170223712921143,14.657624959945679,0.7898041605949402,0.38912394642829895,11.523810625076294,0.24215193092823029,0.15604162216186523,15.443723201751709,10.72366714477539,0.4506978690624237,0.2396518737077713,20.20921230316162,0.8979331254959106,0.1333310604095459,14.645004272460938,0.7854323387145996,0.37609508633613586,0.94140625,0.35400390625,0.3594179153442383,0.06951904296875,0.46435546875,0.0290069580078125,5.37921142578125,0.3092706501483917,0.17578125,0.002654053969308734,0.3818134367465973,0.023839149624109268,0.308919221162796
layer_llh,11,42,7.166469573974609,15.82632303237915,0.7978858947753906,0.2678017020225525,13.520171642303467,0.2525393068790436,0.1335226446390152,16.330853700637817,12.468019723892212,0.47141391038894653,0.24660375714302063,22.2055721282959,0.899687647819519,0.1143205389380455,15.87674856185913,0.7941836714744568,0.24808955192565918,0.94140625,0.328125,0.3532508909702301,0.062103271484375,0.435791015625,0.030303955078125,5.136485417683919,0.32039299607276917,0.1353759765625,0.002654053969308734,0.3818134367465973,0.023839149624109268,0.308919221162796
fixed_low,12,42,7.187518835067749,17.756869792938232,0.851246178150177,0.3277645707130432,10.90233564376831,0.35093894600868225,0.26451733708381653,31.91709041595459,13.61307978630066,0.516028642654419,0.35676109790802,17.89226770401001,0.8615286946296692,0.26693883538246155,17.72850275039673,0.8502864837646484,0.33416062593460083,0.9934895833333334,0.33203125,0.081703320145607,0.06103515625,0.619140625,0.06146240234375,5.433836778004964,0.3134283125400543,0.260009765625,0.001733014127239585,0.08179375529289246,0.0018855907255783677,0.2510543167591095
c3_lhl,12,42,7.281146049499512,20.057201385498047,0.8489220142364502,0.2884078323841095,13.227074146270752,0.3891651928424835,0.24417811632156372,33.509838581085205,15.070052146911621,0.5342712998390198,0.3963879346847534,20.21700382232666,0.8705042004585266,0.25320833921432495,20.02885103225708,0.848076581954956,0.29477185010910034,0.9934895833333334,0.27880859375,0.08441530913114548,0.057708740234375,0.5,0.0377197265625,5.330891768137614,0.29822736978530884,0.199951171875,0.001733014127239585,0.08179375529289246,0.0018855907255783677,0.2510543167591095
layer_fixed_low,12,42,7.2761335372924805,19.667794704437256,0.8498522639274597,0.38982972502708435,12.895568609237671,0.44706135988235474,0.2341395914554596,31.806321144104004,14.697903394699097,0.5411173701286316,0.46015915274620056,19.885499477386475,0.8781135678291321,0.2639084458351135,19.639469385147095,0.8490198850631714,0.3947944939136505,0.9934895833333334,0.20947265625,0.06968802213668823,0.058319091796875,0.491943359375,0.039520263671875,4.975660959879558,0.29056602716445923,0.2056884765625,0.001733014127239585,0.08179375529289246,0.0018855907255783677,0.2510543167591095
layer_fixed_mean,12,42,7.236799478530884,21.570076942443848,0.8443390130996704,0.2832862436771393,14.793254137039185,0.44975489377975464,0.21569380164146423,33.79899501800537,16.08605146408081,0.5430141091346741,0.46057578921318054,21.78318500518799,0.8820891976356506,0.24219483137130737,21.542398929595947,0.8436185121536255,0.2885473370552063,0.9934895833333334,0.212890625,0.08329133689403534,0.05657958984375,0.4169921875,0.0279998779296875,5.094629764556885,0.28568896651268005,0.1605224609375,0.001733014127239585,0.08179375529289246,0.0018855907255783677,0.2510543167591095
layer_lhl,12,42,7.227086067199707,20.811970233917236,0.8495475053787231,0.3396541178226471,14.052568674087524,0.448019415140152,0.22290566563606262,32.7082633972168,15.4781174659729,0.5400130152702332,0.46033385396003723,21.04250192642212,0.8802170157432556,0.2502205967903137,20.78382968902588,0.8487625122070312,0.34525468945503235,0.9934895833333334,0.205078125,0.07558956742286682,0.056915283203125,0.436279296875,0.02935791015625,5.018553098042806,0.2851807475090027,0.1746826171875,0.001733014127239585,0.08179375529289246,0.0018855907255783677,0.2510543167591095
layer_llh,12,42,7.211963176727295,22.79644250869751,0.859761655330658,0.276763379573822,15.92127799987793,0.4487766921520233,0.20348703861236572,37.66435384750366,16.64456009864807,0.5471314787864685,0.45917484164237976,22.91121244430542,0.8809748888015747,0.24209064245224,22.76832342147827,0.8590492606163025,0.28181755542755127,0.9934895833333334,0.1884765625,0.08277198672294617,0.048065185546875,0.386962890625,0.023162841796875,4.8732015291849775,0.28348666429519653,0.12744140625,0.001733014127239585,0.08179375529289246,0.0018855907255783677,0.2510543167591095
fixed_low,13,42,7.171422719955444,21.768243312835693,0.9355267286300659,0.14931979775428772,13.990682363510132,0.6134092807769775,0.13628776371479034,28.94531488418579,14.381957054138184,0.5710723996162415,0.6380203366279602,22.550694942474365,0.9460660219192505,0.11623387038707733,21.52399778366089,0.9317967891693115,0.1577201783657074,0.9453125,0.416015625,0.2089071273803711,0.0182342529296875,0.20703125,0.007740020751953125,4.099260012308757,0.28669241070747375,0.1168212890625,0.0016689775511622429,0.1307505965232849,0.0037021057214587927,0.2609695792198181
c3_lhl,13,42,7.192707538604736,24.830679893493652,0.9399970173835754,0.13590195775032043,17.37807273864746,0.6433896422386169,0.10792539268732071,30.65584659576416,16.141387224197388,0.583625316619873,0.6702854633331299,25.9380841255188,0.950704038143158,0.10373854637145996,24.586434364318848,0.9365257620811462,0.14345261454582214,0.9453125,0.333984375,0.19972725212574005,0.0171661376953125,0.185791015625,0.005153656005859375,3.870064894358317,0.2760874927043915,0.09649658203125,0.0016689775511622429,0.1307505965232849,0.0037021057214587927,0.2609695792198181
layer_fixed_low,13,42,7.192249774932861,25.630953311920166,0.9388487339019775,0.14315585792064667,17.988872528076172,0.6379899382591248,0.10583075881004333,32.180020809173584,17.071183919906616,0.5893129110336304,0.6654792428016663,26.54888391494751,0.9502993822097778,0.11719740927219391,25.38670539855957,0.9353109002113342,0.15165291726589203,0.9453125,0.2802734375,0.16271373629570007,0.031707763671875,0.1610107421875,0.00382232666015625,4.368893623352051,0.267882376909256,0.09783935546875,0.0016689775511622429,0.1307505965232849,0.0037021057214587927,0.2609695792198181
layer_fixed_mean,13,42,7.141082525253296,26.64095163345337,0.9413490295410156,0.12207279354333878,19.146180152893066,0.6456786394119263,0.08702758699655533,32.61449098587036,17.532618045806885,0.5931973457336426,0.6724212765693665,27.706191539764404,0.9529146552085876,0.09405282884836197,26.396706104278564,0.9379560351371765,0.12878134846687317,0.9453125,0.2705078125,0.18431855738162994,0.01538848876953125,0.163818359375,0.0028858184814453125,3.956245024998983,0.2670193016529083,0.08428955078125,0.0016689775511622429,0.1307505965232849,0.0037021057214587927,0.2609695792198181
layer_lhl,13,42,7.13831353187561,26.4666485786438,0.9413069486618042,0.1356109231710434,18.996082544326782,0.6547233462333679,0.09407372772693634,32.35422134399414,17.317991256713867,0.5910683274269104,0.6840692162513733,27.556095123291016,0.9527357220649719,0.10424429178237915,26.222403049468994,0.9379115700721741,0.1427437663078308,0.9453125,0.26123046875,0.17049288749694824,0.0200042724609375,0.155517578125,0.0032482147216796875,3.8189645608266196,0.2672087550163269,0.08453369140625,0.0016689775511622429,0.1307505965232849,0.0037021057214587927,0.2609695792198181
layer_llh,13,42,7.210819244384766,27.397682666778564,0.9427405595779419,0.11576643586158752,19.630013704299927,0.6476088166236877,0.07965882122516632,34.52497720718384,18.22849154472351,0.6019029021263123,0.6725990772247314,28.19002628326416,0.9531120657920837,0.08849713206291199,27.15343475341797,0.9394283294677734,0.12146969884634018,0.9453125,0.25146484375,0.1991899460554123,0.0119781494140625,0.1634521484375,0.00238800048828125,3.9121991793314614,0.2678077816963196,0.073486328125,0.0016689775511622429,0.1307505965232849,0.0037021057214587927,0.2609695792198181
fixed_low,14,42,7.17713475227356,21.55219078063965,0.889439046382904,0.23883961141109467,16.166856288909912,0.7121696472167969,0.21094992756843567,34.55726623535156,17.116769552230835,0.6189273595809937,0.7275159955024719,21.711854934692383,0.9180219769477844,0.21676938235759735,21.55219078063965,0.889439046382904,0.23883961141109467,1.0,0.3037109375,0.1368083506822586,0.032440185546875,0.1717529296875,0.00420379638671875,5.019733270009358,0.26637810468673706,0.1339111328125,0.001843082718551159,0.04817328602075577,0.000914344098418951,0.24771563708782196
c3_lhl,14,42,7.280787467956543,24.926321506500244,0.8883571624755859,0.2227117419242859,19.923571348190308,0.7492427229881287,0.1855837106704712,32.81024217605591,18.525564670562744,0.6266915798187256,0.7662081122398376,25.468568801879883,0.9299020767211914,0.19775322079658508,24.926321506500244,0.8883571624755859,0.2227117419242859,1.0,0.26123046875,0.16910502314567566,0.0283660888671875,0.1466064453125,0.002834320068359375,4.374043782552083,0.26189112663269043,0.08831787109375,0.001843082718551159,0.04817328602075577,0.000914344098418951,0.24771563708782196
layer_fixed_low,14,42,7.252602815628052,24.03571128845215,0.8796398639678955,0.2558644413948059,18.75360608100891,0.7469128966331482,0.169429212808609,34.92629051208496,18.946367502212524,0.6374920606613159,0.7652930021286011,24.298603534698486,0.9301986694335938,0.22004704177379608,24.03571128845215,0.8796398639678955,0.2558644413948059,1.0,0.2001953125,0.1111329197883606,0.0316162109375,0.126220703125,0.0026035308837890625,4.5648573239644366,0.2541966438293457,0.09442138671875,0.001843082718551159,0.04817328602075577,0.000914344098418951,0.24771563708782196
layer_fixed_mean,14,42,7.197835445404053,26.02301597595215,0.8909624814987183,0.22421222925186157,21.52571201324463,0.7728651165962219,0.15120713412761688,31.291592121124268,19.75162625312805,0.6414470672607422,0.7915788888931274,27.0707106590271,0.9388249516487122,0.19046786427497864,26.02301597595215,0.8909624814987183,0.22421222925186157,1.0,0.19775390625,0.15585480630397797,0.02520751953125,0.111083984375,0.0015840530395507812,4.066552480061849,0.2543686330318451,0.0672607421875,0.001843082718551159,0.04817328602075577,0.000914344098418951,0.24771563708782196
layer_lhl,14,42,7.191287279129028,25.54203748703003,0.8886078000068665,0.23328815400600433,20.760204792022705,0.7602048516273499,0.16230495274066925,32.04943656921387,19.212549924850464,0.6286492943763733,0.7794713377952576,26.305205821990967,0.9345727562904358,0.20002110302448273,25.54203748703003,0.8886078000068665,0.23328815400600433,1.0,0.20068359375,0.13330216705799103,0.028472900390625,0.11932373046875,0.0020656585693359375,4.135984420776367,0.25389260053634644,0.0748291015625,0.001843082718551159,0.04817328602075577,0.000914344098418951,0.24771563708782196
layer_llh,14,42,7.193996906280518,25.762312412261963,0.8933145999908447,0.22197404503822327,20.61415672302246,0.7892060279846191,0.13377459347248077,34.93065595626831,19.984893798828125,0.6563089489936829,0.8078685998916626,26.15915536880493,0.9431439638137817,0.18379130959510803,25.762312412261963,0.8933145999908447,0.22197404503822327,1.0,0.18505859375,0.1925782412290573,0.027130126953125,0.09710693359375,0.001190185546875,3.6760807037353516,0.2549154758453369,0.059417724609375,0.001843082718551159,0.04817328602075577,0.000914344098418951,0.24771563708782196
fixed_low,15,42,7.235884189605713,14.03025507926941,0.803667426109314,0.3209322690963745,8.970152139663696,0.4834481477737427,0.29940715432167053,20.02859115600586,11.787272691726685,0.5473779439926147,0.48862719535827637,14.9326491355896,0.8700512051582336,0.2733445465564728,14.008393287658691,0.8029347062110901,0.3253665864467621,0.9934895833333334,0.453369140625,0.09529459476470947,0.0164337158203125,0.357177734375,0.01336669921875,5.47247854868571,0.2756584584712982,0.1854248046875,0.0015979582676663995,0.04721091687679291,0.0009122165502049029,0.25058239698410034
c3_lhl,15,42,7.2195820808410645,14.758483171463013,0.8174007534980774,0.3092983663082123,10.527493953704834,0.5426830649375916,0.2799261808395386,18.320178985595703,12.7735435962677,0.5656413435935974,0.5498420596122742,16.489992141723633,0.8854362964630127,0.25451016426086426,14.74227786064148,0.8168139457702637,0.31297215819358826,0.9934895833333334,0.37890625,0.0958610326051712,0.01299285888671875,0.31201171875,0.0092926025390625,5.264532248179118,0.27069544792175293,0.156005859375,0.0015979582676663995,0.04721091687679291,0.0009122165502049029,0.25058239698410034
layer_fixed_low,15,42,7.194582939147949,15.577521324157715,0.8145021796226501,0.3474011719226837,11.45097017288208,0.5512822866439819,0.27317577600479126,18.93351912498474,14.124592542648315,0.5750696063041687,0.5608524680137634,17.413465976715088,0.8892955780029297,0.2677602767944336,15.561174154281616,0.8138468861579895,0.3522135019302368,0.9934895833333334,0.32373046875,0.06854058057069778,0.0196685791015625,0.326416015625,0.0128936767578125,5.425363381703694,0.26509812474250793,0.1824951171875,0.0015979582676663995,0.04721091687679291,0.0009122165502049029,0.25058239698410034
layer_fixed_mean,15,42,7.154702425003052,15.11531114578247,0.8142552375793457,0.3148539066314697,11.64991021156311,0.5652994513511658,0.2641829550266266,17.438758611679077,13.820357322692871,0.5823736190795898,0.5734328627586365,17.612407207489014,0.8921970725059509,0.24446581304073334,15.104039907455444,0.8136385679244995,0.31763726472854614,0.9934895833333334,0.3251953125,0.08515294641256332,0.01087188720703125,0.292236328125,0.007381439208984375,5.1844221750895185,0.26055416464805603,0.1480712890625,0.0015979582676663995,0.04721091687679291,0.0009122165502049029,0.25058239698410034
layer_lhl,15,42,7.208470821380615,15.661267042160034,0.8170970678329468,0.3234829902648926,12.269601821899414,0.5681031346321106,0.2618165910243988,17.891634702682495,14.25072431564331,0.5752599835395813,0.5779706835746765,18.232098817825317,0.8939152956008911,0.2514925003051758,15.649436712265015,0.8165338635444641,0.3274241089820862,0.9934895833333334,0.3037109375,0.0730239599943161,0.01311492919921875,0.298828125,0.0089111328125,5.251404762268066,0.2601115107536316,0.155029296875,0.0015979582676663995,0.04721091687679291,0.0009122165502049029,0.25058239698410034
layer_llh,15,42,7.218009948730469,16.80673837661743,0.8322461843490601,0.28465536236763,13.504035472869873,0.6121253967285156,0.2374475598335266,18.92940640449524,15.678414106369019,0.6104418635368347,0.620306670665741,19.466532468795776,0.9040077924728394,0.2214517593383789,16.797127723693848,0.8317704796791077,0.2868291735649109,0.9934895833333334,0.3095703125,0.11391332745552063,0.01070404052734375,0.243896484375,0.004566192626953125,4.8124213218688965,0.26634112000465393,0.110107421875,0.0015979582676663995,0.04721091687679291,0.0009122165502049029,0.25058239698410034
fixed_low,16,42,7.2794554233551025,18.579604625701904,0.8803665041923523,0.2467886209487915,10.515098571777344,0.4895065426826477,0.21055421233177185,29.946694374084473,14.1451895236969,0.5647065043449402,0.5040140748023987,18.85899543762207,0.9132468104362488,0.20530913770198822,18.51121187210083,0.8784763813018799,0.2507791221141815,0.984375,0.42431640625,0.1549217402935028,0.11041259765625,0.40625,0.013519287109375,5.433547019958496,0.27435970306396484,0.2056884765625,0.0016515676397830248,0.11408477276563644,0.002732149325311184,0.25562119483947754
c3_lhl,16,42,7.228396415710449,20.26649236679077,0.8768334984779358,0.2218760848045349,12.299165725708008,0.5274625420570374,0.1919085681438446,30.38522481918335,15.181664228439331,0.5749709606170654,0.5441603064537048,20.643064975738525,0.921288788318634,0.18988046050071716,20.198242664337158,0.8754916787147522,0.22568266093730927,0.984375,0.37646484375,0.16111671924591064,0.08856201171875,0.361083984375,0.01019287109375,5.246804714202881,0.27102023363113403,0.176513671875,0.0016515676397830248,0.11408477276563644,0.002732149325311184,0.25562119483947754
layer_fixed_low,16,42,7.261027812957764,21.746442317962646,0.882318377494812,0.3012113571166992,14.041740894317627,0.550707995891571,0.1777065098285675,29.696054458618164,16.505755186080933,0.5854249000549316,0.5744104981422424,22.385637760162354,0.9252792000770569,0.20013204216957092,21.678051948547363,0.8805708289146423,0.3056749999523163,0.984375,0.271484375,0.1250401884317398,0.1083984375,0.314697265625,0.005054473876953125,5.192324161529541,0.25637418031692505,0.159912109375,0.0016515676397830248,0.11408477276563644,0.002732149325311184,0.25562119483947754
layer_fixed_mean,16,42,7.236143589019775,23.325786590576172,0.8716605305671692,0.22123314440250397,15.649793148040771,0.5794796943664551,0.16062185168266296,31.098580360412598,17.592697143554688,0.5908287763595581,0.6019991636276245,23.993690013885498,0.9317029118537903,0.17488598823547363,23.260390758514404,0.8706343770027161,0.2249794751405716,0.984375,0.27001953125,0.14594666659832,0.08416748046875,0.280517578125,0.0045013427734375,4.968979517618815,0.2610744535923004,0.134033203125,0.0016515676397830248,0.11408477276563644,0.002732149325311184,0.25562119483947754
layer_lhl,16,42,7.218050241470337,22.374532222747803,0.8770507574081421,0.25672805309295654,14.765199422836304,0.5486308932304382,0.17204512655735016,29.766616821289062,16.802339553833008,0.5788920521736145,0.5705881118774414,23.109095096588135,0.926622211933136,0.1871185302734375,22.306432723999023,0.8757845759391785,0.26051783561706543,0.984375,0.27978515625,0.13171161711215973,0.08966064453125,0.30859375,0.0057220458984375,5.121303876241048,0.2595696449279785,0.15087890625,0.0016515676397830248,0.11408477276563644,0.002732149325311184,0.25562119483947754
layer_llh,16,42,7.244631290435791,24.294428825378418,0.8861895799636841,0.20491734147071838,16.366946697235107,0.6023865342140198,0.15476328134536743,33.995985984802246,18.33664059638977,0.6048792600631714,0.6259726285934448,24.710843563079834,0.932978093624115,0.17176973819732666,24.22823667526245,0.8853555917739868,0.2089804708957672,0.984375,0.25830078125,0.15979529917240143,0.09014892578125,0.265869140625,0.003978729248046875,4.811150232950847,0.2621586322784424,0.11834716796875,0.0016515676397830248,0.11408477276563644,0.002732149325311184,0.25562119483947754
fixed_low,17,42,7.16679573059082,14.336429834365845,0.8263061046600342,0.2607823312282562,7.707751989364624,0.39426615834236145,0.19537051022052765,18.507784605026245,10.333446264266968,0.4928549528121948,0.40223780274391174,16.054365634918213,0.9097777605056763,0.1818779557943344,14.311556816101074,0.8255940675735474,0.2646983861923218,0.9921875,0.49609375,0.1730739325284958,0.0221099853515625,0.421630859375,0.01611328125,4.886021614074707,0.2818851172924042,0.209716796875,0.0017245564376935363,0.12234603613615036,0.0031740758568048477,0.25978967547416687
c3_lhl,17,42,7.228410005569458,15.040311813354492,0.8346607685089111,0.24714311957359314,9.360554814338684,0.4576266407966614,0.18226855993270874,17.736458778381348,11.661086082458496,0.5207208395004272,0.4693237543106079,17.70716905593872,0.9203972220420837,0.16936451196670532,15.020880699157715,0.8340541124343872,0.25025618076324463,0.9921875,0.4150390625,0.16761162877082825,0.0266265869140625,0.373046875,0.0101470947265625,4.874889532725017,0.2739109694957733,0.178466796875,0.0017245564376935363,0.12234603613615036,0.0031740758568048477,0.25978967547416687
layer_fixed_low,17,42,7.231080770492554,16.035624742507935,0.8291414380073547,0.2828834354877472,11.122851371765137,0.46950238943099976,0.1755368709564209,17.972934246063232,12.889710664749146,0.526217520236969,0.48255226016044617,19.469465017318726,0.9245384931564331,0.1645795851945877,16.017203330993652,0.8284862637519836,0.28697049617767334,0.9921875,0.34033203125,0.14826609194278717,0.02880859375,0.36572265625,0.0084075927734375,5.041085879007976,0.26314136385917664,0.1766357421875,0.0017245564376935363,0.12234603613615036,0.0031740758568048477,0.25978967547416687
layer_fixed_mean,17,42,7.185371160507202,15.538066625595093,0.8356857895851135,0.24025605618953705,11.405436992645264,0.49926942586898804,0.1671130657196045,16.91981315612793,13.03158164024353,0.5402610301971436,0.5134940147399902,19.752050638198853,0.9290599822998047,0.15395711362361908,15.526454448699951,0.8351590633392334,0.24217721819877625,0.9921875,0.33154296875,0.16005267202854156,0.0272674560546875,0.3271484375,0.006946563720703125,4.968532244364421,0.26840758323669434,0.1478271484375,0.0017245564376935363,0.12234603613615036,0.0031740758568048477,0.25978967547416687
layer_lhl,17,42,7.194788932800293,15.951218605041504,0.8327152729034424,0.26156726479530334,11.60332202911377,0.49077320098876953,0.17102590203285217,17.469764947891235,13.041468858718872,0.532128632068634,0.5062017440795898,19.949936866760254,0.927502453327179,0.16100341081619263,15.936038494110107,0.8321260213851929,0.265141099691391,0.9921875,0.32275390625,0.1456219106912613,0.02899169921875,0.33837890625,0.00685882568359375,4.8929470380147295,0.2624424993991852,0.1639404296875,0.0017245564376935363,0.12234603613615036,0.0031740758568048477,0.25978967547416687
layer_llh,17,42,7.232662200927734,17.13876247406006,0.8439154028892517,0.20915630459785461,13.5205078125,0.5296645164489746,0.14728286862373352,18.234151601791382,14.908386468887329,0.5636298060417175,0.5428819060325623,21.867120265960693,0.9340148568153381,0.1364748626947403,17.131401300430298,0.8434513807296753,0.2122461199760437,0.9921875,0.30224609375,0.18299460411071777,0.023406982421875,0.288818359375,0.0056610107421875,4.785913149515788,0.2732955813407898,0.11407470703125,0.0017245564376935363,0.12234603613615036,0.0031740758568048477,0.25978967547416687
fixed_low,18,42,7.242171764373779,11.85732364654541,0.7837901711463928,0.3280777335166931,6.254741549491882,0.4149869978427887,0.29588156938552856,17.182084321975708,8.961410522460938,0.5104003548622131,0.41918131709098816,13.000081777572632,0.8648951649665833,0.24951618909835815,11.77286982536316,0.7805777788162231,0.3374963700771332,0.9752604166666666,0.5615234375,0.10855525732040405,0.057769775390625,0.36279296875,0.0189056396484375,5.281771977742513,0.32309940457344055,0.1861572265625,0.0016553397290408611,0.05184679850935936,0.0009995021391659975,0.2510339617729187
c3_lhl,18,42,7.182362079620361,12.537429332733154,0.8023280501365662,0.3159340023994446,7.589752674102783,0.4885292947292328,0.28432199358940125,16.203662157058716,10.012664794921875,0.5318636298179626,0.4957076609134674,14.335092306137085,0.88117915391922,0.24170395731925964,12.470805644989014,0.7996003031730652,0.3253338932991028,0.9752604166666666,0.472900390625,0.10441005975008011,0.06085205078125,0.3408203125,0.01470184326171875,5.214192072550456,0.3093204200267792,0.1676025390625,0.0016553397290408611,0.05184679850935936,0.0009995021391659975,0.2510339617729187
layer_fixed_low,18,42,7.203662395477295,13.005870580673218,0.7946437001228333,0.3812158703804016,8.287951350212097,0.4922923445701599,0.28235554695129395,16.256219148635864,10.852192640304565,0.5505253672599792,0.49922192096710205,15.033290386199951,0.8842275738716125,0.24481388926506042,12.935796976089478,0.7918831706047058,0.3898038864135742,0.9752604166666666,0.41796875,0.08996764570474625,0.070556640625,0.3671875,0.01715087890625,5.424892743428548,0.29068291187286377,0.19970703125,0.0016553397290408611,0.05184679850935936,0.0009995021391659975,0.2510339617729187
layer_fixed_mean,18,42,7.2530646324157715,12.951947450637817,0.8078705668449402,0.31845158338546753,8.76375675201416,0.5297790765762329,0.2761991322040558,15.435848236083984,11.070913076400757,0.5576998591423035,0.5376747846603394,15.509095191955566,0.8912287950515747,0.23497240245342255,12.90112018585205,0.8053857088088989,0.3260502517223358,0.9752604166666666,0.401611328125,0.10190647095441818,0.0692138671875,0.315673828125,0.01187896728515625,5.157059192657471,0.29399532079696655,0.1575927734375,0.0016553397290408611,0.05184679850935936,0.0009995021391659975,0.2510339617729187
layer_lhl,18,42,7.20420503616333,13.311738967895508,0.806927502155304,0.33397066593170166,9.162134528160095,0.5299936532974243,0.2738608121871948,15.747991800308228,11.186257600784302,0.5516727566719055,0.5395998954772949,15.907474756240845,0.8930967450141907,0.23658177256584167,13.25671672821045,0.8043851852416992,0.3430284261703491,0.9752604166666666,0.385986328125,0.08900559693574905,0.067626953125,0.32763671875,0.014007568359375,5.228413422902425,0.2916220426559448,0.1649169921875,0.0016553397290408611,0.05184679850935936,0.0009995021391659975,0.2510339617729187
layer_llh,18,42,7.2253899574279785,13.79543423652649,0.8055976033210754,0.3081481456756592,9.388580918312073,0.5218209624290466,0.26794952154159546,16.568431854248047,11.93844199180603,0.5773172378540039,0.5260928869247437,16.133921146392822,0.8892589211463928,0.22844091057777405,13.74233365058899,0.8030796051025391,0.31517672538757324,0.9752604166666666,0.400390625,0.11713182181119919,0.06805419921875,0.31787109375,0.01103973388671875,5.062610626220703,0.29865628480911255,0.1419677734375,0.0016553397290408611,0.05184679850935936,0.0009995021391659975,0.2510339617729187
fixed_low,19,42,7.215637683868408,14.460349082946777,0.8254969716072083,0.28028613328933716,8.225550651550293,0.4715866446495056,0.2663445472717285,27.41987943649292,11.575781106948853,0.5374663472175598,0.4788278341293335,14.633203744888306,0.8758025169372559,0.2440498024225235,14.40960168838501,0.8241055011749268,0.286426842212677,0.98828125,0.55322265625,0.11297431588172913,0.01311492919921875,0.335205078125,0.0171051025390625,5.055254936218262,0.2940114438533783,0.209716796875,0.0016104200622066855,0.05036897212266922,0.0010459274053573608,0.25034019351005554
c3_lhl,19,42,7.182059049606323,16.71155571937561,0.8460941314697266,0.2651614546775818,10.623111724853516,0.5470990538597107,0.24948996305465698,27.079594135284424,13.515396118164062,0.5685389041900635,0.5564025640487671,17.03076481819153,0.8944216966629028,0.23026955127716064,16.662838459014893,0.8450361490249634,0.27093440294265747,0.98828125,0.4560546875,0.11089339852333069,0.0197296142578125,0.302001953125,0.01087188720703125,5.107330163319905,0.2824881374835968,0.164794921875,0.0016104200622066855,0.05036897212266922,0.0010459274053573608,0.25034019351005554
layer_fixed_low,19,42,7.19313907623291,17.51639723777771,0.837407112121582,0.2765306234359741,11.45075798034668,0.5413999557495117,0.24224451184272766,27.596006393432617,14.297442436218262,0.572654128074646,0.5512827634811401,17.858411073684692,0.8942662477493286,0.23729141056537628,17.466871738433838,0.8362471461296082,0.28225553035736084,0.98828125,0.40771484375,0.08778004348278046,0.0269317626953125,0.31201171875,0.01103973388671875,5.347429275512695,0.26935598254203796,0.18505859375,0.0016104200622066855,0.05036897212266922,0.0010459274053573608,0.25034019351005554
layer_fixed_mean,19,42,7.2102744579315186,17.940943241119385,0.8474686145782471,0.2547243535518646,12.063504457473755,0.57170170545578,0.22958263754844666,26.20901584625244,14.882059097290039,0.5879218578338623,0.5812175869941711,18.471156358718872,0.9019010663032532,0.21807394921779633,17.895408868789673,0.8464568257331848,0.2600603401660919,0.98828125,0.40283203125,0.10926131904125214,0.018646240234375,0.27587890625,0.00788116455078125,5.042410850524902,0.27229464054107666,0.1468505859375,0.0016104200622066855,0.05036897212266922,0.0010459274053573608,0.25034019351005554
layer_lhl,19,42,7.228797435760498,18.9096736907959,0.8502859473228455,0.2628768980503082,13.09075117111206,0.5863154530525208,0.2277832329273224,26.751723289489746,15.189106464385986,0.5877362489700317,0.5977120995521545,19.498403072357178,0.9047092795372009,0.22247764468193054,18.863171339035034,0.8492570519447327,0.26844221353530884,0.98828125,0.36767578125,0.09706446528434753,0.0260162353515625,0.272705078125,0.00826263427734375,5.096673647562663,0.26910650730133057,0.1495361328125,0.0016104200622066855,0.05036897212266922,0.0010459274053573608,0.25034019351005554
layer_llh,19,42,7.197937488555908,19.617369174957275,0.8521459698677063,0.2425963580608368,13.626905679702759,0.6001467704772949,0.21266406774520874,28.871121406555176,16.679720878601074,0.618133544921875,0.608084499835968,20.03455638885498,0.90821373462677,0.2077651023864746,19.57137107849121,0.8512370586395264,0.24756158888339996,0.98828125,0.38134765625,0.13964839279651642,0.019927978515625,0.2437744140625,0.00551605224609375,4.837904930114746,0.27331018447875977,0.12060546875,0.0016104200622066855,0.05036897212266922,0.0010459274053573608,0.25034019351005554
fixed_low,20,42,7.140484809875488,10.237106084823608,0.8044146299362183,0.5523937344551086,4.011576771736145,0.15151406824588776,0.15376539528369904,11.21781587600708,6.848881244659424,0.4322164058685303,0.13294154405593872,16.26405954360962,0.9466188549995422,0.1248881071805954,10.244543552398682,0.8048923015594482,0.5406317114830017,0.8854166666666666,0.57275390625,0.2157910317182541,0.03314208984375,0.5185546875,0.043548583984375,4.235653718312581,0.3591310977935791,0.211669921875,0.0015075362753123045,0.12034431844949722,0.002416553907096386,0.2550296187400818
c3_lhl,20,42,7.147320032119751,10.091439485549927,0.808623731136322,0.5439816117286682,4.214733839035034,0.17501723766326904,0.15214478969573975,10.962048768997192,6.8981629610061646,0.43878617882728577,0.15916278958320618,16.467217206954956,0.9479570388793945,0.12320686131715775,10.104464292526245,0.8088916540145874,0.5332421660423279,0.8854166666666666,0.5498046875,0.20986883342266083,0.037109375,0.51318359375,0.039520263671875,4.528903007507324,0.3515544831752777,0.2078857421875,0.0015075362753123045,0.12034431844949722,0.002416553907096386,0.2550296187400818
layer_fixed_low,20,42,7.175955533981323,10.354604721069336,0.7902825474739075,0.6211481690406799,5.731348991394043,0.2687961161136627,0.14713336527347565,10.910966396331787,7.481238842010498,0.4625079929828644,0.2646014988422394,17.98383116722107,0.9545468091964722,0.12019053101539612,10.450602769851685,0.7939842343330383,0.609149158000946,0.8854166666666666,0.435791015625,0.16409270465373993,0.053497314453125,0.537109375,0.0300750732421875,5.183303038279216,0.3010270893573761,0.2215576171875,0.0015075362753123045,0.12034431844949722,0.002416553907096386,0.2550296187400818
layer_fixed_mean,20,42,7.193329572677612,9.98547911643982,0.808934211730957,0.5684654116630554,5.238402485847473,0.24874652922153473,0.14813174307346344,10.568124055862427,7.195781469345093,0.46566689014434814,0.238234281539917,17.490886449813843,0.9525668025016785,0.11744065582752228,10.04654049873352,0.8111367225646973,0.5543326735496521,0.8854166666666666,0.46484375,0.17581982910633087,0.045867919921875,0.50732421875,0.0252685546875,5.137705485026042,0.3082265853881836,0.2012939453125,0.0015075362753123045,0.12034431844949722,0.002416553907096386,0.2550296187400818
layer_lhl,20,42,7.163119077682495,10.207792520523071,0.800449788570404,0.605632483959198,5.379730463027954,0.2524135708808899,0.14713701605796814,10.808125734329224,7.3494356870651245,0.46244093775749207,0.2456396371126175,17.632213830947876,0.9533379673957825,0.11988291144371033,10.273728370666504,0.8028217554092407,0.5942139029502869,0.8854166666666666,0.45654296875,0.16929154098033905,0.049102783203125,0.52734375,0.0299072265625,5.102306048075358,0.3062351942062378,0.2197265625,0.0015075362753123045,0.12034431844949722,0.002416553907096386,0.2550296187400818
layer_llh,20,42,7.1650707721710205,10.868686437606812,0.8181785345077515,0.49107474088668823,6.065722703933716,0.27378278970718384,0.14757607877254486,11.463494300842285,8.082475662231445,0.49262696504592896,0.26104575395584106,18.318206071853638,0.9543148875236511,0.11393864452838898,10.938318967819214,0.81992107629776,0.4764695167541504,0.8854166666666666,0.44775390625,0.16673310101032257,0.044647216796875,0.5234375,0.02569580078125,5.36391035715739,0.31577712297439575,0.1793212890625,0.0015075362753123045,0.12034431844949722,0.002416553907096386,0.2550296187400818
fixed_low,21,42,7.200974225997925,15.652858018875122,0.8196907639503479,0.2633246183395386,7.553015351295471,0.26352277398109436,0.23794695734977722,25.560572147369385,10.710207223892212,0.4564248323440552,0.2633800208568573,16.051548719406128,0.8907498121261597,0.2128095179796219,15.59167742729187,0.8180449604988098,0.2669237554073334,0.9856770833333334,0.53466796875,0.13766880333423615,0.024627685546875,0.71826171875,0.0736083984375,5.61467711130778,0.32491886615753174,0.277587890625,0.0017332781571894884,0.12005861848592758,0.0028818193823099136,0.25806519389152527
c3_lhl,21,42,7.17841100692749,16.811246871948242,0.8272426724433899,0.24918250739574432,8.917351961135864,0.30703237652778625,0.22470612823963165,25.01136302947998,11.760743856430054,0.4713480472564697,0.31025105714797974,17.415884733200073,0.898533284664154,0.20287461578845978,16.752629280090332,0.8257662057876587,0.25285500288009644,0.9856770833333334,0.46630859375,0.1336648315191269,0.0274200439453125,0.6455078125,0.0516357421875,5.591086228688558,0.30827760696411133,0.248291015625,0.0017332781571894884,0.12005861848592758,0.0028818193823099136,0.25806519389152527
layer_fixed_low,21,42,7.324799060821533,18.91699194908142,0.824719250202179,0.30214622616767883,11.331713199615479,0.34700390696525574,0.2011227309703827,25.475952625274658,13.62637996673584,0.4898938536643982,0.35366684198379517,19.830247163772583,0.906036913394928,0.19596345722675323,18.858957290649414,0.8232468962669373,0.30527961254119873,0.9856770833333334,0.36328125,0.11907060444355011,0.0350341796875,0.5830078125,0.03472900390625,5.595675468444824,0.2828856408596039,0.2218017578125,0.0017332781571894884,0.12005861848592758,0.0028818193823099136,0.25806519389152527
layer_fixed_mean,21,42,7.432672023773193,18.633105754852295,0.8282468914985657,0.24979785084724426,11.342300176620483,0.3443521559238434,0.20029985904693604,24.119548797607422,13.719029426574707,0.4966622591018677,0.34895116090774536,19.840832948684692,0.9061048626899719,0.190077543258667,18.58126997947693,0.8268678188323975,0.25325629115104675,0.9856770833333334,0.3681640625,0.12478482723236084,0.032867431640625,0.5703125,0.0295257568359375,5.571443398793538,0.28188028931617737,0.20703125,0.0017332781571894884,0.12005861848592758,0.0028818193823099136,0.25806519389152527
layer_lhl,21,42,7.200258016586304,18.700807094573975,0.8284165859222412,0.2627916634082794,11.245496273040771,0.3539050221443176,0.20179131627082825,24.744462966918945,13.351407051086426,0.49047279357910156,0.3611360490322113,19.744027853012085,0.9070610404014587,0.19359120726585388,18.645392656326294,0.8269754648208618,0.2664267122745514,0.9856770833333334,0.36572265625,0.12401998788118362,0.0325927734375,0.57470703125,0.032318115234375,5.546916802724202,0.28083139657974243,0.218994140625,0.0017332781571894884,0.12005861848592758,0.0028818193823099136,0.25806519389152527
layer_llh,21,42,7.175854682922363,21.118192672729492,0.8281854391098022,0.2345510870218277,13.705188035964966,0.32989221811294556,0.18528279662132263,27.009503841400146,15.736194849014282,0.5086496472358704,0.329333633184433,22.20372200012207,0.9040719270706177,0.18187789618968964,21.066365242004395,0.8268454670906067,0.2383383810520172,0.9856770833333334,0.32861328125,0.12438593804836273,0.0267333984375,0.53125,0.0287017822265625,5.412461916605632,0.28864195942878723,0.1673583984375,0.0017332781571894884,0.12005861848592758,0.0028818193823099136,0.25806519389152527
fixed_low,22,42,7.174177169799805,9.312446117401123,0.7591533660888672,0.36371225118637085,3.7086322903633118,0.13043931126594543,0.25354641675949097,12.313905954360962,6.667400598526001,0.4441167712211609,0.12166070938110352,11.68732762336731,0.8577911257743835,0.20503482222557068,9.198670387268066,0.7530888915061951,0.36406221985816956,0.9479166666666666,0.64697265625,0.14077603816986084,0.021759033203125,0.329833984375,0.023468017578125,4.155233542124431,0.3631442189216614,0.150390625,0.001731709809973836,0.06225713714957237,0.0012851172359660268,0.24728836119174957
c3_lhl,22,42,7.139888525009155,9.542486667633057,0.7707474231719971,0.35439014434814453,4.61729884147644,0.2148747593164444,0.24637173116207123,11.756575107574463,7.317584753036499,0.47040891647338867,0.2095523625612259,12.595995664596558,0.8714942336082458,0.19779546558856964,9.457083344459534,0.7656217217445374,0.3548918068408966,0.9479166666666666,0.5634765625,0.12121019512414932,0.0246734619140625,0.350830078125,0.020050048828125,4.755431493123372,0.3443260192871094,0.14794921875,0.001731709809973836,0.06225713714957237,0.0012851172359660268,0.24728836119174957
layer_fixed_low,22,42,7.130626678466797,9.840068817138672,0.771977424621582,0.4579846262931824,5.201787352561951,0.2665238082408905,0.24038457870483398,11.790153980255127,7.739843726158142,0.5045024752616882,0.26310044527053833,13.18048357963562,0.879249632358551,0.1918088048696518,9.773593544960022,0.7677366137504578,0.454357773065567,0.9479166666666666,0.52197265625,0.10305032879114151,0.0268707275390625,0.34326171875,0.01389312744140625,4.921803156534831,0.30451685190200806,0.1588134765625,0.001731709809973836,0.06225713714957237,0.0012851172359660268,0.24728836119174957
layer_fixed_mean,22,42,7.151057481765747,9.589177370071411,0.781029999256134,0.3821655213832855,5.361883044242859,0.29484596848487854,0.23346483707427979,11.213171482086182,7.770720720291138,0.5066674947738647,0.29128557443618774,13.340578079223633,0.8829595446586609,0.1851501762866974,9.543567299842834,0.7774527668952942,0.3764055669307709,0.9479166666666666,0.50048828125,0.11512897163629532,0.0224761962890625,0.31689453125,0.012451171875,4.703955014546712,0.31534668803215027,0.131103515625,0.001731709809973836,0.06225713714957237,0.0012851172359660268,0.24728836119174957
layer_lhl,22,42,7.1585142612457275,9.903947114944458,0.7824267148971558,0.40404069423675537,5.740334391593933,0.30277177691459656,0.2362910360097885,11.482110023498535,8.056094646453857,0.5095203518867493,0.3011951148509979,13.719030618667603,0.8854066729545593,0.18885160982608795,9.85092282295227,0.7785958647727966,0.40077832341194153,0.9479166666666666,0.480712890625,0.1010439470410347,0.026824951171875,0.342529296875,0.01352691650390625,4.9877597490946455,0.3047915995121002,0.1488037109375,0.001731709809973836,0.06225713714957237,0.0012851172359660268,0.24728836119174957
layer_llh,22,42,7.134259223937988,10.261625051498413,0.78451007604599,0.35956788063049316,5.765947103500366,0.3053649663925171,0.23234805464744568,12.092221975326538,8.378843069076538,0.5197397470474243,0.2990972101688385,13.744641542434692,0.8845053315162659,0.1814773827791214,10.216814279556274,0.7813531756401062,0.3513593077659607,0.9479166666666666,0.50537109375,0.12292683869600296,0.0186309814453125,0.326171875,0.0126495361328125,4.6209767659505205,0.3237645924091339,0.1163330078125,0.001731709809973836,0.06225713714957237,0.0012851172359660268,0.24728836119174957
fixed_low,23,42,7.159507989883423,15.137770175933838,0.8296747207641602,0.30390664935112,7.381273508071899,0.2869742214679718,0.16235557198524475,19.190531969070435,10.25855302810669,0.4888421297073364,0.28293460607528687,17.011828422546387,0.9213207364082336,0.14553698897361755,15.006611347198486,0.826112687587738,0.3041554391384125,0.9557291666666666,0.51416015625,0.20470356941223145,0.03472900390625,0.5166015625,0.0269775390625,5.409749348958333,0.30767491459846497,0.2197265625,0.001685923314653337,0.15508055686950684,0.004799305461347103,0.2652592062950134
c3_lhl,23,42,7.121261119842529,15.61278223991394,0.8339862823486328,0.28334563970565796,8.63088846206665,0.3369717299938202,0.1552281230688095,18.51696014404297,11.138476133346558,0.5078546404838562,0.3367242217063904,18.261443376541138,0.9273769855499268,0.1390829086303711,15.509209632873535,0.8307538032531738,0.2852329909801483,0.9557291666666666,0.451171875,0.20494279265403748,0.036865234375,0.47119140625,0.021087646484375,5.364061196645101,0.30083951354026794,0.194091796875,0.001685923314653337,0.15508055686950684,0.004799305461347103,0.2652592062950134
layer_fixed_low,23,42,7.124057054519653,16.647275686264038,0.8325053453445435,0.38317248225212097,10.50915241241455,0.37503987550735474,0.14266052842140198,18.72302770614624,12.545547485351562,0.5305708646774292,0.3784858286380768,20.139708518981934,0.9329755902290344,0.13521139323711395,16.593716144561768,0.8303244113922119,0.3733775019645691,0.9557291666666666,0.35791015625,0.18604423105716705,0.03875732421875,0.456298828125,0.01454925537109375,5.548727512359619,0.27262112498283386,0.197509765625,0.001685923314653337,0.15508055686950684,0.004799305461347103,0.2652592062950134
layer_fixed_mean,23,42,7.137850522994995,16.30752682685852,0.8376872539520264,0.262180894613266,10.908983945846558,0.38302499055862427,0.1382109820842743,17.86478281021118,12.72188663482666,0.5295524001121521,0.38564983010292053,20.539538860321045,0.9341047406196594,0.1256960928440094,16.285451650619507,0.8356439471244812,0.25480034947395325,0.9557291666666666,0.34912109375,0.1943501979112625,0.03240966796875,0.43603515625,0.01342010498046875,5.383975346883138,0.27906930446624756,0.17236328125,0.001685923314653337,0.15508055686950684,0.004799305461347103,0.2652592062950134
layer_lhl,23,42,7.114946126937866,16.482081413269043,0.8358529210090637,0.35147374868392944,10.769038200378418,0.3887766897678375,0.1421016901731491,18.241686820983887,12.55459189414978,0.5330968499183655,0.39292964339256287,20.3995943069458,0.9344329833984375,0.13068635761737823,16.434589624404907,0.833492636680603,0.3438878655433655,0.9557291666666666,0.3525390625,0.18966683745384216,0.03924560546875,0.434814453125,0.01338958740234375,5.441651185353597,0.2751081883907318,0.1827392578125,0.001685923314653337,0.15508055686950684,0.004799305461347103,0.2652592062950134
layer_llh,23,42,7.113481521606445,17.722982168197632,0.8415898084640503,0.21283015608787537,12.422990798950195,0.3720287084579468,0.12916558980941772,19.22157049179077,14.08629059791565,0.5319400429725647,0.37172257900238037,22.053544521331787,0.9333899617195129,0.11980627477169037,17.72433042526245,0.8396297097206116,0.20907142758369446,0.9557291666666666,0.32373046875,0.19123373925685883,0.0214691162109375,0.442138671875,0.0158233642578125,5.2694675127665205,0.28335821628570557,0.1531982421875,0.001685923314653337,0.15508055686950684,0.004799305461347103,0.2652592062950134
