comparison,sample_id,uid,image_a,image_b,shape_a,shape_b,byte_identical,pixel_identical,mae_0_255,rmse_0_255,max_abs_0_255,changed_pixel_fraction,pixel_psnr_db,sha_a,sha_b,historical_gallery_sha256,prior_observer_sha256,py310_trace_matches_prior_observer,metric_bg_psnr_a,metric_bg_psnr_b,metric_bg_psnr_delta_b_minus_a,metric_bgwhite_lpips_a,metric_bgwhite_lpips_b,metric_bgwhite_lpips_delta_b_minus_a,metric_bgwhite_psnr_a,metric_bgwhite_psnr_b,metric_bgwhite_psnr_delta_b_minus_a,metric_bgwhite_ssim_a,metric_bgwhite_ssim_b,metric_bgwhite_ssim_delta_b_minus_a,metric_crop_area_a,metric_crop_area_b,metric_crop_area_delta_b_minus_a,metric_crop_lpips_a,metric_crop_lpips_b,metric_crop_lpips_delta_b_minus_a,metric_crop_psnr_a,metric_crop_psnr_b,metric_crop_psnr_delta_b_minus_a,metric_crop_ssim_a,metric_crop_ssim_b,metric_crop_ssim_delta_b_minus_a,metric_edge_fscore_a,metric_edge_fscore_b,metric_edge_fscore_delta_b_minus_a,metric_edge_psnr_a,metric_edge_psnr_b,metric_edge_psnr_delta_b_minus_a,metric_edge_ssim_a,metric_edge_ssim_b,metric_edge_ssim_delta_b_minus_a,metric_fg_brightness_std_a,metric_fg_brightness_std_b,metric_fg_brightness_std_delta_b_minus_a,metric_fg_color_entropy_a,metric_fg_color_entropy_b,metric_fg_color_entropy_delta_b_minus_a,metric_fg_grad_mag_a,metric_fg_grad_mag_b,metric_fg_grad_mag_delta_b_minus_a,metric_fg_hf_energy_a,metric_fg_hf_energy_b,metric_fg_hf_energy_delta_b_minus_a,metric_fg_lap_var_a,metric_fg_lap_var_b,metric_fg_lap_var_delta_b_minus_a,metric_fg_lpips_a,metric_fg_lpips_b,metric_fg_lpips_delta_b_minus_a,metric_fg_mask_corr_a,metric_fg_mask_corr_b,metric_fg_mask_corr_delta_b_minus_a,metric_fg_psnr_a,metric_fg_psnr_b,metric_fg_psnr_delta_b_minus_a,metric_fg_rgb_std_a,metric_fg_rgb_std_b,metric_fg_rgb_std_delta_b_minus_a,metric_fg_ssim_a,metric_fg_ssim_b,metric_fg_ssim_delta_b_minus_a,metric_full_lpips_a,metric_full_lpips_b,metric_full_lpips_delta_b_minus_a,metric_full_psnr_a,metric_full_psnr_b,metric_full_psnr_delta_b_minus_a,metric_full_ssim_a,metric_full_ssim_b,metric_full_ssim_delta_b_minus_a,metric_gt_fg_grad_mag_a,metric_gt_fg_grad_mag_b,metric_gt_fg_grad_mag_delta_b_minus_a,metric_gt_fg_hf_energy_a,metric_gt_fg_hf_energy_b,metric_gt_fg_hf_energy_delta_b_minus_a,metric_gt_fg_lap_var_a,metric_gt_fg_lap_var_b,metric_gt_fg_lap_var_delta_b_minus_a,metric_gt_fg_rgb_std_a,metric_gt_fg_rgb_std_b,metric_gt_fg_rgb_std_delta_b_minus_a,metric_nef_ssim_a,metric_nef_ssim_b,metric_nef_ssim_delta_b_minus_a,metric_uncapped_a,metric_uncapped_b,metric_uncapped_delta_b_minus_a
archive_vs_py313,freshc_panel_01,c76ac44df995482185077da81939b306,/4T/CXY/MV-Painter/1006/data/fresh_c/runs/c3_confirmation/predictions/native_gfl/c76ac44df995482185077da81939b306.png,/4T/CXY/MV-Painter-r1color/1008/engineering/color_failure/final_closure/repro/python313_trace_repeat1/run/predictions/native_gfl/c76ac44df995482185077da81939b306.png,"(768, 512, 3)","(768, 512, 3)",True,True,0.0,0.0,0,0.0,inf,8a7d5c30df97abd0bb4caf25f245252527549b90b41851a184111f526150d198,8a7d5c30df97abd0bb4caf25f245252527549b90b41851a184111f526150d198,8a7d5c30df97abd0bb4caf25f245252527549b90b41851a184111f526150d198,773b21bd82e52236d570a0f56ac3516fc30746ce49d9eefb3911a7b25125be52,,32.31570243835449,32.31570243835449,0.0,0.19366201758384705,0.19366201758384705,0.0,19.89119291305542,19.89119291305542,0.0,0.8498108983039856,0.8498108983039856,0.0,0.80078125,0.80078125,0.0,0.24558164179325104,0.24558164179325104,0.0,18.772133588790894,18.772133588790894,0.0,0.7667214870452881,0.7667214870452881,0.0,0.4237581193447113,0.4237581193447113,0.0,16.14386796951294,16.14386796951294,0.0,0.6736428141593933,0.6736428141593933,0.0,0.1522216796875,0.1522216796875,0.0,4.801479816436768,4.801479816436768,0.0,0.462158203125,0.462158203125,0.0,0.3549765944480896,0.3549765944480896,0.0,0.02490234375,0.02490234375,0.0,0.22659994661808014,0.22659994661808014,0.0,0.60693359375,0.60693359375,0.0,12.695667743682861,12.695667743682861,0.0,0.089599609375,0.089599609375,0.0,0.24309863150119781,0.24309863150119781,0.0,0.2021644562482834,0.2021644562482834,0.0,19.694606065750122,19.694606065750122,0.0,0.8027606010437012,0.8027606010437012,0.0,0.5012312531471252,0.5012312531471252,0.0,0.32932284474372864,0.32932284474372864,0.0,0.036313675343990326,0.036313675343990326,0.0,0.023252464830875397,0.023252464830875397,0.0,0.23746106028556824,0.23746106028556824,0.0,False,False,0
py313_repeat1_vs_repeat2,freshc_panel_01,c76ac44df995482185077da81939b306,/4T/CXY/MV-Painter-r1color/1008/engineering/color_failure/final_closure/repro/python313_trace_repeat1/run/predictions/native_gfl/c76ac44df995482185077da81939b306.png,/4T/CXY/MV-Painter-r1color/1008/engineering/color_failure/final_closure/repro/python313_trace_repeat2/run/predictions/native_gfl/c76ac44df995482185077da81939b306.png,"(768, 512, 3)","(768, 512, 3)",True,True,0.0,0.0,0,0.0,inf,8a7d5c30df97abd0bb4caf25f245252527549b90b41851a184111f526150d198,8a7d5c30df97abd0bb4caf25f245252527549b90b41851a184111f526150d198,8a7d5c30df97abd0bb4caf25f245252527549b90b41851a184111f526150d198,773b21bd82e52236d570a0f56ac3516fc30746ce49d9eefb3911a7b25125be52,,32.31570243835449,32.31570243835449,0.0,0.19366201758384705,0.19366201758384705,0.0,19.89119291305542,19.89119291305542,0.0,0.8498108983039856,0.8498108983039856,0.0,0.80078125,0.80078125,0.0,0.24558164179325104,0.24558164179325104,0.0,18.772133588790894,18.772133588790894,0.0,0.7667214870452881,0.7667214870452881,0.0,0.4237581193447113,0.4237581193447113,0.0,16.14386796951294,16.14386796951294,0.0,0.6736428141593933,0.6736428141593933,0.0,0.1522216796875,0.1522216796875,0.0,4.801479816436768,4.801479816436768,0.0,0.462158203125,0.462158203125,0.0,0.3549765944480896,0.3549765944480896,0.0,0.02490234375,0.02490234375,0.0,0.22659994661808014,0.22659994661808014,0.0,0.60693359375,0.60693359375,0.0,12.695667743682861,12.695667743682861,0.0,0.089599609375,0.089599609375,0.0,0.24309863150119781,0.24309863150119781,0.0,0.2021644562482834,0.2021644562482834,0.0,19.694606065750122,19.694606065750122,0.0,0.8027606010437012,0.8027606010437012,0.0,0.5012312531471252,0.5012312531471252,0.0,0.32932284474372864,0.32932284474372864,0.0,0.036313675343990326,0.036313675343990326,0.0,0.023252464830875397,0.023252464830875397,0.0,0.23746106028556824,0.23746106028556824,0.0,False,False,0
archive_vs_py310,freshc_panel_01,c76ac44df995482185077da81939b306,/4T/CXY/MV-Painter/1006/data/fresh_c/runs/c3_confirmation/predictions/native_gfl/c76ac44df995482185077da81939b306.png,/4T/CXY/MV-Painter-r1color/1008/engineering/color_failure/final_closure/repro/python310_trace/run/predictions/native_gfl/c76ac44df995482185077da81939b306.png,"(768, 512, 3)","(768, 512, 3)",False,False,8.760936737060547,20.34714968353407,217,0.9998346964518229,21.960732009112643,8a7d5c30df97abd0bb4caf25f245252527549b90b41851a184111f526150d198,773b21bd82e52236d570a0f56ac3516fc30746ce49d9eefb3911a7b25125be52,8a7d5c30df97abd0bb4caf25f245252527549b90b41851a184111f526150d198,773b21bd82e52236d570a0f56ac3516fc30746ce49d9eefb3911a7b25125be52,True,32.31570243835449,35.079827308654785,2.764124870300293,0.19366201758384705,0.13981935381889343,-0.05384266376495361,19.89119291305542,23.42003345489502,3.5288405418395996,0.8498108983039856,0.8540036082267761,0.004192709922790527,0.80078125,0.80078125,0.0,0.24558164179325104,0.15861769020557404,-0.086963951587677,18.772133588790894,22.263171672821045,3.4910380840301514,0.7667214870452881,0.7761925458908081,0.00947105884552002,0.4237581193447113,0.32404643297195435,-0.09971168637275696,16.14386796951294,16.649389266967773,0.505521297454834,0.6736428141593933,0.6996669769287109,0.026024162769317627,0.1522216796875,0.1270751953125,-0.025146484375,4.801479816436768,4.312394777933757,-0.48908503850301077,0.462158203125,0.357421875,-0.104736328125,0.3549765944480896,0.39037221670150757,0.03539562225341797,0.02490234375,0.02130126953125,-0.00360107421875,0.22659994661808014,0.1770438551902771,-0.04955609142780304,0.60693359375,0.482421875,-0.12451171875,12.695667743682861,16.224507093429565,3.528839349746704,0.089599609375,0.031280517578125,-0.058319091796875,0.24309863150119781,0.2573261260986328,0.014227494597434998,0.2021644562482834,0.1366405487060547,-0.0655239075422287,19.694606065750122,23.18659782409668,3.4919917583465576,0.8027606010437012,0.8104727268218994,0.007712125778198242,0.5012312531471252,0.5012312531471252,0.0,0.32932284474372864,0.32932284474372864,0.0,0.036313675343990326,0.036313675343990326,0.0,0.023252464830875397,0.023252464830875397,0.0,0.23746106028556824,0.25311079621315,0.015649735927581787,False,False,0
archive_vs_py313,freshc_panel_03,ca887928bb664bcba121219f0af41293,/4T/CXY/MV-Painter/1006/data/fresh_c/runs/c3_confirmation/predictions/native_gfl/ca887928bb664bcba121219f0af41293.png,/4T/CXY/MV-Painter-r1color/1008/engineering/color_failure/final_closure/repro/python313_trace_repeat1/run/predictions/native_gfl/ca887928bb664bcba121219f0af41293.png,"(768, 512, 3)","(768, 512, 3)",True,True,0.0,0.0,0,0.0,inf,b73bab6acd628d11ff01e03b851b5f6254da58fcebb4aaa0a0182d104c85dd9b,b73bab6acd628d11ff01e03b851b5f6254da58fcebb4aaa0a0182d104c85dd9b,b73bab6acd628d11ff01e03b851b5f6254da58fcebb4aaa0a0182d104c85dd9b,ddfe23009598b4d80f35f40209cd5a14b566232afa0706c30252364bdc7b3d8f,,27.034385204315186,27.034385204315186,0.0,0.21371042728424072,0.21371042728424072,0.0,16.354657411575317,16.354657411575317,0.0,0.8919508457183838,0.8919508457183838,0.0,0.9765625,0.9765625,0.0,0.2512522339820862,0.2512522339820862,0.0,15.973358154296875,15.973358154296875,0.0,0.8434054255485535,0.8434054255485535,0.0,0.15628671646118164,0.15628671646118164,0.0,12.881850004196167,12.881850004196167,0.0,0.5774698853492737,0.5774698853492737,0.0,0.1373291015625,0.1373291015625,0.0,4.493568102518718,4.493568102518718,0.0,0.30078125,0.30078125,0.0,0.2892869710922241,0.2892869710922241,0.0,0.010101318359375,0.010101318359375,0.0,0.24838894605636597,0.24838894605636597,0.0,0.51953125,0.51953125,0.0,9.836856722831726,9.836856722831726,0.0,0.060089111328125,0.060089111328125,0.0,0.5543554425239563,0.5543554425239563,0.0,0.24076470732688904,0.24076470732688904,0.0,16.07526659965515,16.07526659965515,0.0,0.8455480933189392,0.8455480933189392,0.0,0.06051964685320854,0.06051964685320854,0.0,0.24710065126419067,0.24710065126419067,0.0,0.001167721813544631,0.001167721813544631,0.0,0.009268196299672127,0.009268196299672127,0.0,0.5634070634841919,0.5634070634841919,0.0,False,False,0
py313_repeat1_vs_repeat2,freshc_panel_03,ca887928bb664bcba121219f0af41293,/4T/CXY/MV-Painter-r1color/1008/engineering/color_failure/final_closure/repro/python313_trace_repeat1/run/predictions/native_gfl/ca887928bb664bcba121219f0af41293.png,/4T/CXY/MV-Painter-r1color/1008/engineering/color_failure/final_closure/repro/python313_trace_repeat2/run/predictions/native_gfl/ca887928bb664bcba121219f0af41293.png,"(768, 512, 3)","(768, 512, 3)",True,True,0.0,0.0,0,0.0,inf,b73bab6acd628d11ff01e03b851b5f6254da58fcebb4aaa0a0182d104c85dd9b,b73bab6acd628d11ff01e03b851b5f6254da58fcebb4aaa0a0182d104c85dd9b,b73bab6acd628d11ff01e03b851b5f6254da58fcebb4aaa0a0182d104c85dd9b,ddfe23009598b4d80f35f40209cd5a14b566232afa0706c30252364bdc7b3d8f,,27.034385204315186,27.034385204315186,0.0,0.21371042728424072,0.21371042728424072,0.0,16.354657411575317,16.354657411575317,0.0,0.8919508457183838,0.8919508457183838,0.0,0.9765625,0.9765625,0.0,0.2512522339820862,0.2512522339820862,0.0,15.973358154296875,15.973358154296875,0.0,0.8434054255485535,0.8434054255485535,0.0,0.15628671646118164,0.15628671646118164,0.0,12.881850004196167,12.881850004196167,0.0,0.5774698853492737,0.5774698853492737,0.0,0.1373291015625,0.1373291015625,0.0,4.493568102518718,4.493568102518718,0.0,0.30078125,0.30078125,0.0,0.2892869710922241,0.2892869710922241,0.0,0.010101318359375,0.010101318359375,0.0,0.24838894605636597,0.24838894605636597,0.0,0.51953125,0.51953125,0.0,9.836856722831726,9.836856722831726,0.0,0.060089111328125,0.060089111328125,0.0,0.5543554425239563,0.5543554425239563,0.0,0.24076470732688904,0.24076470732688904,0.0,16.07526659965515,16.07526659965515,0.0,0.8455480933189392,0.8455480933189392,0.0,0.06051964685320854,0.06051964685320854,0.0,0.24710065126419067,0.24710065126419067,0.0,0.001167721813544631,0.001167721813544631,0.0,0.009268196299672127,0.009268196299672127,0.0,0.5634070634841919,0.5634070634841919,0.0,False,False,0
archive_vs_py310,freshc_panel_03,ca887928bb664bcba121219f0af41293,/4T/CXY/MV-Painter/1006/data/fresh_c/runs/c3_confirmation/predictions/native_gfl/ca887928bb664bcba121219f0af41293.png,/4T/CXY/MV-Painter-r1color/1008/engineering/color_failure/final_closure/repro/python310_trace/run/predictions/native_gfl/ca887928bb664bcba121219f0af41293.png,"(768, 512, 3)","(768, 512, 3)",False,False,13.174128532409668,28.036925899020876,198,0.9996719360351562,19.176195732544738,b73bab6acd628d11ff01e03b851b5f6254da58fcebb4aaa0a0182d104c85dd9b,ddfe23009598b4d80f35f40209cd5a14b566232afa0706c30252364bdc7b3d8f,b73bab6acd628d11ff01e03b851b5f6254da58fcebb4aaa0a0182d104c85dd9b,ddfe23009598b4d80f35f40209cd5a14b566232afa0706c30252364bdc7b3d8f,True,27.034385204315186,30.178136825561523,3.143751621246338,0.21371042728424072,0.10410678386688232,-0.1096036434173584,16.354657411575317,24.61357355117798,8.258916139602661,0.8919508457183838,0.9578272700309753,0.06587642431259155,0.9765625,0.9765625,0.0,0.2512522339820862,0.14523543417453766,-0.10601679980754852,15.973358154296875,23.665406703948975,7.6920485496521,0.8434054255485535,0.9125499129295349,0.06914448738098145,0.15628671646118164,0.2786637842655182,0.12237706780433655,12.881850004196167,17.827869653701782,4.946019649505615,0.5774698853492737,0.6584964394569397,0.08102655410766602,0.1373291015625,0.0780029296875,-0.059326171875,4.493568102518718,3.7258787949879966,-0.7676893075307212,0.30078125,0.1080322265625,-0.1927490234375,0.2892869710922241,0.26946941018104553,-0.01981756091117859,0.010101318359375,0.0020904541015625,-0.0080108642578125,0.24838894605636597,0.11565394699573517,-0.1327349990606308,0.51953125,0.322265625,-0.197265625,9.836856722831726,18.095771074295044,8.258914351463318,0.060089111328125,0.009613037109375,-0.05047607421875,0.5543554425239563,0.7997947931289673,0.245439350605011,0.24076470732688904,0.13926014304161072,-0.10150456428527832,16.07526659965515,23.765063285827637,7.689796686172485,0.8455480933189392,0.9132183790206909,0.06767028570175171,0.06051964685320854,0.06051964685320854,0.0,0.24710065126419067,0.24710065126419067,0.0,0.001167721813544631,0.001167721813544631,0.0,0.009268196299672127,0.009268196299672127,0.0,0.5634070634841919,0.8175860643386841,0.2541790008544922,False,False,0
archive_vs_py313,freshc_panel_20,06fa4974f8cd4d4ea792e98fa1521457,/4T/CXY/MV-Painter/1006/data/fresh_c/runs/c3_confirmation/predictions/native_gfl/06fa4974f8cd4d4ea792e98fa1521457.png,/4T/CXY/MV-Painter-r1color/1008/engineering/color_failure/final_closure/repro/python313_trace_repeat1/run/predictions/native_gfl/06fa4974f8cd4d4ea792e98fa1521457.png,"(768, 512, 3)","(768, 512, 3)",True,True,0.0,0.0,0,0.0,inf,a123c75f7feaadcd941bb4cd1c2b227fd6cad9201aeb53e9cf8cee2508cba2e9,a123c75f7feaadcd941bb4cd1c2b227fd6cad9201aeb53e9cf8cee2508cba2e9,a123c75f7feaadcd941bb4cd1c2b227fd6cad9201aeb53e9cf8cee2508cba2e9,3f1c140d39e76eefa205c1d15d7a58574d2f1363e591be89b8fdcefe9a328346,,40.85596561431885,40.85596561431885,0.0,0.5010669231414795,0.5010669231414795,0.0,15.609976053237915,15.609976053237915,0.0,0.7195161581039429,0.7195161581039429,0.0,1.0,1.0,0.0,0.5036847591400146,0.5036847591400146,0.0,15.603418350219727,15.603418350219727,0.0,0.7191980481147766,0.7191980481147766,0.0,0.08548426628112793,0.08548426628112793,0.0,15.90760350227356,15.90760350227356,0.0,0.5186532139778137,0.5186532139778137,0.0,0.132080078125,0.132080078125,0.0,4.769140879313151,4.769140879313151,0.0,0.36865234375,0.36865234375,0.0,0.32479149103164673,0.32479149103164673,0.0,0.01343536376953125,0.01343536376953125,0.0,0.4892510771751404,0.4892510771751404,0.0,0.435546875,0.435546875,0.0,12.550090551376343,12.550090551376343,0.0,0.07373046875,0.07373046875,0.0,0.4497387409210205,0.4497387409210205,0.0,0.5036847591400146,0.5036847591400146,0.0,15.603418350219727,15.603418350219727,0.0,0.7191980481147766,0.7191980481147766,0.0,0.036070458590984344,0.036070458590984344,0.0,0.13322511315345764,0.13322511315345764,0.0,0.00036676673335023224,0.00036676673335023224,0.0,0.009098246693611145,0.009098246693611145,0.0,0.45876219868659973,0.45876219868659973,0.0,False,False,0
py313_repeat1_vs_repeat2,freshc_panel_20,06fa4974f8cd4d4ea792e98fa1521457,/4T/CXY/MV-Painter-r1color/1008/engineering/color_failure/final_closure/repro/python313_trace_repeat1/run/predictions/native_gfl/06fa4974f8cd4d4ea792e98fa1521457.png,/4T/CXY/MV-Painter-r1color/1008/engineering/color_failure/final_closure/repro/python313_trace_repeat2/run/predictions/native_gfl/06fa4974f8cd4d4ea792e98fa1521457.png,"(768, 512, 3)","(768, 512, 3)",True,True,0.0,0.0,0,0.0,inf,a123c75f7feaadcd941bb4cd1c2b227fd6cad9201aeb53e9cf8cee2508cba2e9,a123c75f7feaadcd941bb4cd1c2b227fd6cad9201aeb53e9cf8cee2508cba2e9,a123c75f7feaadcd941bb4cd1c2b227fd6cad9201aeb53e9cf8cee2508cba2e9,3f1c140d39e76eefa205c1d15d7a58574d2f1363e591be89b8fdcefe9a328346,,40.85596561431885,40.85596561431885,0.0,0.5010669231414795,0.5010669231414795,0.0,15.609976053237915,15.609976053237915,0.0,0.7195161581039429,0.7195161581039429,0.0,1.0,1.0,0.0,0.5036847591400146,0.5036847591400146,0.0,15.603418350219727,15.603418350219727,0.0,0.7191980481147766,0.7191980481147766,0.0,0.08548426628112793,0.08548426628112793,0.0,15.90760350227356,15.90760350227356,0.0,0.5186532139778137,0.5186532139778137,0.0,0.132080078125,0.132080078125,0.0,4.769140879313151,4.769140879313151,0.0,0.36865234375,0.36865234375,0.0,0.32479149103164673,0.32479149103164673,0.0,0.01343536376953125,0.01343536376953125,0.0,0.4892510771751404,0.4892510771751404,0.0,0.435546875,0.435546875,0.0,12.550090551376343,12.550090551376343,0.0,0.07373046875,0.07373046875,0.0,0.4497387409210205,0.4497387409210205,0.0,0.5036847591400146,0.5036847591400146,0.0,15.603418350219727,15.603418350219727,0.0,0.7191980481147766,0.7191980481147766,0.0,0.036070458590984344,0.036070458590984344,0.0,0.13322511315345764,0.13322511315345764,0.0,0.00036676673335023224,0.00036676673335023224,0.0,0.009098246693611145,0.009098246693611145,0.0,0.45876219868659973,0.45876219868659973,0.0,False,False,0
archive_vs_py310,freshc_panel_20,06fa4974f8cd4d4ea792e98fa1521457,/4T/CXY/MV-Painter/1006/data/fresh_c/runs/c3_confirmation/predictions/native_gfl/06fa4974f8cd4d4ea792e98fa1521457.png,/4T/CXY/MV-Painter-r1color/1008/engineering/color_failure/final_closure/repro/python310_trace/run/predictions/native_gfl/06fa4974f8cd4d4ea792e98fa1521457.png,"(768, 512, 3)","(768, 512, 3)",False,False,12.64748477935791,23.69579031211293,214,0.5146738688151041,20.63737964764083,a123c75f7feaadcd941bb4cd1c2b227fd6cad9201aeb53e9cf8cee2508cba2e9,3f1c140d39e76eefa205c1d15d7a58574d2f1363e591be89b8fdcefe9a328346,a123c75f7feaadcd941bb4cd1c2b227fd6cad9201aeb53e9cf8cee2508cba2e9,3f1c140d39e76eefa205c1d15d7a58574d2f1363e591be89b8fdcefe9a328346,True,40.85596561431885,57.5865364074707,16.730570793151855,0.5010669231414795,0.21724972128868103,-0.28381720185279846,15.609976053237915,20.230813026428223,4.620836973190308,0.7195161581039429,0.8807942867279053,0.1612781286239624,1.0,1.0,0.0,0.5036847591400146,0.21973711252212524,-0.2839476466178894,15.603418350219727,20.23041009902954,4.6269917488098145,0.7191980481147766,0.8777639269828796,0.15856587886810303,0.08548426628112793,0.3398892879486084,0.25440502166748047,15.90760350227356,18.596720695495605,2.689117193222046,0.5186532139778137,0.5629105567932129,0.04425734281539917,0.132080078125,0.07257080078125,-0.05950927734375,4.769140879313151,2.760981241861979,-2.0081596374511723,0.36865234375,0.11077880859375,-0.25787353515625,0.32479149103164673,0.3970906436443329,0.07229915261268616,0.01343536376953125,0.005451202392578125,-0.007984161376953125,0.4892510771751404,0.2213975340127945,-0.2678535431623459,0.435546875,0.36865234375,-0.06689453125,12.550090551376343,17.170928716659546,4.620838165283203,0.07373046875,0.015869140625,-0.057861328125,0.4497387409210205,0.7679322361946106,0.3181934952735901,0.5036847591400146,0.21973711252212524,-0.2839476466178894,15.603418350219727,20.23041009902954,4.6269917488098145,0.7191980481147766,0.8777639269828796,0.15856587886810303,0.036070458590984344,0.036070458590984344,0.0,0.13322511315345764,0.13322511315345764,0.0,0.00036676673335023224,0.00036676673335023224,0.0,0.009098246693611145,0.009098246693611145,0.0,0.45876219868659973,0.7867990136146545,0.3280368149280548,False,False,0
