sample_id,uid,condition,step_after_scheduler_update,stage,runtime,decoded_rgb_path,decoded_rgb_sha256,reference_sha256,mask_sha256,mean_fg_ciede2000,mean_delta_a_star,mean_delta_b_star,mean_fg_rgb_mae_0_1,per_view_ciede2000,per_view_delta_a_star,per_view_delta_b_star,metric_caveat
fig4_row1,eac4b392b7b448a2b6ec77e8936abe1b,No Adapter,25,late,Python 3.10.20 / torch 2.7.0+cu128 / diffusers 0.20.2,/4T/CXY/MV-Painter-r1color/1008/engineering/color_failure/final_closure/repro/pink_case_stage_trace_py310/traces/eac4b392b7b448a2b6ec77e8936abe1b/no_adapter_after_step25.png,1d6164f4185a9b7228d12864c14689059329d60502121109c986cab2bc87fb82,635c6001dff80148f6e144dad479d28274fc05bb7be562c3b62a0fb3a212b386,70e0dd6225a3e922e6299d50212b8d98fb874fe712f99558fadf2264f82377be,48.41948318481445,-19.225516319274902,-1.04181965192159,0.48712532222270966,"[47.10285186767578, 54.30767059326172, 50.6024169921875, 50.079864501953125, 44.107261657714844, 44.31683349609375]","[-21.07233238220215, -13.456111907958984, -25.929052352905273, -19.427095413208008, -17.512699127197266, -17.955806732177734]","[-1.4025760889053345, -3.1533045768737793, 0.3542006015777588, 1.9487841129302979, 1.860286831855774, -5.858308792114258]","decoded intermediate latent snapshot; descriptive trajectory only, not final quality"
fig4_row1,eac4b392b7b448a2b6ec77e8936abe1b,No Adapter,33,late,Python 3.10.20 / torch 2.7.0+cu128 / diffusers 0.20.2,/4T/CXY/MV-Painter-r1color/1008/engineering/color_failure/final_closure/repro/pink_case_stage_trace_py310/traces/eac4b392b7b448a2b6ec77e8936abe1b/no_adapter_after_step33.png,03eb3e040e4ba74280a335ce3eab119f6659e4e81c65ca84ce079a6ecf5b6a7f,635c6001dff80148f6e144dad479d28274fc05bb7be562c3b62a0fb3a212b386,70e0dd6225a3e922e6299d50212b8d98fb874fe712f99558fadf2264f82377be,51.83310190836588,-21.127889315287273,4.194772362709045,0.5094981292883555,"[51.152584075927734, 60.04810333251953, 54.7113151550293, 54.142311096191406, 45.79524612426758, 45.149051666259766]","[-24.020708084106445, -16.917144775390625, -28.87662124633789, -21.79644012451172, -17.608173370361328, -17.548248291015625]","[4.714022636413574, 2.9169552326202393, 6.565248966217041, 7.702450752258301, 5.849917411804199, -2.579960823059082]","decoded intermediate latent snapshot; descriptive trajectory only, not final quality"
fig4_row1,eac4b392b7b448a2b6ec77e8936abe1b,No Adapter,40,late,Python 3.10.20 / torch 2.7.0+cu128 / diffusers 0.20.2,/4T/CXY/MV-Painter-r1color/1008/engineering/color_failure/final_closure/repro/pink_case_stage_trace_py310/traces/eac4b392b7b448a2b6ec77e8936abe1b/no_adapter_after_step40.png,f8642703f7bc2825d4217ada6630829bf42981171f5f327cfd1e1aa21413536c,635c6001dff80148f6e144dad479d28274fc05bb7be562c3b62a0fb3a212b386,70e0dd6225a3e922e6299d50212b8d98fb874fe712f99558fadf2264f82377be,57.03076362609863,-23.174123287200928,9.68118311961492,0.5418808857599894,"[57.16679763793945, 67.86248779296875, 60.493873596191406, 60.037353515625, 48.34321212768555, 48.28085708618164]","[-28.3859806060791, -20.883329391479492, -32.785789489746094, -24.51870346069336, -15.991318702697754, -16.479618072509766]","[11.56556510925293, 10.740974426269531, 13.269157409667969, 13.639623641967773, 10.11467170715332, -1.2428935766220093]","decoded intermediate latent snapshot; descriptive trajectory only, not final quality"
fig4_row1,eac4b392b7b448a2b6ec77e8936abe1b,No Adapter,45,late,Python 3.10.20 / torch 2.7.0+cu128 / diffusers 0.20.2,/4T/CXY/MV-Painter-r1color/1008/engineering/color_failure/final_closure/repro/pink_case_stage_trace_py310/traces/eac4b392b7b448a2b6ec77e8936abe1b/no_adapter_after_step45.png,f8c2306bd1d9a04b97e75a0de6e9ba150f99f3e6930c07497a1e2595097fb17d,635c6001dff80148f6e144dad479d28274fc05bb7be562c3b62a0fb3a212b386,70e0dd6225a3e922e6299d50212b8d98fb874fe712f99558fadf2264f82377be,58.37507184346517,-20.897683143615723,2.8263926903406777,0.5983840723832449,"[58.99375915527344, 71.73805236816406, 61.77470397949219, 63.01774597167969, 45.982749938964844, 48.7434196472168]","[-25.396448135375977, -19.4035701751709, -28.91611671447754, -23.043872833251953, -12.124837875366211, -16.501253128051758]","[2.977233409881592, 5.245277404785156, 3.7838797569274902, 6.290189266204834, 3.2579843997955322, -4.596208095550537]","decoded intermediate latent snapshot; descriptive trajectory only, not final quality"
fig4_row1,eac4b392b7b448a2b6ec77e8936abe1b,No Adapter,49,late,Python 3.10.20 / torch 2.7.0+cu128 / diffusers 0.20.2,/4T/CXY/MV-Painter-r1color/1008/engineering/color_failure/final_closure/repro/pink_case_stage_trace_py310/traces/eac4b392b7b448a2b6ec77e8936abe1b/no_adapter_after_step49.png,b8efd3c0a60f389e12d102735aac978f501cabff93ab75433b72c2e451f88a8f,635c6001dff80148f6e144dad479d28274fc05bb7be562c3b62a0fb3a212b386,70e0dd6225a3e922e6299d50212b8d98fb874fe712f99558fadf2264f82377be,55.15730857849121,-15.531017780303955,-11.38248872756958,0.6178527325391769,"[55.878902435302734, 69.8428955078125, 58.71922302246094, 59.72997283935547, 41.0352897644043, 45.73756790161133]","[-18.415843963623047, -12.392467498779297, -20.516239166259766, -16.83246421813965, -9.70203685760498, -15.327054977416992]","[-13.70926284790039, -12.744722366333008, -16.51480484008789, -10.114801406860352, -3.877692222595215, -11.333648681640625]",final saved RGB; byte-identical to the corresponding frozen P1 raw_rgb output
fig4_row1,eac4b392b7b448a2b6ec77e8936abe1b,No Adapter,final_saved_png,final,Python 3.10.20 / torch 2.7.0+cu128 / diffusers 0.20.2,/4T/CXY/MV-Painter-r1color/1008/engineering/color_failure/final_closure/repro/pink_case_stage_trace_py310/run/predictions/no_adapter/eac4b392b7b448a2b6ec77e8936abe1b.png,b8efd3c0a60f389e12d102735aac978f501cabff93ab75433b72c2e451f88a8f,635c6001dff80148f6e144dad479d28274fc05bb7be562c3b62a0fb3a212b386,70e0dd6225a3e922e6299d50212b8d98fb874fe712f99558fadf2264f82377be,55.15730857849121,-15.531017780303955,-11.38248872756958,0.6178527325391769,"[55.878902435302734, 69.8428955078125, 58.71922302246094, 59.72997283935547, 41.0352897644043, 45.73756790161133]","[-18.415843963623047, -12.392467498779297, -20.516239166259766, -16.83246421813965, -9.70203685760498, -15.327054977416992]","[-13.70926284790039, -12.744722366333008, -16.51480484008789, -10.114801406860352, -3.877692222595215, -11.333648681640625]",final saved RGB; byte-identical to the corresponding frozen P1 raw_rgb output
fig4_row1,eac4b392b7b448a2b6ec77e8936abe1b,GFL,25,late,Python 3.10.20 / torch 2.7.0+cu128 / diffusers 0.20.2,/4T/CXY/MV-Painter-r1color/1008/engineering/color_failure/final_closure/repro/pink_case_stage_trace_py310/traces/eac4b392b7b448a2b6ec77e8936abe1b/native_gfl_after_step25.png,6e88d59132f1cc7a319b242edee3fd296898ae0bbc0fddae9af5b6c7bc4c4198,635c6001dff80148f6e144dad479d28274fc05bb7be562c3b62a0fb3a212b386,70e0dd6225a3e922e6299d50212b8d98fb874fe712f99558fadf2264f82377be,42.25198173522949,-11.092938741048178,-5.083120974401633,0.4343049228191376,"[40.28884506225586, 46.52082824707031, 42.78794860839844, 42.822879791259766, 40.025413513183594, 41.065975189208984]","[-10.757340431213379, -5.486814498901367, -17.182476043701172, -10.741085052490234, -11.546936988830566, -10.842979431152344]","[-6.957115650177002, -6.214841365814209, -4.811063766479492, -2.579955816268921, 0.16007976233959198, -10.095829010009766]","decoded intermediate latent snapshot; descriptive trajectory only, not final quality"
fig4_row1,eac4b392b7b448a2b6ec77e8936abe1b,GFL,33,late,Python 3.10.20 / torch 2.7.0+cu128 / diffusers 0.20.2,/4T/CXY/MV-Painter-r1color/1008/engineering/color_failure/final_closure/repro/pink_case_stage_trace_py310/traces/eac4b392b7b448a2b6ec77e8936abe1b/native_gfl_after_step33.png,3ddbb39318c333ef1ba412dc0713db56b6f6f10c325439258b78884e4f7477ef,635c6001dff80148f6e144dad479d28274fc05bb7be562c3b62a0fb3a212b386,70e0dd6225a3e922e6299d50212b8d98fb874fe712f99558fadf2264f82377be,40.184766133626304,-5.190907970070839,-3.5752904216448465,0.41135725378990173,"[38.034942626953125, 44.677574157714844, 40.52301788330078, 40.48124313354492, 37.75480651855469, 39.63701248168945]","[-3.5255839824676514, 0.39519253373146057, -11.63918399810791, -3.6273763179779053, -6.164401054382324, -6.584095001220703]","[-7.119431018829346, -4.576107501983643, -3.267991065979004, -1.5993939638137817, 3.1000850200653076, -7.988903999328613]","decoded intermediate latent snapshot; descriptive trajectory only, not final quality"
fig4_row1,eac4b392b7b448a2b6ec77e8936abe1b,GFL,40,late,Python 3.10.20 / torch 2.7.0+cu128 / diffusers 0.20.2,/4T/CXY/MV-Painter-r1color/1008/engineering/color_failure/final_closure/repro/pink_case_stage_trace_py310/traces/eac4b392b7b448a2b6ec77e8936abe1b/native_gfl_after_step40.png,676e2d692c45b8854f526836a21870cd18339c2a0096c1376f2815cf3635f871,635c6001dff80148f6e144dad479d28274fc05bb7be562c3b62a0fb3a212b386,70e0dd6225a3e922e6299d50212b8d98fb874fe712f99558fadf2264f82377be,37.446051915486656,7.91728663444519,-2.0421689053376517,0.360127995411555,"[34.84426498413086, 41.433502197265625, 38.93816375732422, 37.02628707885742, 33.53388977050781, 38.900203704833984]","[11.989882469177246, 16.297164916992188, -2.4970569610595703, 9.850186347961426, 5.955374717712402, 5.908168315887451]","[-9.315117835998535, -5.333152770996094, 1.1935179233551025, 0.9020223021507263, 9.461461067199707, -9.161744117736816]","decoded intermediate latent snapshot; descriptive trajectory only, not final quality"
fig4_row1,eac4b392b7b448a2b6ec77e8936abe1b,GFL,45,late,Python 3.10.20 / torch 2.7.0+cu128 / diffusers 0.20.2,/4T/CXY/MV-Painter-r1color/1008/engineering/color_failure/final_closure/repro/pink_case_stage_trace_py310/traces/eac4b392b7b448a2b6ec77e8936abe1b/native_gfl_after_step45.png,2d03f9c274bbadbb1f4c687862db2b27449036bc1f20aa038491faeb5f2eb62b,635c6001dff80148f6e144dad479d28274fc05bb7be562c3b62a0fb3a212b386,70e0dd6225a3e922e6299d50212b8d98fb874fe712f99558fadf2264f82377be,30.324727694193523,10.499840895334879,1.1135251025358837,0.27806877096494037,"[27.887042999267578, 35.15904998779297, 31.092636108398438, 29.136310577392578, 24.862520217895508, 33.81080627441406]","[13.461891174316406, 20.189321517944336, 0.9131593704223633, 11.462319374084473, 11.355890274047852, 5.616463661193848]","[-5.459066867828369, 0.8484442830085754, 0.4267209768295288, 6.354234218597412, 10.379616737365723, -5.868798732757568]","decoded intermediate latent snapshot; descriptive trajectory only, not final quality"
fig4_row1,eac4b392b7b448a2b6ec77e8936abe1b,GFL,49,late,Python 3.10.20 / torch 2.7.0+cu128 / diffusers 0.20.2,/4T/CXY/MV-Painter-r1color/1008/engineering/color_failure/final_closure/repro/pink_case_stage_trace_py310/traces/eac4b392b7b448a2b6ec77e8936abe1b/native_gfl_after_step49.png,2d6f3273dc3600f0ab3db0538468bdce65852e21ed043f2f29dbd585bf55943a,635c6001dff80148f6e144dad479d28274fc05bb7be562c3b62a0fb3a212b386,70e0dd6225a3e922e6299d50212b8d98fb874fe712f99558fadf2264f82377be,22.0319922765096,1.9772667288780212,-0.6387166281541189,0.22544519106547037,"[19.612525939941406, 27.657102584838867, 22.87234115600586, 21.091262817382812, 16.82052230834961, 24.138198852539062]","[1.9252210855484009, 10.853388786315918, -5.929152488708496, 4.056708812713623, 2.522268772125244, -1.5648345947265625]","[-1.4340139627456665, -0.9132575392723083, -3.2809512615203857, 1.9825220108032227, 3.535771608352661, -3.7223706245422363]",final saved RGB; byte-identical to the corresponding frozen P1 raw_rgb output
fig4_row1,eac4b392b7b448a2b6ec77e8936abe1b,GFL,final_saved_png,final,Python 3.10.20 / torch 2.7.0+cu128 / diffusers 0.20.2,/4T/CXY/MV-Painter-r1color/1008/engineering/color_failure/final_closure/repro/pink_case_stage_trace_py310/run/predictions/native_gfl/eac4b392b7b448a2b6ec77e8936abe1b.png,2d6f3273dc3600f0ab3db0538468bdce65852e21ed043f2f29dbd585bf55943a,635c6001dff80148f6e144dad479d28274fc05bb7be562c3b62a0fb3a212b386,70e0dd6225a3e922e6299d50212b8d98fb874fe712f99558fadf2264f82377be,22.0319922765096,1.9772667288780212,-0.6387166281541189,0.22544519106547037,"[19.612525939941406, 27.657102584838867, 22.87234115600586, 21.091262817382812, 16.82052230834961, 24.138198852539062]","[1.9252210855484009, 10.853388786315918, -5.929152488708496, 4.056708812713623, 2.522268772125244, -1.5648345947265625]","[-1.4340139627456665, -0.9132575392723083, -3.2809512615203857, 1.9825220108032227, 3.535771608352661, -3.7223706245422363]",final saved RGB; byte-identical to the corresponding frozen P1 raw_rgb output
fig4_row1,eac4b392b7b448a2b6ec77e8936abe1b,LLH,25,late,Python 3.10.20 / torch 2.7.0+cu128 / diffusers 0.20.2,/4T/CXY/MV-Painter-r1color/1008/engineering/color_failure/final_closure/repro/pink_case_stage_trace_py310/traces/eac4b392b7b448a2b6ec77e8936abe1b/layer_llh_after_step25.png,99e51c00aeab3fde6eb23686ea0513242152e4026d9a9181c695e8a50719146c,635c6001dff80148f6e144dad479d28274fc05bb7be562c3b62a0fb3a212b386,70e0dd6225a3e922e6299d50212b8d98fb874fe712f99558fadf2264f82377be,43.25928497314453,-11.730699062347412,-4.836696709195773,0.4462435295184453,"[41.1051025390625, 47.81777572631836, 44.02384948730469, 43.889381408691406, 40.9220085144043, 41.79759216308594]","[-11.394609451293945, -6.122797012329102, -17.841764450073242, -11.373291015625, -12.170936584472656, -11.480795860290527]","[-6.68037748336792, -6.089130401611328, -4.577948093414307, -2.3649277687072754, 0.43762585520744324, -9.74542236328125]","decoded intermediate latent snapshot; descriptive trajectory only, not final quality"
fig4_row1,eac4b392b7b448a2b6ec77e8936abe1b,LLH,33,late,Python 3.10.20 / torch 2.7.0+cu128 / diffusers 0.20.2,/4T/CXY/MV-Painter-r1color/1008/engineering/color_failure/final_closure/repro/pink_case_stage_trace_py310/traces/eac4b392b7b448a2b6ec77e8936abe1b/layer_llh_after_step33.png,33c51d70a59276cd45734e99edfb3031d00ce4a9054e8983e0914f0d8777e4b9,635c6001dff80148f6e144dad479d28274fc05bb7be562c3b62a0fb3a212b386,70e0dd6225a3e922e6299d50212b8d98fb874fe712f99558fadf2264f82377be,42.07215181986491,-6.594171146551768,-3.2307642102241516,0.43357991178830463,"[39.608741760253906, 47.21108627319336, 42.54106521606445, 42.53696060180664, 39.577022552490234, 40.95803451538086]","[-4.97946834564209, -1.1623116731643677, -13.058633804321289, -5.0821919441223145, -7.44597053527832, -7.836450576782227]","[-6.645133972167969, -4.50431489944458, -2.9140708446502686, -1.4137815237045288, 3.459192991256714, -7.366477012634277]","decoded intermediate latent snapshot; descriptive trajectory only, not final quality"
fig4_row1,eac4b392b7b448a2b6ec77e8936abe1b,LLH,40,late,Python 3.10.20 / torch 2.7.0+cu128 / diffusers 0.20.2,/4T/CXY/MV-Painter-r1color/1008/engineering/color_failure/final_closure/repro/pink_case_stage_trace_py310/traces/eac4b392b7b448a2b6ec77e8936abe1b/layer_llh_after_step40.png,5caa233e6598f2906794136d4d455b951751b81bc1b377eeedf651ac5b1e62d8,635c6001dff80148f6e144dad479d28274fc05bb7be562c3b62a0fb3a212b386,70e0dd6225a3e922e6299d50212b8d98fb874fe712f99558fadf2264f82377be,41.133235931396484,4.8954148689905805,-2.012332628170649,0.4011671344439189,"[37.73820114135742, 46.11529541015625, 42.794193267822266, 41.120941162109375, 37.508304595947266, 41.52248001098633]","[8.950868606567383, 13.0733003616333, -5.473433971405029, 6.043379306793213, 3.3647944927215576, 3.4135804176330566]","[-8.596399307250977, -5.7332444190979, 0.980324923992157, 0.5547629594802856, 9.068155288696289, -8.34759521484375]","decoded intermediate latent snapshot; descriptive trajectory only, not final quality"
fig4_row1,eac4b392b7b448a2b6ec77e8936abe1b,LLH,45,late,Python 3.10.20 / torch 2.7.0+cu128 / diffusers 0.20.2,/4T/CXY/MV-Painter-r1color/1008/engineering/color_failure/final_closure/repro/pink_case_stage_trace_py310/traces/eac4b392b7b448a2b6ec77e8936abe1b/layer_llh_after_step45.png,830c5b4e3de74603de55fa1d4599cbbe7b8225242a6f2600883f8d9082e45489,635c6001dff80148f6e144dad479d28274fc05bb7be562c3b62a0fb3a212b386,70e0dd6225a3e922e6299d50212b8d98fb874fe712f99558fadf2264f82377be,36.82609303792318,5.539942403634389,0.7845832208792368,0.35316964983940125,"[32.74152374267578, 42.22588348388672, 38.41880416870117, 37.263614654541016, 32.674495697021484, 37.63223648071289]","[8.83382511138916, 14.823509216308594, -4.26439905166626, 6.05824613571167, 6.4815144538879395, 1.306958556175232]","[-5.79564905166626, -0.21229863166809082, 0.7830649018287659, 5.766424179077148, 9.696938514709473, -5.530980587005615]","decoded intermediate latent snapshot; descriptive trajectory only, not final quality"
fig4_row1,eac4b392b7b448a2b6ec77e8936abe1b,LLH,49,late,Python 3.10.20 / torch 2.7.0+cu128 / diffusers 0.20.2,/4T/CXY/MV-Painter-r1color/1008/engineering/color_failure/final_closure/repro/pink_case_stage_trace_py310/traces/eac4b392b7b448a2b6ec77e8936abe1b/layer_llh_after_step49.png,4dfe29eafb1e5d35a6d321e6cddab3b748ee5b4841c4e98c1b59b88e3790c06b,635c6001dff80148f6e144dad479d28274fc05bb7be562c3b62a0fb3a212b386,70e0dd6225a3e922e6299d50212b8d98fb874fe712f99558fadf2264f82377be,32.261586825052895,-2.659312069416046,-1.9684335788091023,0.3329259306192398,"[27.886709213256836, 36.971351623535156, 34.48212432861328, 32.834529876708984, 29.091888427734375, 32.30291748046875]","[-1.9836474657058716, 5.027470111846924, -9.723759651184082, -0.819175124168396, -1.7675503492355347, -6.689209938049316]","[-2.6966965198516846, -2.1628458499908447, -5.19057035446167, 0.5548348426818848, 2.198613405227661, -4.513936996459961]",final saved RGB; byte-identical to the corresponding frozen P1 raw_rgb output
fig4_row1,eac4b392b7b448a2b6ec77e8936abe1b,LLH,final_saved_png,final,Python 3.10.20 / torch 2.7.0+cu128 / diffusers 0.20.2,/4T/CXY/MV-Painter-r1color/1008/engineering/color_failure/final_closure/repro/pink_case_stage_trace_py310/run/predictions/layer_llh/eac4b392b7b448a2b6ec77e8936abe1b.png,4dfe29eafb1e5d35a6d321e6cddab3b748ee5b4841c4e98c1b59b88e3790c06b,635c6001dff80148f6e144dad479d28274fc05bb7be562c3b62a0fb3a212b386,70e0dd6225a3e922e6299d50212b8d98fb874fe712f99558fadf2264f82377be,32.261586825052895,-2.659312069416046,-1.9684335788091023,0.3329259306192398,"[27.886709213256836, 36.971351623535156, 34.48212432861328, 32.834529876708984, 29.091888427734375, 32.30291748046875]","[-1.9836474657058716, 5.027470111846924, -9.723759651184082, -0.819175124168396, -1.7675503492355347, -6.689209938049316]","[-2.6966965198516846, -2.1628458499908447, -5.19057035446167, 0.5548348426818848, 2.198613405227661, -4.513936996459961]",final saved RGB; byte-identical to the corresponding frozen P1 raw_rgb output
