object,position,uid,glb,glb_sha256,glb_bytes,mesh_geometry_count,mesh_uv_available,source_type,source_file_identifier,validation_render_dir,c3_fg_psnr,fixed_high_fg_psnr,c3_minus_fixed_high_fg_psnr,fixed_stratum_rank,fixed_stratum,stratum_rule
obj_0013,13,ed8653d0-c70c-53dc-80e6-53228d51fa1b,/4T/CXY/MV-Painter/final/round2/main_adapter_clean_v2/exact_glbs/ed8653d0-c70c-53dc-80e6-53228d51fa1b.glb,9b528937ab4b170869dfbabdf7977cf590ba2b60415c72a74e00075ed6dd34db,2529312,1,True,Smithsonian_ObjaverseXL_metadata_uuid5,https://3d-api.si.edu/content/document/3d_package:0b773747-bc3f-4fed-8680-d47e6ab1d37c/USNM154367_cranium_-600_dec-150k-2048-medium.glb,/4T/CXY/MV-Painter/final/round2/main_adapter_clean_v2/exact_glb_validation/obj_0013,5.369250178337097,3.6592334508895874,1.7100167274475098,6,general,"rank by clean-v2 C3 minus fixed-high FG-PSNR; lower third failure, middle third general, upper third success"
obj_0015,15,eda4277e-9984-5ff7-9891-ad816c3f09fc,/4T/CXY/MV-Painter/final/round2/main_adapter_clean_v2/exact_glbs/eda4277e-9984-5ff7-9891-ad816c3f09fc.glb,076f7af92c54f1f32bbf4bd0c093f681091c018b063e4e457301bdaf945500b7,237500,1,True,Smithsonian_ObjaverseXL_metadata_uuid5,https://3d-api.si.edu/content/document/3d_package:f04ee716-4a72-4fa3-9025-59d5a3a4c7c1/USNM176228_cuneiform3_left_0-150k-2048-medium.glb,/4T/CXY/MV-Painter/final/round2/main_adapter_clean_v2/exact_glb_validation/obj_0015,6.807600259780884,4.357836544513702,2.4497637152671814,11,success,"rank by clean-v2 C3 minus fixed-high FG-PSNR; lower third failure, middle third general, upper third success"
obj_0038,38,f1d9357b-e4dc-5795-8f21-83f1fd367732,/4T/CXY/MV-Painter/final/round2/main_adapter_clean_v2/exact_glbs/f1d9357b-e4dc-5795-8f21-83f1fd367732.glb,55cae3e3c1b3829e62fbb90016dc9b743cb87ed326c6a09ed53967d9d124b205,585628,1,True,Smithsonian_ObjaverseXL_metadata_uuid5,https://3d-api.si.edu/content/document/3d_package:f1777693-0848-4427-9167-c54a0ecd46d0/USNM395636_cuboid_left_-400-150k-2048-medium.glb,/4T/CXY/MV-Painter/final/round2/main_adapter_clean_v2/exact_glb_validation/obj_0038,6.478549242019653,3.7987875938415527,2.6797616481781006,12,success,"rank by clean-v2 C3 minus fixed-high FG-PSNR; lower third failure, middle third general, upper third success"
obj_0048,48,f41b5880-69c0-5c0e-846f-f631250acde3,/4T/CXY/MV-Painter/final/round2/main_adapter_clean_v2/exact_glbs/f41b5880-69c0-5c0e-846f-f631250acde3.glb,eae94e9008d794e2fe5ff2292056cb2101e9abf36d20f7ab4cf72884d5119ff1,102932,51,True,Smithsonian_ObjaverseXL_metadata_uuid5,https://3d-api.si.edu/content/document/3d_package:f8998076-078c-4951-9665-f643cce1ff69/cooper-hewitt-stairs-1-med.glb,/4T/CXY/MV-Painter/final/round2/main_adapter_clean_v2/exact_glb_validation/obj_0048,5.1121193170547485,3.7997108697891235,1.312408447265625,4,failure,"rank by clean-v2 C3 minus fixed-high FG-PSNR; lower third failure, middle third general, upper third success"
obj_0054,54,f49b18b0-4668-569f-84a7-4338339bf65d,/4T/CXY/MV-Painter/final/round2/main_adapter_clean_v2/exact_glbs/f49b18b0-4668-569f-84a7-4338339bf65d.glb,9f708337a1b43551750d02c73f0a840955f6f697c1d5d7bdb696a363f7b7c3a8,920372,1,True,Smithsonian_ObjaverseXL_metadata_uuid5,https://3d-api.si.edu/content/document/3d_package:8bc92527-0a1f-4127-a631-5eeb0d2d5dd3/USNM281623_mandible_-200-150k-2048-medium.glb,/4T/CXY/MV-Painter/final/round2/main_adapter_clean_v2/exact_glb_validation/obj_0054,4.567049145698547,3.013785481452942,1.5532636642456055,5,general,"rank by clean-v2 C3 minus fixed-high FG-PSNR; lower third failure, middle third general, upper third success"
obj_0066,66,f74207ca-8dd4-50f8-b0fd-eea2eac89270,/4T/CXY/MV-Painter/final/round2/main_adapter_clean_v2/exact_glbs/f74207ca-8dd4-50f8-b0fd-eea2eac89270.glb,39b444e0f9d5342a852c1e3a8f31a31ff97c0a0c3f29ebda715623d13b8ff370,585388,1,True,Smithsonian_ObjaverseXL_metadata_uuid5,https://3d-api.si.edu/content/document/3d_package:be25c720-33d9-46b5-96bb-772f146eda3c/USNM143602_talus_left_-300-150k-2048-medium.glb,/4T/CXY/MV-Painter/final/round2/main_adapter_clean_v2/exact_glb_validation/obj_0066,6.235002279281616,4.108787178993225,2.126215100288391,9,success,"rank by clean-v2 C3 minus fixed-high FG-PSNR; lower third failure, middle third general, upper third success"
obj_0068,68,f79d049c-b5aa-554e-aeff-c315e64d034b,/4T/CXY/MV-Painter/final/round2/main_adapter_clean_v2/exact_glbs/f79d049c-b5aa-554e-aeff-c315e64d034b.glb,de9a926f8cca61b63dfdc39ac35d94b5f4d6d9b61de232dc9e215a6a79c62106,1987448,1,True,Smithsonian_ObjaverseXL_metadata_uuid5,https://3d-api.si.edu/content/document/3d_package:86afd248-ed5e-4fdc-86c6-8c7c50f7356f/USNM142186_Cranium_-400_dec-150k-2048-medium.glb,/4T/CXY/MV-Painter/final/round2/main_adapter_clean_v2/exact_glb_validation/obj_0068,5.631225109100342,3.900773823261261,1.7304512858390808,7,general,"rank by clean-v2 C3 minus fixed-high FG-PSNR; lower third failure, middle third general, upper third success"
obj_0078,78,f979eb16-0223-54c9-bb01-a2fb908a0ea5,/4T/CXY/MV-Painter/final/round2/main_adapter_clean_v2/exact_glbs/f979eb16-0223-54c9-bb01-a2fb908a0ea5.glb,a3262d93cbcff80289e68315187914e5f01ef533b7b7e686a38f14da93107f1b,1130520,1,True,Smithsonian_ObjaverseXL_metadata_uuid5,https://3d-api.si.edu/content/document/3d_package:65a20075-34e1-4f9a-9d5b-f9c1dc0343a6/USNM395820_ulna_left_-600-150k-2048-medium.glb,/4T/CXY/MV-Painter/final/round2/main_adapter_clean_v2/exact_glb_validation/obj_0078,3.9398327469825745,3.3415386080741882,0.5982941389083862,1,failure,"rank by clean-v2 C3 minus fixed-high FG-PSNR; lower third failure, middle third general, upper third success"
obj_0082,82,fa0ecf81-8069-59fc-bda2-7a734833388b,/4T/CXY/MV-Painter/final/round2/main_adapter_clean_v2/exact_glbs/fa0ecf81-8069-59fc-bda2-7a734833388b.glb,3997f3b67117e1d1cfa8cac00e99901ad16e6acb44ae4b7b54f07edbc8eb98a1,376616,1,True,Smithsonian_ObjaverseXL_metadata_uuid5,https://3d-api.si.edu/content/document/3d_package:067ec59e-cce2-43c5-b532-535dd387e748/USNM143587_mt5_right_-200-150k-2048-medium.glb,/4T/CXY/MV-Painter/final/round2/main_adapter_clean_v2/exact_glb_validation/obj_0082,3.6352303624153137,3.0344563722610474,0.6007739901542664,2,failure,"rank by clean-v2 C3 minus fixed-high FG-PSNR; lower third failure, middle third general, upper third success"
obj_0083,83,fa19ccee-da9b-5b19-9b9d-f67548eb10ed,/4T/CXY/MV-Painter/final/round2/main_adapter_clean_v2/exact_glbs/fa19ccee-da9b-5b19-9b9d-f67548eb10ed.glb,1bed1422879d1678de2e8a3af57740b30d0c2d2365bfd103b8d23671c42fcb8a,1405712,1,True,Smithsonian_ObjaverseXL_metadata_uuid5,https://3d-api.si.edu/content/document/3d_package:0b5299ac-b77b-4372-afac-1680de743c38/c58360-150k-2048-medium.glb,/4T/CXY/MV-Painter/final/round2/main_adapter_clean_v2/exact_glb_validation/obj_0083,7.5129735469818115,6.247140169143677,1.2658333778381348,3,failure,"rank by clean-v2 C3 minus fixed-high FG-PSNR; lower third failure, middle third general, upper third success"
obj_0110,110,ffaa4ae5-efbe-5deb-9bea-5e4270540e18,/4T/CXY/MV-Painter/final/round2/main_adapter_clean_v2/exact_glbs/ffaa4ae5-efbe-5deb-9bea-5e4270540e18.glb,d5c32da2bc1c23b9ab554a207fb86b30a596af4bb4864f604bec3fdb2fb03485,236340,1,True,Smithsonian_ObjaverseXL_metadata_uuid5,https://3d-api.si.edu/content/document/3d_package:d0e3912f-897a-4786-8ffb-e1d73c6d4af5/USNM588109_navicular_left_-100-150k-2048-medium.glb,/4T/CXY/MV-Painter/final/round2/main_adapter_clean_v2/exact_glb_validation/obj_0110,5.731161832809448,3.355187475681305,2.3759743571281433,10,success,"rank by clean-v2 C3 minus fixed-high FG-PSNR; lower third failure, middle third general, upper third success"
obj_0111,111,ffe43de5-ad1a-5db4-8f30-9523e10f7462,/4T/CXY/MV-Painter/final/round2/main_adapter_clean_v2/exact_glbs/ffe43de5-ad1a-5db4-8f30-9523e10f7462.glb,75810f80d10c2f258775a18d05edab3b3e1ad3e37b764e752c4744f0c8eb534b,2638824,1,True,Smithsonian_ObjaverseXL_metadata_uuid5,https://3d-api.si.edu/content/document/3d_package:7a2a2413-249c-43b2-bb3c-88d64260ddcc/USNM174708_Cranium_-500-150k-2048-medium.glb,/4T/CXY/MV-Painter/final/round2/main_adapter_clean_v2/exact_glb_validation/obj_0111,5.745491981506348,3.7451353669166565,2.000356614589691,8,general,"rank by clean-v2 C3 minus fixed-high FG-PSNR; lower third failure, middle third general, upper third success"
