object,object_idx,schedule,seed_base,elapsed_seconds,full_psnr,full_ssim,full_lpips,fg_psnr,fg_ssim,fg_lpips,bg_psnr,edge_psnr,edge_ssim,nef_ssim,bgwhite_psnr,bgwhite_ssim,bgwhite_lpips,crop_psnr,crop_ssim,crop_lpips,crop_area,fg_mask_corr,edge_fscore,fg_rgb_std,fg_grad_mag,fg_lap_var,fg_color_entropy,fg_hf_energy,fg_brightness_std,gt_fg_rgb_std,gt_fg_grad_mag,gt_fg_lap_var,gt_fg_hf_energy
obj_0035,11,no_adapter,42,6.997469663619995,11.138476133346558,0.7762331962585449,0.6248395442962646,12.294361591339111,0.7505918741226196,0.16053828597068787,10.912824869155884,13.908203840255737,0.6022087335586548,0.783474326133728,19.603461027145386,0.9557482600212097,0.23133544623851776,10.980746746063232,0.7700910568237305,0.6392608284950256,0.9635416666666666,0.005859375,0.03908209875226021,0.0504150390625,0.125732421875,0.0101318359375,3.053573211034139,0.25697895884513855,0.1956787109375,0.0017452128231525421,0.06373567134141922,0.001193782314658165,0.2491743564605713
obj_0049,25,no_adapter,42,7.250259876251221,11.628122329711914,0.7547760605812073,0.6346651315689087,11.655018329620361,0.5949409604072571,0.15119582414627075,11.624563932418823,13.13000202178955,0.5450556874275208,0.6454066634178162,20.965735912322998,0.954466700553894,0.22354485094547272,11.487702131271362,0.7486156821250916,0.6487663984298706,0.9674479166666666,0.03857421875,0.07711146771907806,0.057891845703125,0.2127685546875,0.016021728515625,3.9472293853759766,0.26304081082344055,0.2269287109375,0.0016406411305069923,0.14275778830051422,0.0035645233001559973,0.2612035572528839
obj_0137,113,no_adapter,42,7.113454818725586,10.028835535049438,0.7345127463340759,0.5997719764709473,7.105749249458313,0.4598706066608429,0.2933332324028015,11.691259145736694,10.49326777458191,0.427321195602417,0.4776112139225006,13.147162199020386,0.8818621635437012,0.3470873236656189,10.028835535049438,0.7345127463340759,0.5997719764709473,1.0,-0.01123046875,0.14900919795036316,0.034210205078125,0.1761474609375,0.0213623046875,2.4319700400034585,0.2701956629753113,0.205322265625,0.09749115258455276,0.2100336253643036,0.005336526781320572,0.26141083240509033
obj_0165,141,no_adapter,42,7.304668426513672,10.19110918045044,0.7249868512153625,0.6112384796142578,7.3398226499557495,0.5223978757858276,0.281809538602829,11.721115112304688,9.776509404182434,0.4378216564655304,0.5453025698661804,13.494749069213867,0.8756874799728394,0.3413498103618622,9.898648262023926,0.7097037434577942,0.6443040370941162,0.93359375,0.033203125,0.09906867891550064,0.063232421875,0.1943359375,0.01568603515625,3.540459473927816,0.25884488224983215,0.222412109375,0.04233326017856598,0.22053410112857819,0.006085564848035574,0.2744780480861664
obj_0181,157,no_adapter,42,7.35894775390625,10.966799259185791,0.7362768650054932,0.6039897799491882,10.0478196144104,0.6712248921394348,0.19714787602424622,11.27387285232544,13.219224214553833,0.5177841186523438,0.6969341039657593,16.533491611480713,0.9310153126716614,0.2755913734436035,10.782320499420166,0.7273833751678467,0.6349504590034485,0.95703125,-0.05078125,0.056983865797519684,0.03680419921875,0.1072998046875,0.00514984130859375,1.9618120193481445,0.23800015449523926,0.15380859375,0.026583271101117134,0.10811791568994522,0.003535184310749173,0.2474927455186844
obj_0231,207,no_adapter,42,7.05522084236145,9.86529290676117,0.6696844100952148,0.6208974123001099,8.912579417228699,0.5111685991287231,0.27393263578414917,10.169625282287598,10.235679149627686,0.4547371566295624,0.5357301831245422,15.563220977783203,0.8853538632392883,0.3229854702949524,9.86529290676117,0.6696844100952148,0.6208974123001099,1.0,0.07861328125,0.13741709291934967,0.0975341796875,0.380859375,0.0280914306640625,3.949517011642456,0.25570186972618103,0.298095703125,0.046812739223241806,0.16182294487953186,0.005438636522740126,0.25753483176231384
obj_0238,214,no_adapter,42,7.336761951446533,10.612285137176514,0.7612988352775574,0.5957230925559998,8.6500483751297,0.26360201835632324,0.12358452379703522,10.716403722763062,9.890265464782715,0.44072407484054565,0.32614216208457947,22.64871835708618,0.9676486253738403,0.15266059339046478,10.249418020248413,0.7453152537345886,0.6142847537994385,0.91796875,0.0537109375,0.18643417954444885,0.09100341796875,0.3466796875,0.039825439453125,3.6755711237589517,0.27828818559646606,0.260986328125,0.04381757974624634,0.5335773825645447,0.025501208379864693,0.28369730710983276
obj_0260,236,no_adapter,42,7.18968653678894,10.21024465560913,0.6762712597846985,0.6661208868026733,8.79082441329956,0.4829038679599762,0.3850003778934479,10.99348783493042,11.609450578689575,0.4549187421798706,0.49856582283973694,14.031623601913452,0.8370794653892517,0.4280523657798767,10.21024465560913,0.6762712597846985,0.6661208868026733,1.0,0.0146484375,0.08672574162483215,0.074462890625,0.26123046875,0.026702880859375,3.200091282526652,0.27240219712257385,0.2291259765625,0.05455213040113449,0.2004300206899643,0.006240286864340305,0.2596991956233978
obj_0263,239,no_adapter,42,7.138585567474365,10.372686386108398,0.7342879176139832,0.616676926612854,7.764648199081421,0.4670388698577881,0.2144564688205719,11.005573272705078,11.694691181182861,0.4589557647705078,0.4959935247898102,16.258572340011597,0.9194586277008057,0.2748028635978699,9.899669289588928,0.7101917266845703,0.6501918435096741,0.89453125,0.0283203125,0.14936815202236176,0.06243896484375,0.252685546875,0.02069091796875,3.130828539530436,0.25638487935066223,0.2490234375,0.034440379589796066,0.2616559863090515,0.008477311581373215,0.27847054600715637
obj_0280,256,no_adapter,42,7.211871862411499,9.321856498718262,0.6759122014045715,0.628891110420227,7.586674094200134,0.4822090268135071,0.31373852491378784,10.15889048576355,8.747540712356567,0.4218098521232605,0.5007626414299011,13.386479616165161,0.8533572554588318,0.3570557236671448,9.203621745109558,0.6687088012695312,0.6434597373008728,0.97265625,0.03564453125,0.16072030365467072,0.063232421875,0.27783203125,0.028289794921875,3.4507416089375815,0.2720367908477783,0.2724609375,0.06830202043056488,0.24088160693645477,0.006980716250836849,0.2653405964374542
