object,uid,reverse,gt_reconstruction_mae,gt_reconstruction_max_abs,mask_coverage,saved_gt_threshold_mask_iou
obj_0000,00ba0a0c-35c7-5155-af89-e92eb557296f,False,0.00018635588639881462,0.01694667339324951,0.13649585843086243,0.9738212296583879
obj_0001,013a90db-9fa3-503e-a48d-af5e920cb0d3,True,0.00045000555110163987,0.06792938709259033,0.21231810748577118,0.9592851075552699
obj_0002,025ed795-7675-5f8c-a866-00b7381b46fe,True,8.634221740067005e-05,0.011429786682128906,0.061215247958898544,0.9745163765599127
obj_0003,05d1a7e1-70bd-5924-9b6f-dc9944ae4538,False,0.0002737650356721133,0.01076960563659668,0.24636085331439972,0.9892443463872035
obj_0004,07725124-0843-5b38-9a50-ed936851a091,False,0.0001710412761894986,0.018292784690856934,0.12410619109869003,0.9719708145608229
obj_0005,07e144c9-6131-5555-8113-6fac1c98d318,False,0.0002191146631957963,0.02426624298095703,0.17082589864730835,0.9798237679806262
obj_0006,083c9e2b-5fef-5a1b-9768-808221bb10dd,True,0.00032018302590586245,0.010703325271606445,0.2931273877620697,0.9892681754181119
obj_0007,08e2ffcc-2085-5f0a-b246-d6058d491127,False,0.000162270269356668,0.016466498374938965,0.11632551997900009,0.9715457520506608
obj_0008,0a925d31-fe5f-55b9-bb69-906f96f94842,False,0.00018976406136061996,0.028048157691955566,0.1425880640745163,0.9767773831905856
obj_0009,0ddac33c-56ae-572b-b6fb-4a4957928218,False,0.00019086636893916875,0.018171310424804688,0.14330478012561798,0.978199084985443
obj_0010,0e641bd5-0afc-59ac-821f-29d879d98ad9,False,0.00012753834016621113,0.017321228981018066,0.08466247469186783,0.967863674630592
obj_0011,10813759-c90f-5afb-827e-ef11820367e4,True,0.0001736636331770569,0.01923549175262451,0.1352727711200714,0.9806530070754716
obj_0012,11f4f4e0-174a-5056-b9ba-e5731b22e64a,True,0.00023356924066320062,0.014710187911987305,0.19998006522655487,0.9865885482009334
obj_0013,ed8653d0-c70c-53dc-80e6-53228d51fa1b,False,0.00017606937035452574,0.01823139190673828,0.13937361538410187,0.9800171741386096
obj_0014,12569f59-edeb-51be-8624-cd96951e8f60,False,0.0003095509309787303,0.012107372283935547,0.278787761926651,0.9904281160545778
obj_0015,eda4277e-9984-5ff7-9891-ad816c3f09fc,False,0.0002803267852868885,0.011240720748901367,0.2533544600009918,0.9894036446695467
obj_0016,138ca982-5a00-5c6a-bba1-6de61e99fe88,False,0.0001938912464538589,0.03476130962371826,0.14648564159870148,0.9754676063973977
obj_0017,13f2e664-87e7-5076-ba4e-bd067e95ed97,False,0.00019431034161243588,0.02142627164721489,0.14624156057834625,0.9765784114052953
obj_0018,15fc3e5f-4dde-525c-a549-1c8f490e1412,False,0.0002371616574237123,0.010924220085144043,0.2114804983139038,0.9898745924850677
obj_0019,17ed6714-e0c5-59bd-b841-840cce50f4e2,False,0.0002547508047427982,0.01089334487915039,0.22870653867721558,0.9887405713280408
obj_0020,18995887-5dd1-5af5-9150-7637a0425c57,True,8.520015398971736e-05,0.012245655059814453,0.059542614966630936,0.9721749242078159
obj_0021,189d5d38-42e1-5969-a0b1-3b693f124900,False,0.00018970342352986336,0.017274141311645508,0.14113937318325043,0.9763477894144935
obj_0022,1ab242a5-3a08-5fe0-ae0b-e2e867887ac2,False,0.00018491962691769004,0.01092529296875,0.15932334959506989,0.985941435768262
obj_0023,1ad3a72b-fd5b-5cc5-966b-5af0e157acdf,False,0.00015419219562318176,0.01889646053314209,0.1089056059718132,0.9704642306646115
obj_0024,1c9b1ee5-7f14-551c-a057-dfddce26ba1a,False,0.00020636872795876116,0.017326712608337402,0.1599656045436859,0.9786195207662763
obj_0025,1eb33513-f759-52e3-9261-8eba06272535,False,0.000165524470503442,0.02786850929260254,0.11587536334991455,0.9699963799748728
obj_0026,1fef3110-0f1c-5720-a805-435b7eaf77ce,True,0.0002774388703983277,0.013866901397705078,0.24655018746852875,0.9888332534494539
obj_0027,201b6915-6a7d-50c0-a2f0-4dbc02d6a2fb,True,0.0002854311605915427,0.05504274368286133,0.14844274520874023,0.9542564840085637
obj_0028,227931a4-1cf7-5c8c-afce-7aad8d347211,True,0.00015578077000100166,0.017255544662475586,0.12790712714195251,0.9805030220315851
obj_0029,2296a645-b565-5e5c-9cfd-cddf1abd7199,False,0.0002029677270911634,0.0216139554977417,0.15464089810848236,0.9766085629367821
obj_0030,2314ae93-a741-5037-8850-8fd0af6f2555,False,0.00016443977074231952,0.03099536895751953,0.1148117259144783,0.9701309856130557
obj_0031,234ee9d1-5f0b-5958-a8d7-4444b8d79d85,True,6.247565033845603e-05,0.010785460472106934,0.03761494532227516,0.9586028460543338
obj_0032,242f1d81-ff97-55c1-8885-d2ec12ca06df,False,0.00019604188855737448,0.01483607292175293,0.14977926015853882,0.9787827472855862
obj_0033,24c2cfe3-b991-5ca7-9a1c-7e64c2e5422c,True,0.00027706424589268863,0.0479123592376709,0.12741224467754364,0.9280256667037573
obj_0034,25f31357-027f-59ae-a278-e90ab7d3d178,False,0.00020472398318815976,0.02414107322692871,0.15378083288669586,0.9768223151842101
obj_0035,26d71822-a2e0-5c23-b7cd-f802367af116,True,0.0002180704177590087,0.014077544212341309,0.18583865463733673,0.9860859942238657
obj_0036,2858a96a-454b-504c-8869-c0bd25530604,True,0.0002943906292784959,0.010984420776367188,0.26993224024772644,0.9908125099103636
obj_0037,2b098da1-5fd3-59ad-9384-0f6b9064c102,False,0.00023932306794449687,0.011212348937988281,0.21048332750797272,0.9884105367437308
obj_0038,f1d9357b-e4dc-5795-8f21-83f1fd367732,False,0.00027141900500282645,0.013541340827941895,0.24474172294139862,0.989710326679139
obj_0039,2b14195b-34d3-5f8b-910f-eb02265805e0,False,0.00024964159820228815,0.010946989059448242,0.22458292543888092,0.9891474778245677
obj_0040,2d23c898-a237-5680-9c2b-421286228a4d,False,0.00028889934765174985,0.012048482894897461,0.2645625174045563,0.9901249131886636
obj_0041,2de62069-027e-567d-8e13-983af70b48d3,True,0.0001977821229957044,0.01222527027130127,0.16835223138332367,0.9867858472998138
obj_0042,2e5b6aff-6715-5676-bfd3-174ec01e2390,False,0.0001628548779990524,0.01759791374206543,0.1167459562420845,0.9715774313791935
obj_0043,2e76ed32-69ea-5b7e-9005-fd00ae2dd58c,True,0.0002035813668044284,0.013352155685424805,0.17240190505981445,0.9857194793863158
obj_0044,2ebeecd5-7461-5aa4-9fdd-8aa997a9281e,True,0.00011229352094233036,0.011107802391052246,0.08552388101816177,0.9789908630623291
obj_0045,2ff89773-7ca5-52ba-9558-95a7469a0e6a,False,0.0003092352708335966,0.010936498641967773,0.2886793911457062,0.9914411227849539
obj_0046,313e4155-0ceb-54d0-ae91-a85f67c4d77d,False,0.00017268241208512336,0.015655517578125,0.12388444691896439,0.9726713778097177
obj_0047,3156717d-fdf2-515d-b257-9ccdbcef83e6,True,0.00014468401786871254,0.0462644100189209,0.07998925447463989,0.9616477706811722
obj_0048,f41b5880-69c0-5c0e-846f-f631250acde3,True,0.00019126779807265848,0.061052799224853516,0.13348160684108734,0.9804676600256711
obj_0049,3171c9c4-5169-5d3d-bb8a-40adfd1b2dcb,False,0.0001653889921726659,0.01949894428253174,0.11712486296892166,0.9739010989010989
obj_0050,347ba85e-d3ab-5a19-b076-da50f6381833,False,0.00015899521531537175,0.016579508781433105,0.11393779516220093,0.9728075696087155
obj_0051,352a0b90-1e60-593e-959b-aa5eb92faefd,False,0.0002221370959887281,0.015451788902282715,0.19269545376300812,0.987026351096117
obj_0052,37ab879d-e205-59b9-ad1e-4bf92bbcb8a0,False,0.00022464085486717522,0.011925101280212402,0.19375525414943695,0.9868775584227162
obj_0053,3815ff9b-2973-5426-800a-c8175b6dedce,False,0.00019933583098463714,0.017644643783569336,0.1522584855556488,0.9787602805801272
obj_0054,f49b18b0-4668-569f-84a7-4338339bf65d,False,0.00018883755546994507,0.018682360649108887,0.14077042043209076,0.9765415549597856
obj_0055,38182e0d-30f9-58bc-984d-c79575e41ee4,False,0.000221573980525136,0.024674296379089355,0.1893610954284668,0.9865074215801809
obj_0056,391f8e15-ff4c-592d-9595-851f45f55753,True,0.0002890458854380995,0.014135003089904785,0.261575311422348,0.9894657854483535
obj_0057,39605519-43fb-503d-921c-08cfd9a48b76,True,7.486921094823629e-05,0.013856887817382812,0.04902585968375206,0.9653376076938489
obj_0058,39cfc021-e030-5a39-9ddf-3fb58d03e4a6,False,0.00015174545114859939,0.0178450345993042,0.10597255825996399,0.9709180587222558
obj_0059,39dcac34-9ec2-5669-b1d0-0852875d0e94,False,0.00018853363872040063,0.0346454381942749,0.141545832157135,0.9764000420801627
obj_0060,3a3a88cc-1766-5842-aeca-501d4efdc60d,False,0.00024232816940639168,0.012729883193969727,0.21282470226287842,0.9882394615657102
obj_0061,3a421d07-53ad-57c9-9502-69a2e9da5e68,False,0.00018973831902258098,0.01958608627319336,0.14165954291820526,0.9755841428196377
obj_0062,3aa8216c-33e6-5f4b-97ce-ac9d52c9611a,True,0.00031256655347533524,0.029057025909423828,0.22909516096115112,0.9819760916233504
obj_0063,3ac21a89-d216-5e67-92d3-273b8e4f8a33,False,0.0001692359655862674,0.017780065536499023,0.12183964252471924,0.9716444588885278
obj_0064,3c44e866-3681-5cae-b797-99ce51d6e147,False,0.00027893047081306577,0.0117950439453125,0.25444668531417847,0.9907142503588576
obj_0065,3cf93b16-2dbe-57c5-b93e-9b72f74fefbb,False,0.00018300130614079535,0.022600769996643066,0.14578096568584442,0.9796187056510216
obj_0066,f74207ca-8dd4-50f8-b0fd-eea2eac89270,False,0.0002525503805372864,0.014134407043457031,0.22204269468784332,0.9884560537812083
obj_0067,3dab0891-0724-5942-85c6-b27a1e395e55,False,0.00024178277817554772,0.010918378829956055,0.21245650947093964,0.9877484892562766
obj_0068,f79d049c-b5aa-554e-aeff-c315e64d034b,False,0.00020017818314954638,0.01603555679321289,0.16565729677677155,0.984994786708373
obj_0069,409ee319-7c53-572d-91a0-64f88b263706,True,5.318583862390369e-05,0.01411592960357666,0.0033105562906712294,0.4313940724478595
obj_0070,40a3a06a-5a80-58e2-b7ba-f49f6e71af74,True,0.00017792280414141715,0.014973998069763184,0.1492919772863388,0.9844874138422579
obj_0071,42131cdf-ec2b-5b33-9e7f-2db35840b88a,False,0.00019912344578187913,0.03508913516998291,0.16147197782993317,0.9834375580459415
obj_0072,42918a20-ee59-5ddf-a7de-e8e06bc87691,False,5.163706009625457e-05,0.013000011444091797,0.026260770857334137,0.9427683305906016
obj_0073,441ffa31-f117-549d-ac53-c2d034b41e1d,False,0.00014350231504067779,0.02010941505432129,0.09882289171218872,0.9689471977651959
obj_0074,463a06f3-f6cb-5d68-b607-464b72c16164,False,0.0002221004688180983,0.010639667510986328,0.19800753891468048,0.9890031746031746
obj_0075,4a88ef7b-9d7a-5865-92b6-6635a03b6111,False,0.00019530014833435416,0.037901997566223145,0.122805655002594,0.9709116494120013
obj_0076,4bce6026-7b8c-57ac-8078-06ba00428284,False,0.00026654722751118243,0.014262676239013672,0.24025624990463257,0.989677554438861
obj_0077,4c7b90a8-7536-5366-9386-b387b196aba0,True,6.150401895865798e-05,0.012291669845581055,0.03620419278740883,0.9562940584088621
obj_0078,f979eb16-0223-54c9-bb01-a2fb908a0ea5,False,4.9340640543960035e-05,0.017410993576049805,0.024560630321502686,0.9385692068429238
obj_0079,4d735d68-ddbe-5903-861b-16591555da56,False,0.00019799414440058172,0.020176053047180176,0.16131876409053802,0.9829972566220803
obj_0080,4e853e71-cbc7-5a07-bf62-fe1e917525a8,True,0.0003181996289640665,0.0720667839050293,0.15219074487686157,0.9502199215586643
obj_0081,4eb0216f-cd81-5de7-a9c8-cf54845e5406,False,0.00024092137755360454,0.016318798065185547,0.2106296420097351,0.9880651468904998
obj_0082,fa0ecf81-8069-59fc-bda2-7a734833388b,True,6.094995842431672e-05,0.011202335357666016,0.03579818084836006,0.9557160376073034
obj_0083,fa19ccee-da9b-5b19-9b9d-f67548eb10ed,True,0.00022892623383086175,0.04064226150512695,0.15599188208580017,0.9743553099593496
obj_0084,4f3ba174-c331-5853-ae89-bde22278f7df,False,0.00018481927691027522,0.028780341148376465,0.15263909101486206,0.9835842657972772
obj_0085,5334d85a-e6c0-5a38-aa9e-6f65078bde26,False,0.00020279402087908238,0.01801919937133789,0.1520223766565323,0.976
obj_0086,54372a5a-7b00-5f52-a11a-8d264124b02b,False,0.00031716644298285246,0.05067110061645508,0.231758713722229,0.9826387016768211
obj_0087,54a5b54e-2019-5319-960a-0f915fd1f81a,False,0.00020112135098315775,0.017214536666870117,0.16723400354385376,0.9839875491971327
obj_0088,58f267b6-44dd-54b1-b6f3-b01918cf3994,False,0.0002452253538649529,0.01741766929626465,0.2203115075826645,0.9896658825678855
obj_0089,5abd470e-d2fa-5c5c-aecf-90bb5c5a6f4b,False,5.8930760133080184e-05,0.02962493896484375,0.032014019787311554,0.947499434261145
obj_0090,5c7410b0-d4f3-50c9-8c2c-995b14f98b50,False,0.00020106219744775444,0.01576364040374756,0.15196631848812103,0.9775146767836994
obj_0091,5da3d8cb-e856-5627-a91b-434512a486bb,False,3.6918980185873806e-05,0.012860536575317383,0.013905268162488937,0.9111037123356085
obj_0092,5ff08445-e405-54a2-8817-6245819f4a39,True,0.00010066566755995154,0.012485146522521973,0.07406007498502731,0.9757872497400986
obj_0093,61d0a554-2219-523c-a194-492fa1b23c90,False,0.00019170752784702927,0.017293572425842285,0.1456059217453003,0.978350321842613
obj_0094,61da7202-3a07-5fd8-909e-e86a83c8966b,False,0.0002277395105920732,0.012193083763122559,0.19821679592132568,0.9874225785613862
obj_0095,62805f01-a2c9-54e3-9de0-4cc5797af8dc,False,5.65540831303224e-05,0.016282320022583008,0.032323841005563736,0.9564825253664037
obj_0096,6634a935-9435-5a8e-9311-fef0feb7b303,True,0.00020913429034408182,0.05563700199127197,0.1079331710934639,0.9604971250056594
obj_0097,676df690-0a42-5a50-abce-4e09925408b9,True,7.749830547254533e-05,0.010991573333740234,0.05212791636586189,0.9671999622445608
obj_0098,68cb90ab-0019-5eed-a2a3-8f6396d4a3a0,True,0.00011406537669245154,0.012651205062866211,0.08493951708078384,0.9758958607576422
obj_0099,69cb6983-c1ba-51a1-abff-97f223231ce7,False,0.0001826931838877499,0.01602482795715332,0.1584409773349762,0.9872802154284809
obj_0100,6b974d44-88cf-54d8-be7c-0b1f9a174e0d,False,0.0002650843816809356,0.013308286666870117,0.24014417827129364,0.9904819807543135
obj_0101,6d4ef017-0459-5475-81e4-ac3d0774d40e,False,0.00020598845731001347,0.013338208198547363,0.17956914007663727,0.9873745141355108
obj_0102,6da83683-2c47-597f-9989-27553b2f81ec,False,0.0002961537684313953,0.012332439422607422,0.2676506042480469,0.9899563647306651
obj_0103,7047b4a9-debe-5912-a4dd-1ea92b549c93,False,6.032718374626711e-05,0.01855456829071045,0.03316091373562813,0.9446706412679947
obj_0104,70d8d4a3-950f-5ece-bd0c-fb1135486181,True,0.00013540506188292056,0.019500136375427246,0.09846460074186325,0.9721894234392664
obj_0105,718bf9a9-1a65-5a19-8abd-56557d7941be,False,0.0002750701387412846,0.012560844421386719,0.2472091168165207,0.9891633936384542
obj_0106,72067309-2a09-5467-8938-161e53438560,True,0.0002427627332508564,0.0576632022857666,0.13241301476955414,0.9699459660890628
obj_0107,722ed2f9-e5ff-5f93-a475-3db0ea94efd6,False,0.0001560632517794147,0.01739823818206787,0.10859788209199905,0.971048442119627
obj_0108,7356508c-a742-56b0-8789-2cf5c0ddfa70,False,0.00015730856102891266,0.019239306449890137,0.11082220822572708,0.9721001806463123
obj_0109,73cd59ee-2bc7-5656-a58e-85d7b2b976a7,False,0.00020213710376992822,0.029051542282104492,0.16193032264709473,0.9812315088757396
obj_0110,ffaa4ae5-efbe-5deb-9bea-5e4270540e18,False,0.00021264767565298826,0.01799917221069336,0.188049778342247,0.9877866267571757
obj_0111,ffe43de5-ad1a-5db4-8f30-9523e10f7462,False,0.0002163297322113067,0.016230225563049316,0.18668107688426971,0.9861902203116604
obj_0112,75b90aa9-130f-5e65-b0ab-48e68aa773d7,False,0.00023816461907699704,0.011646032333374023,0.21045182645320892,0.9883875129923658
obj_0113,abo_0ab1e7b65e0b8a5fe699,False,0.0003292293113190681,0.03337693214416504,0.262582391500473,0.9850165104693555
obj_0114,abo_1a0ca89c0d887a870f1b,True,0.0004195742658339441,0.02405107021331787,0.34481605887413025,0.9887568355814801
obj_0115,abo_0fc5793415e6db926c8a,True,0.0003523430204950273,0.017327547073364258,0.2932523190975189,0.9864847514786316
obj_0116,abo_0c8208f594570f1bec39,True,0.00035487362765707076,0.035649895668029785,0.28383567929267883,0.9867371192775662
obj_0117,abo_2dda695787e1c88332c9,True,0.00026967842131853104,0.02129662036895752,0.2077305167913437,0.9805890549175996
obj_0118,abo_35dd74d2f9d4914e26a2,False,0.00013524819223675877,0.018662691116333008,0.09834898263216019,0.9806142618214991
obj_0119,abo_0f92a38006f30595ce6d,True,0.00022671550686936826,0.033670783042907715,0.16566728055477142,0.979394613442347
obj_0120,abo_2284db8112d769cd5f26,True,0.00017622053564991802,0.023982524871826172,0.10996394604444504,0.9649803711634547
obj_0121,abo_0a8f9e9188cab0d85e67,True,0.0003343835414852947,0.04383218288421631,0.22060783207416534,0.9748098055790364
obj_0122,abo_000996dae516e9f3a4a7,True,0.00029672228265553713,0.050559673458337784,0.2261664867401123,0.9837088158200339
obj_0123,abo_25e38993b4ac84ecd93a,True,0.0003866253246087581,0.028706073760986328,0.3101610541343689,0.9868033529678296
obj_0124,abo_3cb68cf04f7a682bd547,True,0.00022648311278317124,0.027417659759521484,0.16445863246917725,0.9801161785448865
obj_0125,abo_177c39d2ad1d01ad5202,False,0.0001910186547320336,0.040595412254333496,0.05474203824996948,0.8764993880048959
obj_0126,abo_1710a6b80848156e5f9b,True,0.0003869679640047252,0.0724339485168457,0.30255964398384094,0.9846153846153847
obj_0127,abo_2e4d76d4c73748230a09,True,0.00020239123841747642,0.03348398208618164,0.13671045005321503,0.9707754629629629
obj_0128,abo_1325c6c0ffcb6f8daf12,True,0.00030693080043420196,0.045914530754089355,0.2203015834093094,0.9762082204155375
obj_0129,abo_413daf140a3b270a5dc0,True,0.00019842888286802918,0.030623197555541992,0.11450979858636856,0.9610364683301343
obj_0130,abo_0afe9f4b2953b18b7682,True,0.00029498833464458585,0.02800297737121582,0.23751123249530792,0.9862769126751041
obj_0131,abo_12bf9d5f654dd7ea601f,False,0.00011200434528291225,0.05130469799041748,0.014696914702653885,0.7751731486414492
obj_0132,abo_05c81a1017422abe32a0,True,0.00034049502573907375,0.03525662422180176,0.2653368413448334,0.984506803042026
obj_0133,abo_0ef2daca026797392580,False,0.00016865543148014694,0.023034214973449707,0.12441152334213257,0.9773912001438015
obj_0134,abo_20c3522b89684ed1d6a2,True,0.0003052538086194545,0.033031582832336426,0.23668509721755981,0.9820291630151305
obj_0135,abo_1e57f1bdd7038e4ed1e7,True,0.0002545785391703248,0.036887407302856445,0.19313102960586548,0.9825278377714264
obj_0136,abo_121b335a2fc6b96c55bc,True,0.00031701376428827643,0.04470264911651611,0.2272067666053772,0.9761886549158024
obj_0137,abo_07e17b7a9ccb70116480,True,0.00031490763649344444,0.026192903518676758,0.2488115280866623,0.9835330545279074
obj_0138,abo_2d7b62f1a700e04dd044,True,0.00028038592427037656,0.024608135223388672,0.2070302963256836,0.9771147754236778
obj_0139,abo_2b655ced2ca060b9b9f0,True,0.0004332208773121238,0.024157285690307617,0.3756932020187378,0.9893439603496199
obj_0140,abo_14bd3a3ed3b04824d108,True,0.00023375244927592576,0.03793179988861084,0.1521877944469452,0.9727920991504637
obj_0141,abo_278c771058309b3b0fb3,True,0.0002379950601607561,0.03017878532409668,0.17564262449741364,0.9809889173060529
obj_0142,abo_1633723263fb6e775bfe,True,0.0003004508325830102,0.021083354949951172,0.23233860731124878,0.985490229872676
obj_0143,abo_2df5eb927a4124b05a31,False,0.00016851106192916632,0.023012876510620117,0.12507379055023193,0.9808706730099329
obj_0144,abo_1c368f164b36fb65cc72,True,0.0003009217034559697,0.04080033302307129,0.17569877207279205,0.9624280277154289
obj_0145,abo_1346ab62d7c03f165928,False,0.0002474739740137011,0.042819976806640625,0.11642604321241379,0.9475206611570248
obj_0146,abo_1fb68e8f488316efb8c2,True,0.0003770975163206458,0.05743420124053955,0.29171696305274963,0.984942137976031
obj_0147,abo_09a9b6b291922d787894,False,0.00031966250389814377,0.029406070709228516,0.2603156864643097,0.9855036168716709
obj_0148,abo_088d6aa40fea308ac163,True,0.0003302249824628234,0.030681371688842773,0.24338801205158234,0.9800935928812067
obj_0149,abo_09dec13ec02a997af656,False,0.00026916080969385803,0.04582846164703369,0.11542751640081406,0.938685286947899
obj_0150,abo_3d611e2cc9b4e708602d,True,0.00039183779153972864,0.05668938159942627,0.2889013886451721,0.9817875647668394
obj_0151,abo_356bc55a21fe82f5d37f,True,0.00029703264590352774,0.031097412109375,0.2192828506231308,0.9812222601570502
obj_0152,abo_037228615e8fa47fe9a6,True,0.0003999146865680814,0.03706204891204834,0.33248481154441833,0.9856903626817934
obj_0153,abo_098fc4c6ed23fed5247e,True,0.00023297320876736194,0.02569878101348877,0.17962181568145752,0.9837252363251612
obj_0154,abo_2acdc3f0c78793dfe331,True,0.00030762728420086205,0.026023149490356445,0.23615418374538422,0.9814466538469666
obj_0155,abo_36bbf92b9d770d73ff73,True,0.00024891438079066575,0.03726828098297119,0.16696065664291382,0.9794273626504588
obj_0156,abo_41e8b3ef447fcd7319a6,False,0.00018826259474735707,0.040689826011657715,0.10592483729124069,0.9540870123320956
obj_0157,abo_3334d91dee7cb5f9c194,False,0.00021816517983097583,0.044508934020996094,0.11407774686813354,0.9554240463215259
obj_0158,abo_41a0b09d30c77753451d,True,0.00035268699866719544,0.04154002666473389,0.23877400159835815,0.9804296491338056
obj_0159,abo_24d8d5cbb3fcf78b1259,True,0.0002738005423452705,0.04085516929626465,0.19394151866436005,0.9763608484538717
obj_0160,abo_3bae9cb84c0cae1babec,True,0.000261762150330469,0.022081375122070312,0.21686063706874847,0.9868591523227837
obj_0161,abo_22f9559b44d7e8f96b88,False,0.00017426160047762096,0.0370883010327816,0.11470433324575424,0.9791869496549188
obj_0162,abo_0996d965f1841c81970d,False,0.00020300479081925005,0.023900151252746582,0.15922623872756958,0.9822731194603498
obj_0163,abo_21167a5873794aa15fa3,False,0.00032256642589345574,0.020415902137756348,0.26906028389930725,0.9875946271387367
obj_0164,abo_061f1aba5f985915cd90,True,0.00023708103981334716,0.02232182025909424,0.1792505532503128,0.9808535210875645
obj_0165,abo_37cedc4394f0e732b931,True,0.00032307568471878767,0.05097830295562744,0.242417573928833,0.9823140189227629
obj_0166,abo_2cd35cfa068b72497f98,True,0.00027871542260982096,0.03006768226623535,0.212107315659523,0.9816020246012594
obj_0167,abo_26fb929af5a8ce3175eb,True,0.0003382923314347863,0.045099496841430664,0.26407483220100403,0.9835852845343639
obj_0168,abo_3bd7752562a8049b6c05,True,0.00020145258167758584,0.039036840200424194,0.09693314880132675,0.9513412351840299
obj_0169,abo_019b2a50efc594bfd2b3,False,0.0002598531427793205,0.052695393562316895,0.1776220202445984,0.9818133303373311
obj_0170,abo_289238db1a1430a1d587,True,0.00021489724167622626,0.034013986587524414,0.11398563534021378,0.9511416593960803
obj_0171,abo_24a06145453ea7566a06,True,0.00034575641620904207,0.047142744064331055,0.27205419540405273,0.9826661391677171
obj_0172,abo_347f8533a90d60ffc827,True,0.00036153217661194503,0.029223203659057617,0.279704749584198,0.9844370150534558
obj_0173,local_kenney_cc0_increment_21e6a20e5ae9319041c4a57a,True,0.0003647117700893432,0.03172314167022705,0.30447593331336975,0.9869164583694244
obj_0174,objaverse_1b57c061c1b2492c7d02250d,True,0.00012388656614348292,0.02792668342590332,0.07254879176616669,0.9556585709966744
obj_0175,abo_3d4cc0e70fe225af21db,True,0.00022116147738415748,0.03804481029510498,0.17163164913654327,0.9815604488364309
obj_0176,objaverse_dfdf88b69039ff046b54b92f,True,0.0003157846804242581,0.034151434898376465,0.21351294219493866,0.9742052215868892
obj_0177,objaverse_2eda1e0e850ebe2cf50efed5,True,0.00021442404249683022,0.04165947437286377,0.1343376785516739,0.9714348737178781
obj_0178,objaverse_8f70fcd8817c08586f46d8eb,True,2.935823613370303e-05,0.04850329831242561,0.0032721504103392363,0.7396138092451726
obj_0179,objaverse_0f089d0cfbb70ad50e049a6d,False,0.0002962475991807878,0.024508237838745117,0.2325652837753296,0.9843156251682007
obj_0180,objaverse_fee2767ff1d702e1ee3c7e85,True,6.076526187825948e-05,0.038323044776916504,0.01291579008102417,0.8206007182500816
obj_0181,objaverse_5e5137fdf925962b311a84f5,True,0.00027099609724245965,0.024971842765808105,0.22463957965373993,0.9863639409439146
obj_0182,objaverse_fcc7863e1bc54bf29e4f5758,True,0.0001747238711686805,0.028638005256652832,0.10813876986503601,0.9650740303388137
obj_0183,3dfuture_13090815-9f7a-4150-a7a7-4108454f5251,True,0.00027931935619562864,0.02456200122833252,0.21521712839603424,0.9820681965994611
obj_0184,objaverse_fae165208c5cdca607f68ec2,True,0.0001508907153038308,0.041974782943725586,0.07060729712247849,0.936743433253532
obj_0185,abo_39401f59312eb42a8ba5,True,0.00014501695113722235,0.032683610916137695,0.07635029405355453,0.9494917508470819
obj_0186,objaverse_35e8053b21a6c07d070eabf9,True,0.0001158865270554088,0.028353214263916016,0.07037851959466934,0.9694966243397348
obj_0187,local_kenney_cc0_increment_10f9d469bdbdb7d524ca45b9,True,0.00027125937049277127,0.03357541561126709,0.21562205255031586,0.9832699531605065
obj_0188,objaverse_b3b73cee20f3e1aee3115736,True,0.0003228171553928405,0.0525590181350708,0.23689252138137817,0.9751413263584205
obj_0189,abo_3b6ae9d11e4d20de9621,False,0.00024063634919002652,0.03359222412109375,0.1620374619960785,0.9716801196270809
obj_0190,objaverse_e2528816b4854fe6beec0789,True,0.0003254854236729443,0.03834426403045654,0.2611708641052246,0.9855098887811993
obj_0191,objaverse_eed36dbe5a9c28e736d97df2,True,0.0002642270992510021,0.040567755699157715,0.156838521361351,0.9634596149037259
obj_0192,objaverse_c42180f6d2eb66115674f25a,True,0.0003094245621468872,0.041652075946331024,0.24111445248126984,0.9844143985223771
obj_0193,objaverse_3b61cef3dcb9a14f0765e133,True,0.00010511333675822243,0.027282357215881348,0.05889822542667389,0.9631644518272425
obj_0194,objaverse_3b064427200e6301d774e88d,True,0.00013532776210922748,0.04356563091278076,0.06486031413078308,0.9429320725446017
obj_0195,objaverse_1254828f9b47c62ea86367b2,True,0.00015607266686856747,0.03471577167510986,0.09458783268928528,0.9605630887071732
obj_0196,local_kenney_cc0_increment_261301f5b7499bc1ecd1bce4,True,0.0002752657455857843,0.04426443576812744,0.14872777462005615,0.9554784430549644
obj_0197,objaverse_caf51afe5ed6be9fea9b8c34,True,0.00020006629347335547,0.04777956008911133,0.1303545981645584,0.9766175406527285
obj_0198,objaverse_020cc94bf27c0f80cfa5beee,True,0.00013356682029552758,0.04470071196556091,0.045726507902145386,0.9218837695800807
obj_0199,local_kenney_cc0_increment_4fb9940c1387bd4c6245eb60,True,0.0002483084099367261,0.02341306209564209,0.19039003551006317,0.9823360478382313
obj_0200,objaverse_d95aee705a907a0d8be63127,True,0.0002054352662526071,0.038550496101379395,0.13881440460681915,0.9742959001782531
obj_0201,abo_09c22a894f871c6d3375,True,0.0002116571122314781,0.028864502906799316,0.1417856067419052,0.9717069939334775
obj_0202,objaverse_de82da843d973d9fdf815cbb,True,0.00021867493342142552,0.07031971216201782,0.13316600024700165,0.9631142263185974
obj_0203,objaverse_920e17d256d8c40da5b0890d,True,7.601776451338083e-05,0.05472264811396599,0.012900333851575851,0.8445217967843527
obj_0204,objaverse_40c5cb16c0b1817c962f5602,True,0.0003412913647480309,0.030920743942260742,0.26171979308128357,0.9842384638969799
obj_0205,objaverse_d47776126c57728f3d8e94c0,True,0.0001850767876021564,0.04723695293068886,0.09492763876914978,0.9482872703211687
obj_0206,objaverse_2969a737820b399e8430f71b,True,0.0002325494133401662,0.03293001651763916,0.18079686164855957,0.9810551625027637
obj_0207,objaverse_80315b22c75c68568aa2e306,True,0.00016415544087067246,0.029685020446777344,0.11808078736066818,0.9754976064499874
obj_0208,objaverse_95bcee9f2e785116556ef5c8,True,0.00015891221119090915,0.04711508750915527,0.023838244378566742,0.8391257613758509
obj_0209,objaverse_8216fe9717b080be1fc592f3,False,0.000418332900153473,0.026358485221862793,0.3601231276988983,0.989774450804834
obj_0210,objaverse_3ccced3b5f8dce549995fd61,True,0.00013066547398921102,0.07338504493236542,0.040427032858133316,0.9279252990954188
obj_0211,objaverse_e7c2d874a0f55e866ad4e2af,False,0.0002214516862295568,0.03438091278076172,0.15369299054145813,0.9753329566550972
obj_0212,objaverse_ee2e66b79e8470680b22f517,True,0.0002929979527834803,0.024340033531188965,0.23632697761058807,0.9864253873912121
obj_0213,objaverse_45c89b60e79e192bc851da50,True,0.00025189173175022006,0.03995203971862793,0.1723514348268509,0.9745388674037121
obj_0214,objaverse_dd2d11294939f89f8b699ff7,False,0.00015223810623865575,0.03896486759185791,0.08654317259788513,0.9578107826283009
obj_0215,objaverse_e73b97200df026a48dd27205,True,0.00019842834444716573,0.03536069393157959,0.12061937898397446,0.9642646610427889
obj_0216,objaverse_bb5d32e59ef1f01649f762dc,True,0.0001877893810160458,0.036950111389160156,0.11747679114341736,0.9691797358862926
obj_0217,objaverse_52a8dfaed1e9966c497d1d48,True,0.00010161154204979539,0.03145933151245117,0.055147845298051834,0.9590790578461267
obj_0218,objaverse_f565b8d044cc2ab1e053342d,True,0.00022816768614575267,0.03932642936706543,0.14245779812335968,0.9668254625793979
obj_0219,objaverse_19793e866c5091dcf6c6112f,True,0.0002357203047722578,0.026996374130249023,0.17656348645687103,0.9796440536605363
obj_0220,objaverse_391241a51f04321230509a0a,True,0.00014089226897340268,0.0376509428024292,0.08618789166212082,0.9675070667846843
obj_0221,local_kenney_cc0_increment_98e554580ce5dee46b79b88f,True,6.642880907747895e-05,0.06588171422481537,0.019883394241333008,0.8858800773694391
obj_0222,objaverse_60d63a7639d9e02dd87956cd,True,0.00015880331920925528,0.042298197746276855,0.09348433464765549,0.9654367608108463
obj_0223,objaverse_ffd63074c7e18c7c49004de2,True,0.00011229592928430066,0.043925948441028595,0.05190247669816017,0.9446321929540299
obj_0224,objaverse_aa00623cc46afc847349e1e6,False,0.0001489956775913015,0.02720940113067627,0.09334199875593185,0.9650939676698647
obj_0225,local_kenney_cc0_increment_b2db9bfee04ea29b1f93b06f,True,0.00015256163896992803,0.026050448417663574,0.09780564904212952,0.968812192971407
obj_0226,objaverse_f0a1ce021e29b0dc24292f49,True,8.024615817703307e-05,0.07245483249425888,0.006996122654527426,0.6848072562358276
obj_0227,abo_19da1afe52ed1562e2bf,True,0.00027788939769379795,0.04193460941314697,0.17601536214351654,0.9728543082703592
obj_0228,objaverse_b980ad93d3945bef3aea051f,True,0.0001534944021841511,0.04296231269836426,0.08650808781385422,0.958453044898879
obj_0229,objaverse_e7a0b8421d0978ff3c97db8f,False,0.00015530108066741377,0.037085652351379395,0.0723252221941948,0.943589402652661
obj_0230,objaverse_f4693fe5e56a1bb213f3a88c,True,0.00021398083481471986,0.03222072124481201,0.10372037440538406,0.9455294335431321
obj_0231,objaverse_90c8e8d8535d0467207f47fa,True,0.0002805216936394572,0.02400374412536621,0.21626555919647217,0.9814964447317388
obj_0232,local_kenney_cc0_increment_0e9d9972b2d3998d5a26f500,True,0.00025042513152584434,0.03102588653564453,0.18153880536556244,0.977755516522121
obj_0233,objaverse_cdf8f6d7c3c19a361091feb2,True,0.0001298260613111779,0.02399730682373047,0.08827722817659378,0.9725919905837513
obj_0234,objaverse_aabda53e6303f02cd4dab3cc,True,0.00017804988601710647,0.04328262805938721,0.09322696179151535,0.9664514428778496
obj_0235,objaverse_91dfce91252357d0d833f904,True,0.0001791434915503487,0.027469396591186523,0.11417675763368607,0.9656967116158032
obj_0236,objaverse_e2f38c18cd23e9b228a470e5,True,0.00012385660375002772,0.03644740581512451,0.0685170516371727,0.9533441972509565
obj_0237,objaverse_7ccbca5b7822143070c0b4cf,True,0.0001356503926217556,0.035813093185424805,0.07774419337511063,0.9597065002665329
obj_0238,objaverse_da16066dacff49bb651367ae,True,0.00010822449257830158,0.033397674560546875,0.039720628410577774,0.910724671396999
obj_0239,objaverse_98ecd84aa8f74d637a1db030,True,0.0002745794481597841,0.052397605031728745,0.1631983369588852,0.9640036041447665
obj_0240,objaverse_cc7c200c2fa736aa2a970dd0,True,7.166792056523263e-05,0.05049644783139229,0.019990621134638786,0.8887126019945603
obj_0241,objaverse_979c187db9af9081fb605866,True,0.0003424926835577935,0.030128836631774902,0.2855381667613983,0.9872167957588599
obj_0242,local_kenney_cc0_increment_c2d78edc06be64750f2aea8f,True,0.00022003473713994026,0.04006195068359375,0.1390608698129654,0.9697716474008935
obj_0243,objaverse_5ae2bf46f74822f4c65f00d0,True,0.000271337921731174,0.023159027099609375,0.21459488570690155,0.9834916933838531
obj_0244,objaverse_ef5c0445c913cf306939af1b,False,0.00041339779272675514,0.023602962493896484,0.33338916301727295,0.9860162503671017
obj_0245,objaverse_debcb2034b0e254acd85005c,False,0.00012226910621393472,0.032828569412231445,0.037035733461380005,0.8860975609756098
obj_0246,objaverse_e5ff130aa7a4e74f2e4d348a,True,0.00035258533898741007,0.04339408874511719,0.261995404958725,0.981193132066852
obj_0247,abo_2da580bbf869a81721f3,True,0.00026712825638242066,0.035782694816589355,0.10719334334135056,0.9202628075000546
obj_0248,abo_16e96b3f9d61403a2659,True,0.00019734003581106663,0.029909610748291016,0.13350865244865417,0.9736241299303944
obj_0249,abo_392eb67fb4a70af859c2,True,0.00013523991219699383,0.050444748252630234,0.06637851148843765,0.9457881567973311
obj_0250,objaverse_ea89570a3ee63b5643461421,False,0.0002063936844933778,0.022734642028808594,0.15252915024757385,0.9793048250628859
obj_0251,objaverse_fcb68083b488d90170c0e12b,False,0.00014832723536528647,0.04429221153259277,0.07785047590732574,0.9580967238689547
obj_0252,local_kenney_cc0_increment_d337738f650ade9337f9ce47,True,6.0912261687917635e-05,0.05396528169512749,0.016055060550570488,0.8935594186377885
obj_0253,abo_3a41178482a4f49c71fb,True,0.00021193342399783432,0.052245259284973145,0.1481551080942154,0.976945003353454
obj_0254,abo_2dbe60e4151b97bc1e37,True,0.0001711098157102242,0.0201798677444458,0.12479013949632645,0.9757746927085406
obj_0255,abo_03cf8c64c7580f262b20,False,0.00011268224625382572,0.025818824768066406,0.03642356023192406,0.888633254570327
obj_0256,objaverse_0fcfce830469fb43905b9a5d,True,0.0003703850961755961,0.03903365135192871,0.30259427428245544,0.9859694512164784
obj_0257,objaverse_a9f23e40c31c259716f9574a,True,7.436879968736321e-05,0.03249425068497658,0.02004462108016014,0.8771270718232044
obj_0258,objaverse_32f3ffb7cf7ec2cda6de89f9,True,0.000127745108329691,0.028903841972351074,0.06712617725133896,0.9603924418604651
obj_0259,objaverse_f780c774cc64bff0733ec56a,True,0.0001533514296170324,0.02716994285583496,0.10180255025625229,0.9705004730598481
obj_0260,objaverse_fbb993e14373cf02355a35aa,True,0.0003534429124556482,0.04037511348724365,0.2990931272506714,0.9888039942506998
obj_0261,objaverse_00112882389e9d9cfb8dd5fb,True,8.186543709598482e-05,0.04174624755978584,0.02756546251475811,0.8905415399786343
obj_0262,abo_309b7d5fdf225b7de427,True,0.00026532370247878134,0.024977564811706543,0.2020060271024704,0.9792570616230917
obj_0263,objaverse_f2ea5ebc8f13c88db11c406d,True,0.00020884822879452258,0.024993300437927246,0.14161255955696106,0.9729223880074865
obj_0264,objaverse_a886d441c094d2a1ce4c392c,True,0.00016622069233562797,0.029386401176452637,0.10527155548334122,0.9659379884749084
obj_0265,objaverse_fe110efcf008ffa2bd589c20,True,0.0003791263443417847,0.043082475662231445,0.27154043316841125,0.9801275873147001
obj_0266,objaverse_ef46c4dbde045e80a84c859e,True,0.00027392763877287507,0.05663180351257324,0.17666606605052948,0.9691102406267488
obj_0267,objaverse_e2264cfe316abdd9403f348b,True,0.0002133794769179076,0.07117441296577454,0.06404808908700943,0.9012151536812009
obj_0268,objaverse_913e64e6e1e32f333ba99112,False,0.00015223179070744663,0.023640990257263184,0.10817155241966248,0.9763788556358216
obj_0269,abo_11c324fcbca9819d7c5f,False,0.00020576630777213722,0.030455350875854492,0.11190157383680344,0.9555164777908037
obj_0270,objaverse_e14facee7db93b414317056d,True,0.00035948838922195137,0.042649030685424805,0.27676039934158325,0.9847277135903444
obj_0271,objaverse_fc96b912ef0258d80f012322,True,6.79433360346593e-05,0.06436724215745926,0.008509392850100994,0.7830873740922932
obj_0272,objaverse_ddbb1792330ba90235fcbcce,False,0.0003018075949512422,0.04431581497192383,0.20257531106472015,0.9726707922906979
obj_0273,objaverse_fd236fb907c03156e2e42a59,True,0.0001982333924388513,0.0378798246383667,0.1376969814300537,0.9787537713862442
obj_0274,objaverse_ce28d4f674a62b8244c2099b,False,0.00027655757730826735,0.022155165672302246,0.2279040664434433,0.9875119759489908
obj_0275,objaverse_fbb7f2c78bfda799499df9ab,True,0.00023916021746117622,0.05977087840437889,0.09289321303367615,0.9182562681113771
obj_0276,objaverse_e2fd8f0414fdfbfb5108af68,True,0.00022884301142767072,0.03112626075744629,0.16783851385116577,0.9786808201509244
obj_0277,objaverse_57878861e9ce4a3d78f05812,False,0.0002576752158347517,0.025782465934753418,0.19989746809005737,0.9827029866426534
obj_0278,objaverse_e2697f31100695c717ca6203,True,0.0001561918033985421,0.02936112880706787,0.10240530967712402,0.9701000673530261
obj_0279,objaverse_5d4c49871df501b73f4b3fff,True,0.00011793231533374637,0.05751967430114746,0.05234558507800102,0.9433124227299785
obj_0280,objaverse_90b2ef794601a80bfac3c90a,True,0.00033254476147703826,0.044977426528930664,0.2630783021450043,0.9841011588742364
obj_0281,objaverse_e7d0491a5db4294e71f63de0,True,0.00015986729704309255,0.027680516242980957,0.09887391328811646,0.9645286203643946
obj_0282,objaverse_280ce98db7e1e8c2647e3fde,False,9.915619739331305e-05,0.06001391261816025,0.04105652868747711,0.930633173935588
obj_0283,abo_36624dce7427c34335bf,True,0.00041699124267324805,0.03817129135131836,0.3385825455188751,0.9866309763910309
obj_0284,objaverse_c7fb9c323e3080bbb46d7aeb,False,0.00021122259204275906,0.06628352403640747,0.09728929400444031,0.9473093051118211
obj_0285,objaverse_1b974ccd68b16dc43b7c94c3,False,0.0002066833694698289,0.02270817756652832,0.15713541209697723,0.9794281729428173
obj_0286,objaverse_74ce528e349cfb4771ac0a79,True,0.00027583391056396067,0.04400014877319336,0.21543091535568237,0.9827548164578277
obj_0287,objaverse_9080e6baa360e8394a3ef265,True,0.0001437072642147541,0.023355603218078613,0.09867452830076218,0.97240687319704
obj_0288,objaverse_25d571ff1f2793206831f6ce,False,0.0002989383938256651,0.04711318016052246,0.21594764292240143,0.9784435555453089
obj_0289,objaverse_892824ec80cf49cad7b87674,True,0.0003710083256009966,0.03832864761352539,0.29597827792167664,0.9860574315161378
obj_0290,objaverse_53d6d7d0dabed1e0521db6d7,True,0.00027564287302084267,0.022240161895751953,0.22374731302261353,0.9863362252561257
obj_0291,objaverse_115af54926673ce93cf4e22a,True,0.00014979315164964646,0.0256345272064209,0.10298679023981094,0.9749355933835745
obj_0292,objaverse_723949246b714ebcd45cb990,True,0.00034752205829136074,0.04452979564666748,0.25797751545906067,0.9805845895013682
obj_0293,objaverse_7385147beb2530d2306f12a2,True,8.112208161037415e-05,0.03746943920850754,0.03544097766280174,0.9307738612801819
obj_0294,abo_1afd3907ebff2408cf38,True,0.00020039879018440843,0.03928244113922119,0.12484610825777054,0.9658493353028065
obj_0295,objaverse_6e98d33976e4c28bd7597749,True,0.00027873346698470414,0.022037625312805176,0.21592138707637787,0.9829101449275363
obj_0296,local_kenney_cc0_increment_1b42b8af6b882eb2d7744147,True,0.00038416156894527376,0.03600907325744629,0.31015917658805847,0.9874060104734077
obj_0297,abo_31b42ad500d4b7d7d9d9,True,0.00016217672964558005,0.025897860527038574,0.11227620393037796,0.9739088242429589
obj_0298,objaverse_3e959b6c4ce33e6821bce5b1,True,0.00033143407199531794,0.06064628064632416,0.12291114777326584,0.9216423608459953
obj_0299,objaverse_8b3a52902a2702f2644e4f25,True,0.00026143374270759523,0.055674076080322266,0.1813601404428482,0.9750896008317146
