object,method,unseen_views,masked_psnr,ciede2000,silhouette_iou,gt_coverage,render_coverage,texture_coverage,cross_view_texel_variance,uv_seam_discontinuity,fg_lpips,dists
obj_0013,layer_llh,11,16.367047056361177,13.855952783064408,0.9996277109937753,0.11820012872869318,0.11818799105557529,0.11691093444824219,0.005992064351108806,0.0,0.07341395521705801,
obj_0013,layer_lhl,11,15.00201298725848,15.149180845780807,0.9996277109937753,0.11820012872869318,0.11818799105557529,0.11691093444824219,0.011670356851451196,0.0,0.08606216379187324,
obj_0015,layer_llh,11,21.480066539785785,9.595252817327326,0.9999167130093108,0.2493258389559659,0.24931300770152698,0.30836009979248047,0.0022529361398072587,0.0,0.1510077863931656,
obj_0015,layer_lhl,11,20.22679312793348,10.228825742548162,0.9999167130093108,0.2493258389559659,0.24931300770152698,0.30836009979248047,0.0037888735453482226,0.0,0.17759804292158646,
obj_0038,layer_llh,11,19.72068501389213,10.680357846346768,0.9999000676952626,0.24728289517489346,0.24726937033913352,0.26181507110595703,0.003691399154002061,0.0,0.17453841865062714,
obj_0038,layer_lhl,11,17.954942116675436,11.707016684792258,0.9999000676952626,0.24728289517489346,0.24726937033913352,0.26181507110595703,0.0072626495725933585,0.0,0.2071785940365358,
obj_0048,layer_llh,11,14.966061323668443,16.43497943878174,0.9996703351354621,0.22758449207652698,0.22756264426491477,0.15470409393310547,0.004995967057864506,0.0,0.27502749182961206,
obj_0048,layer_lhl,11,13.668886968590197,18.29466975818981,0.9996703351354621,0.22758449207652698,0.22756264426491477,0.15470409393310547,0.00815048359680509,0.0,0.30807453664866363,
obj_0054,layer_llh,11,15.495244498997307,13.458868720314719,0.9996552863596027,0.15902918035333807,0.1590059453790838,0.1683511734008789,0.008343963913529451,0.0,0.12240653688257391,
obj_0054,layer_lhl,11,12.975079647139667,17.4016207781705,0.9996552863596027,0.15902918035333807,0.1590059453790838,0.1683511734008789,0.01612063551040221,0.0,0.14843159914016724,
obj_0066,layer_llh,11,19.156252659051855,11.316869562322443,0.9998600977226217,0.2055941495028409,0.20557923750443893,0.26767730712890625,0.003913977070879439,0.0,0.14846885339780289,
obj_0066,layer_lhl,11,17.105241962665335,12.471336884932084,0.9998600977226217,0.2055941495028409,0.20557923750443893,0.26767730712890625,0.008943523341299036,0.0,0.18244728716936978,
obj_0068,layer_llh,11,17.152629934055682,13.447559096596457,0.9997104266716608,0.15132695978338068,0.1513148221102628,0.11194324493408203,0.00561796657290073,0.0,0.08913585679097609,
obj_0068,layer_lhl,11,15.63620741440515,14.808900919827549,0.9997104266716608,0.15132695978338068,0.1513148221102628,0.11194324493408203,0.01037120586438674,0.0,0.10063524611971596,
obj_0078,layer_llh,11,12.019063176639804,18.539867401123047,0.9991480164648721,0.02301823009144176,0.023016149347478695,0.032759666442871094,0.0144453825285299,0.0,0.034223738041791046,
obj_0078,layer_lhl,11,9.18196431677214,29.063392812555488,0.9991480164648721,0.02301823009144176,0.023016149347478695,0.032759666442871094,0.02586706203146457,0.0,0.045385408299890434,
obj_0082,layer_llh,11,11.007561929476095,21.42607446150346,0.9996295061388157,0.035788102583451706,0.035781513560901985,0.028615951538085938,0.017261236518937843,0.0,0.04980109530416402,
obj_0082,layer_lhl,11,8.631423438401079,30.14629953557795,0.9996295061388157,0.035788102583451706,0.035781513560901985,0.028615951538085938,0.030156982580472124,0.0,0.05990539491176605,
obj_0083,layer_llh,11,15.912103602022523,16.936168497258965,0.999350992878525,0.16889260031960227,0.16886520385742188,0.11652755737304688,0.004252317643881531,0.0,0.13083575665950775,
obj_0083,layer_lhl,11,15.351518069597505,17.343653678894043,0.999350992878525,0.16889260031960227,0.16886520385742188,0.11652755737304688,0.009829020832522012,0.0,0.14405994252725082,
obj_0110,layer_llh,11,19.402581925016197,11.33462888544256,0.9998794750168378,0.16972801902077414,0.16972177678888495,0.22208595275878906,0.002418747391011367,0.0,0.11395268819548866,
obj_0110,layer_lhl,11,17.805601858683,12.507952863519842,0.9998794750168378,0.16972801902077414,0.16972177678888495,0.22208595275878906,0.004717398804416336,0.0,0.13846966217864642,
obj_0111,layer_llh,11,17.464673514848112,13.205620418895375,0.999774092268483,0.17608157071200284,0.1760711669921875,0.09907245635986328,0.004384311526085142,0.0,0.09548270634629509,
obj_0111,layer_lhl,11,16.523829818328288,13.939835028214889,0.999774092268483,0.17608157071200284,0.1760711669921875,0.09907245635986328,0.007139382784317056,0.0,0.10547135228460486,
