object,object_uid,object_idx,condition,uncapped,seed_base,elapsed_seconds,full_psnr,full_ssim,full_lpips,fg_psnr,fg_ssim,fg_lpips,bg_psnr,edge_psnr,edge_ssim,nef_ssim,bgwhite_psnr,bgwhite_ssim,bgwhite_lpips,crop_psnr,crop_ssim,crop_lpips,crop_area,fg_mask_corr,edge_fscore,fg_rgb_std,fg_grad_mag,fg_lap_var,fg_color_entropy,fg_hf_energy,fg_brightness_std,gt_fg_rgb_std,gt_fg_grad_mag,gt_fg_lap_var,gt_fg_hf_energy
00001ec0d78549e1b8c2083a06105c29,00001ec0d78549e1b8c2083a06105c29,0,a3_middle_W2,False,42,6.957264423370361,20.37325143814087,0.8578087687492371,0.22545936703681946,12.976806163787842,0.5249042510986328,0.1535220593214035,25.350465774536133,14.688470363616943,0.577273428440094,0.5434358716011047,21.775712966918945,0.9346335530281067,0.14635324478149414,20.37325143814087,0.8578087687492371,0.22545936703681946,1.0,0.35205078125,0.14770327508449554,0.08831787109375,0.3271484375,0.006984710693359375,4.993143240610759,0.26490142941474915,0.144287109375,0.009085068479180336,0.1084023118019104,0.0024017728865146637,0.2531610131263733
0005df571e71437991594d0affec9c2b,0005df571e71437991594d0affec9c2b,2,a3_middle_W2,False,42,7.0589210987091064,18.345820903778076,0.8436225056648254,0.25497162342071533,10.453165769577026,0.22553694248199463,0.1354815661907196,20.79569101333618,10.966871976852417,0.39131200313568115,0.23902122676372528,21.5786075592041,0.9425997138023376,0.11472496390342712,18.294237852096558,0.8423205614089966,0.2559755742549896,0.9817708333333334,0.36083984375,0.3973785638809204,0.0865478515625,0.51171875,0.019287109375,5.562949021657308,0.2768111228942871,0.2039794921875,0.033697664737701416,0.6569555997848511,0.03594867140054703,0.3682761788368225
000d1c5d169f4fda93a32f2eaeac80d8,000d1c5d169f4fda93a32f2eaeac80d8,4,a3_middle_W2,False,42,7.027673721313477,21.910247802734375,0.8415531516075134,0.30241262912750244,16.186610460281372,0.5008189082145691,0.20613865554332733,25.488295555114746,17.303913831710815,0.5396043658256531,0.5279939770698547,23.875935077667236,0.9169752597808838,0.22196584939956665,21.725661754608154,0.8362389206886292,0.316689133644104,0.9401041666666666,0.28125,0.2168455868959427,0.09375,0.289794921875,0.005619049072265625,4.91074005762736,0.24362094700336456,0.118896484375,0.009649482555687428,0.1527269333600998,0.00479090167209506,0.2202710509300232
0013d88f17a245b0bff5ebe713bd72ab,0013d88f17a245b0bff5ebe713bd72ab,6,a3_middle_W2,False,42,7.035210132598877,17.12689518928528,0.8437880873680115,0.20904304087162018,8.880540132522583,0.24619488418102264,0.13774657249450684,21.871812343597412,10.340228080749512,0.5078707337379456,0.24577423930168152,18.677246570587158,0.9237427115440369,0.12991176545619965,16.791908740997314,0.8353489637374878,0.21934004127979279,0.8984375,0.412109375,0.3471333086490631,0.11175537109375,0.431640625,0.01532745361328125,5.404016653696696,0.2784280776977539,0.1763916015625,0.09070352464914322,0.38763725757598877,0.02360355854034424,0.32786858081817627
001e6d1b655542b48dbe00f3a3ccc616,001e6d1b655542b48dbe00f3a3ccc616,8,a3_middle_W2,False,42,6.834456205368042,20.582873821258545,0.8213194012641907,0.26909908652305603,15.978199243545532,0.5647016763687134,0.2198413759469986,27.006914615631104,15.590683221817017,0.48109304904937744,0.5839545130729675,21.348726749420166,0.8771669864654541,0.2175571620464325,20.582873821258545,0.8213194012641907,0.26909908652305603,1.0,0.28662109375,0.12171594053506851,0.059906005859375,0.2142333984375,0.004741668701171875,4.123875776926677,0.27157920598983765,0.09442138671875,0.00985232274979353,0.13449816405773163,0.0045552123337984085,0.26259180903434753
0029e901155f414696aa6b470cbe40d4,0029e901155f414696aa6b470cbe40d4,10,a3_middle_W2,False,42,6.815157890319824,19.09189462661743,0.8373399376869202,0.20075228810310364,11.413675546646118,0.2838813066482544,0.13934743404388428,23.71396780014038,13.249362707138062,0.5246757864952087,0.28404971957206726,20.665786266326904,0.9160855412483215,0.11720237880945206,18.850630521774292,0.8306154608726501,0.21014565229415894,0.9244791666666666,0.3203125,0.29973751306533813,0.0828857421875,0.30908203125,0.01116180419921875,5.16859499613444,0.2813291847705841,0.14404296875,0.02945523150265217,0.4532471001148224,0.023680701851844788,0.3245859742164612
003245510e8f4bcb98f1794348606f68,003245510e8f4bcb98f1794348606f68,12,a3_middle_W2,False,42,6.9455766677856445,17.92669653892517,0.8009455800056458,0.21159614622592926,11.454360485076904,0.3091302812099457,0.13442206382751465,23.461551666259766,12.291017770767212,0.46631869673728943,0.31237173080444336,19.06830906867981,0.877046525478363,0.12565234303474426,17.79585838317871,0.7965242266654968,0.22044670581817627,0.96484375,0.34912109375,0.356184720993042,0.141845703125,0.3330078125,0.007678985595703125,4.893686294555664,0.26330605149269104,0.1326904296875,0.11663054674863815,0.49198856949806213,0.022083323448896408,0.2796430289745331
0047b3f31cc844d2bfe8e59820b87312,0047b3f31cc844d2bfe8e59820b87312,14,a3_middle_W2,False,42,7.159530162811279,17.228071689605713,0.8290678262710571,0.2788614332675934,9.44762408733368,0.3933645486831665,0.19196175038814545,22.71223783493042,10.29187560081482,0.45568031072616577,0.4261486232280731,18.462297916412354,0.9154397249221802,0.1924954652786255,16.577013731002808,0.810792088508606,0.31978142261505127,0.8359375,0.36767578125,0.34868836402893066,0.146484375,0.3779296875,0.0134735107421875,5.107049465179443,0.26877596974372864,0.1552734375,0.16995279490947723,0.4287719130516052,0.02413364127278328,0.3191225826740265
004a33ffd2654583822bdd2eed1241ba,004a33ffd2654583822bdd2eed1241ba,16,a3_middle_W2,False,42,6.850611448287964,21.296913623809814,0.8765264749526978,0.1863848716020584,12.388550043106079,0.35647404193878174,0.08622312545776367,23.47808599472046,12.381261587142944,0.5385172963142395,0.36932551860809326,24.981083869934082,0.9630624055862427,0.07416252046823502,20.693495273590088,0.8654922246932983,0.2023136019706726,0.8124135335286459,0.42333984375,0.316320538520813,0.12274169921875,0.54248046875,0.020294189453125,5.514287153879802,0.2972870469093323,0.2137451171875,0.19239431619644165,0.38181453943252563,0.019774112850427628,0.3049885928630829
00519a09c83e410f9734b3cfe8bcb604,00519a09c83e410f9734b3cfe8bcb604,18,a3_middle_W2,False,42,7.09748649597168,15.706861019134521,0.8294976353645325,0.2704688310623169,6.440083980560303,0.13741843402385712,0.1698160618543625,20.293796062469482,7.539218068122864,0.3187214434146881,0.1383332908153534,17.38032579421997,0.9308107495307922,0.14717072248458862,15.497252941131592,0.8241945505142212,0.27946212887763977,0.9453125,0.33056640625,0.5033043026924133,0.11016845703125,0.58984375,0.0296173095703125,5.450236797332764,0.26657792925834656,0.2122802734375,0.02941145934164524,1.2398134469985962,0.08712414652109146,0.38893213868141174
005c0d7ccf7749f99a4cc8e88bda073d,005c0d7ccf7749f99a4cc8e88bda073d,20,a3_middle_W2,False,42,7.199141979217529,11.883302927017212,0.7153130769729614,0.304082989692688,6.2217676639556885,0.11349552869796753,0.2747809886932373,24.272007942199707,7.558117508888245,0.3379347324371338,0.11184246838092804,12.072806358337402,0.7740499377250671,0.26377254724502563,11.883302927017212,0.7153130769729614,0.304082989692688,1.0,0.4189453125,0.1670922338962555,0.12457275390625,0.35400390625,0.01354217529296875,5.0931172370910645,0.2769489288330078,0.146728515625,0.021808508783578873,0.2131105214357376,0.013756630942225456,0.46295589208602905
006ce7ce9e1b45558fe805882a705991,006ce7ce9e1b45558fe805882a705991,22,a3_middle_W2,False,42,6.898890256881714,18.13326358795166,0.7221466302871704,0.32849499583244324,13.974237442016602,0.3688746988773346,0.3271533250808716,28.141424655914307,13.24954628944397,0.5352599024772644,0.3718833029270172,18.42029571533203,0.7705641984939575,0.29414016008377075,18.05146813392639,0.7178703546524048,0.3301384449005127,0.98046875,0.36181640625,0.2346586287021637,0.112548828125,0.26708984375,0.007221221923828125,4.014526923497518,0.2696361839771271,0.08367919921875,0.023161092773079872,0.27988678216934204,0.009751050733029842,0.29922911524772644
00713006ea594a598ad966c5b36c7922,00713006ea594a598ad966c5b36c7922,24,a3_middle_W2,False,42,6.961223840713501,19.073084592819214,0.852899968624115,0.24248309433460236,11.467114686965942,0.2779780924320221,0.10291288793087006,21.663970947265625,11.344996690750122,0.4904925227165222,0.28456297516822815,22.111430168151855,0.9383313059806824,0.08575507998466492,18.5191011428833,0.8361232876777649,0.25681784749031067,0.7890625,0.459716796875,0.36573004722595215,0.0958251953125,0.389892578125,0.01413726806640625,5.220897356669108,0.30949482321739197,0.1649169921875,0.022631393745541573,0.45801812410354614,0.024237878620624542,0.3428345024585724
007ced0c381749a394866f5fa71fd303,007ced0c381749a394866f5fa71fd303,26,a3_middle_W2,False,42,7.580003976821899,19.049779176712036,0.8591322302818298,0.24385203421115875,12.039772272109985,0.48116520047187805,0.1961468756198883,24.047117233276367,12.593050003051758,0.5330416560173035,0.49574270844459534,20.419342517852783,0.9319946765899658,0.166746586561203,18.535135984420776,0.848564624786377,0.2794855833053589,0.8558400472005209,0.333984375,0.1916855424642563,0.125732421875,0.29052734375,0.007656097412109375,4.8164472579956055,0.2486201971769333,0.132080078125,0.017051301896572113,0.13258077204227448,0.007029173895716667,0.24158626794815063
008f8f5241b947f29838e2a780e3790a,008f8f5241b947f29838e2a780e3790a,28,a3_middle_W2,False,42,7.036446809768677,10.391056537628174,0.6375612020492554,0.45217543840408325,6.016842722892761,0.12275362014770508,0.41978439688682556,26.92549705505371,7.720485329627991,0.34090036153793335,0.12374202907085419,10.453228950500488,0.6745975017547607,0.44028663635253906,10.391056537628174,0.6375612020492554,0.45217543840408325,1.0,0.40380859375,0.3150806128978729,0.12432861328125,0.424560546875,0.0154266357421875,5.400368372599284,0.2883254885673523,0.17919921875,0.001302429591305554,0.5532288551330566,0.05753425508737564,0.31234049797058105
00a1a602456f4eb188b522d7ef19e81b,00a1a602456f4eb188b522d7ef19e81b,30,a3_middle_W2,False,42,6.904522180557251,18.118693828582764,0.8455403447151184,0.24367274343967438,11.649945974349976,0.36299222707748413,0.1394243687391281,20.271131992340088,11.23058795928955,0.4817594289779663,0.37435752153396606,21.557347774505615,0.9392364621162415,0.10627183318138123,18.038026094436646,0.8432044386863708,0.24481737613677979,0.96484375,0.437255859375,0.32051271200180054,0.0958251953125,0.43310546875,0.01322174072265625,5.326242605845134,0.2828477621078491,0.1767578125,0.024133440107107162,0.3695666790008545,0.019327694550156593,0.37207168340682983
00a38a2327cd41b885d6ebbb6ac0a91c,00a38a2327cd41b885d6ebbb6ac0a91c,32,a3_middle_W2,False,42,7.24254584312439,21.188714504241943,0.8392986059188843,0.2567554712295532,15.124545097351074,0.47104763984680176,0.20420067012310028,25.326223373413086,14.250162839889526,0.5054680705070496,0.4890151917934418,22.86917209625244,0.91079181432724,0.18718603253364563,20.811519622802734,0.8292937278747559,0.2791474163532257,0.8968505859375,0.326171875,0.19690769910812378,0.1114501953125,0.3310546875,0.009429931640625,4.964107672373454,0.2739136815071106,0.1328125,0.04703126847743988,0.15671531856060028,0.005040768533945084,0.2482513040304184
00a776f578304cce8c096fc0034582ef,00a776f578304cce8c096fc0034582ef,34,a3_middle_W2,False,42,7.214018106460571,18.09635281562805,0.8478607535362244,0.2567511200904846,9.712090492248535,0.3071763217449188,0.18572406470775604,23.063926696777344,10.679471492767334,0.4499915838241577,0.3224766254425049,19.556806087493896,0.9312518239021301,0.1568664163351059,17.99309492111206,0.8456442356109619,0.26408517360687256,0.9700520833333334,0.3818359375,0.24526025354862213,0.088623046875,0.452392578125,0.01244354248046875,5.583997090657552,0.25411972403526306,0.2127685546875,0.060670509934425354,0.3432779312133789,0.01624416932463646,0.31007978320121765
00a9925ae746466b91ce457c67bef43f,00a9925ae746466b91ce457c67bef43f,36,a3_middle_W2,False,42,7.0873377323150635,18.07713508605957,0.8175773620605469,0.2137935906648636,11.018750667572021,0.3132406175136566,0.18330569565296173,23.752388954162598,10.851507186889648,0.44281667470932007,0.3173955976963043,19.21019673347473,0.8942485451698303,0.147898331284523,18.03301453590393,0.8162897825241089,0.21815724670886993,0.98828125,0.43896484375,0.27909523248672485,0.1397705078125,0.365478515625,0.01251983642578125,5.040178616841634,0.27151724696159363,0.15380859375,0.12282298505306244,0.34255844354629517,0.01749195158481598,0.3347029387950897
00bc54b70fea4c94bf54bdb4d041522c,00bc54b70fea4c94bf54bdb4d041522c,38,a3_middle_W2,False,42,6.821261644363403,20.462002754211426,0.8537825345993042,0.2371479570865631,14.778486490249634,0.555183470249176,0.17782410979270935,24.0970778465271,14.19615626335144,0.5567415356636047,0.5736293792724609,22.385871410369873,0.9262657165527344,0.13547013700008392,20.462002754211426,0.8537825345993042,0.2371479570865631,1.0,0.31982421875,0.21626955270767212,0.09283447265625,0.21728515625,0.0047149658203125,4.5267378489176435,0.268260657787323,0.101318359375,0.004599824082106352,0.17331139743328094,0.004515175707638264,0.2752402424812317
00c01670fa9545fc82e1fbfb9f70a259,00c01670fa9545fc82e1fbfb9f70a259,40,a3_middle_W2,False,42,6.830841302871704,15.746324062347412,0.7922680377960205,0.20402005314826965,8.225581645965576,0.1499660611152649,0.16561752557754517,24.02437686920166,10.979068279266357,0.4533347487449646,0.14160990715026855,16.32950186729431,0.8708243370056152,0.13218295574188232,15.428788661956787,0.781457781791687,0.2160714566707611,0.921875,0.3447265625,0.36554184556007385,0.12054443359375,0.305419921875,0.0103607177734375,4.862338860829671,0.29901373386383057,0.1318359375,0.03020382672548294,0.6878505349159241,0.049280796200037,0.38058775663375854
00c5fc33cf54446093cca570c2ac5db0,00c5fc33cf54446093cca570c2ac5db0,42,a3_middle_W2,False,42,7.492413282394409,21.138205528259277,0.8487169146537781,0.21197977662086487,14.832350015640259,0.5442144870758057,0.16944164037704468,27.481355667114258,15.848832130432129,0.5665054321289062,0.5593315958976746,22.042548656463623,0.9119282960891724,0.16545119881629944,21.10743761062622,0.8480238914489746,0.2169646918773651,0.9921875,0.341796875,0.15451748669147491,0.06890869140625,0.2464599609375,0.00665283203125,4.697009245554606,0.2633109390735626,0.130126953125,0.009828873910009861,0.13563916087150574,0.002862381748855114,0.2506842613220215
00d319b11c2c41c6b9a36287abf6922e,00d319b11c2c41c6b9a36287abf6922e,44,a3_middle_W2,False,42,7.030663728713989,21.433696746826172,0.8702465891838074,0.21388253569602966,14.036725759506226,0.5122718214988708,0.10595054924488068,24.10879373550415,14.32766079902649,0.5581358671188354,0.5390920639038086,24.357612133026123,0.9562911987304688,0.09891106933355331,21.026077270507812,0.8612300157546997,0.22940704226493835,0.8396759033203125,0.2919921875,0.23153074085712433,0.10174560546875,0.2430419921875,0.00685882568359375,4.687795956929524,0.30005010962486267,0.1112060546875,0.021616846323013306,0.22947284579277039,0.019062278792262077,0.31750527024269104
00da1beacd7e456f81bcdd0343048166,00da1beacd7e456f81bcdd0343048166,46,a3_middle_W2,False,42,6.872752666473389,21.09811544418335,0.8508766889572144,0.2470800131559372,13.371450901031494,0.3421333432197571,0.13134780526161194,24.18199062347412,13.996840715408325,0.46058419346809387,0.3628050684928894,23.65987539291382,0.9418888092041016,0.12535855174064636,21.09811544418335,0.8508766889572144,0.2470800131559372,1.0,0.30712890625,0.27979975938796997,0.05047607421875,0.441162109375,0.0141754150390625,5.396888415018718,0.2772999703884125,0.1771240234375,0.020556636154651642,0.3230407238006592,0.013491267338395119,0.28307273983955383
00ddbd37e24c43569cb77919361bfaa9,00ddbd37e24c43569cb77919361bfaa9,48,a3_middle_W2,False,42,7.258658409118652,20.314295291900635,0.8671057820320129,0.2962973415851593,10.161595344543457,0.32357001304626465,0.1023445576429367,21.97885751724243,16.291390657424927,0.5602330565452576,0.3493858575820923,24.989235401153564,0.9750175476074219,0.1173795685172081,20.139684677124023,0.861204206943512,0.32032349705696106,0.8919270833333334,0.38623046875,0.3199930191040039,0.0631103515625,0.515625,0.01273345947265625,5.542901198069255,0.3683640658855438,0.2081298828125,0.13103176653385162,0.37843799591064453,0.023469815030694008,0.433939129114151
00ea067d2d0d4e5abbe36abcdd2117b9,00ea067d2d0d4e5abbe36abcdd2117b9,50,a3_middle_W2,False,42,6.839763641357422,14.327530860900879,0.7616559267044067,0.28990185260772705,7.876808047294617,0.1595209836959839,0.2503800094127655,26.451761722564697,8.598623275756836,0.48862674832344055,0.15694136917591095,14.541618824005127,0.8210123777389526,0.24327845871448517,14.119678735733032,0.7529520392417908,0.30487146973609924,0.9518229166666666,0.37451171875,0.3461236357688904,0.11053466796875,0.3203125,0.007366180419921875,4.990011850992839,0.23001183569431305,0.13232421875,0.02327284961938858,0.8144341111183167,0.049803949892520905,0.298021137714386
00ef198a19a8403d903dbfa7cfaaf9bd,00ef198a19a8403d903dbfa7cfaaf9bd,52,a3_middle_W2,False,42,6.944692134857178,17.744351625442505,0.8334993720054626,0.26867640018463135,9.291377067565918,0.19778206944465637,0.14305271208286285,21.667702198028564,10.60495138168335,0.3855292797088623,0.20108340680599213,19.741772413253784,0.9285168051719666,0.13338062167167664,17.122610807418823,0.8160650134086609,0.2895315885543823,0.83203125,0.40380859375,0.4423300325870514,0.0772705078125,0.5498046875,0.021575927734375,5.708041508992513,0.27995070815086365,0.2421875,0.07459582388401031,0.7025613188743591,0.0584743358194828,0.3195008635520935
00fa05ae10834647a8bf00c5a5a899a1,00fa05ae10834647a8bf00c5a5a899a1,54,a3_middle_W2,False,42,6.943713903427124,20.571064949035645,0.8757181167602539,0.19862999022006989,11.73419713973999,0.36003023386001587,0.11312694847583771,23.058128356933594,12.301064729690552,0.5423571467399597,0.3612734079360962,23.843791484832764,0.9616103768348694,0.09043917804956436,19.993776082992554,0.8648828268051147,0.21777908504009247,0.802734375,0.39208984375,0.3751182556152344,0.07122802734375,0.396484375,0.01123046875,5.299267768859863,0.2613159418106079,0.1690673828125,0.05308559909462929,0.42542922496795654,0.02239161729812622,0.28770577907562256
00fadd5980ed4228bc28217eb11c5d27,00fadd5980ed4228bc28217eb11c5d27,56,a3_middle_W2,False,42,6.812019348144531,15.340784788131714,0.8316763043403625,0.23930121958255768,8.199763894081116,0.3990095853805542,0.21291078627109528,26.528546810150146,9.980754852294922,0.5262871980667114,0.4093261659145355,15.6201171875,0.8931112289428711,0.202566996216774,14.669954776763916,0.8141703605651855,0.2663593590259552,0.8502960205078125,0.3134765625,0.19108568131923676,0.1190185546875,0.280517578125,0.00902557373046875,4.685001691182454,0.25457146763801575,0.1268310546875,0.032156363129615784,0.1634037047624588,0.0067988005466759205,0.26208803057670593
00fe064ec39f4f42a8301f6699c37455,00fe064ec39f4f42a8301f6699c37455,58,a3_middle_W2,False,42,6.9707396030426025,21.312785148620605,0.8688459396362305,0.18625099956989288,13.827221393585205,0.5181583762168884,0.1334158331155777,25.436959266662598,14.460676908493042,0.5610581040382385,0.5351206660270691,23.12673807144165,0.9425705671310425,0.11930865049362183,20.56002378463745,0.853964626789093,0.20719558000564575,0.7890625,0.40283203125,0.2505822479724884,0.06939697265625,0.26904296875,0.0088348388671875,4.4625169436136884,0.2721323072910309,0.1302490234375,0.010958591476082802,0.2231033593416214,0.004862974863499403,0.24726100265979767
01052f325d2a4422bf1dea6567d78347,01052f325d2a4422bf1dea6567d78347,60,a3_middle_W2,False,42,6.897703647613525,13.189970254898071,0.7086778283119202,0.49974173307418823,9.566829800605774,0.42247137427330017,0.49931800365448,31.016643047332764,9.960627555847168,0.4290412366390228,0.42957398295402527,13.230986595153809,0.7382155656814575,0.48345717787742615,13.08706521987915,0.7025956511497498,0.4952699840068817,0.9765625,0.3046875,0.09720248728990555,0.0904541015625,0.3291015625,0.00948333740234375,4.645352363586426,0.26944592595100403,0.10955810546875,0.21522638201713562,0.05888031795620918,0.00240831496194005,0.16052481532096863
0118607beaed4571b94615a611bab570,0118607beaed4571b94615a611bab570,62,a3_middle_W2,False,42,6.951761722564697,19.088220596313477,0.8541677594184875,0.23252680897712708,10.477962493896484,0.3195055425167084,0.15126986801624298,22.510788440704346,11.65971040725708,0.461272269487381,0.3404674530029297,21.441168785095215,0.942866861820221,0.13772284984588623,18.903251886367798,0.8498144149780273,0.24246235191822052,0.9375,0.449951171875,0.3532804250717163,0.06842041015625,0.51904296875,0.02496337890625,5.559052149454753,0.30538997054100037,0.221435546875,0.03506495803594589,0.45817461609840393,0.0270648505538702,0.3147450089454651
011e8dd9d04e4257b4c094b9cf279280,011e8dd9d04e4257b4c094b9cf279280,64,a3_middle_W2,False,42,6.811007499694824,14.023057222366333,0.735232412815094,0.29201745986938477,8.02674949169159,0.15563209354877472,0.25633057951927185,22.36562967300415,8.955098986625671,0.2712048590183258,0.15834641456604004,14.547920227050781,0.8139433264732361,0.2269878089427948,13.87438178062439,0.7281337380409241,0.30596476793289185,0.96484375,0.42138671875,0.3887501657009125,0.08660888671875,0.462646484375,0.0183868408203125,5.615187803904216,0.27959156036376953,0.2127685546875,0.02676786482334137,0.6181924939155579,0.05857798829674721,0.4063955843448639
0123ecfeeaf14efc8183597f2099e925,0123ecfeeaf14efc8183597f2099e925,66,a3_middle_W2,False,42,6.930865287780762,17.95263648033142,0.7781638503074646,0.29112112522125244,12.597665786743164,0.3232072591781616,0.22598496079444885,22.947721481323242,13.560986518859863,0.43236830830574036,0.33006489276885986,19.18542981147766,0.8532092571258545,0.20848043262958527,17.95263648033142,0.7781638503074646,0.29112112522125244,1.0,0.3330078125,0.27042967081069946,0.09344482421875,0.2958984375,0.009552001953125,5.014233112335205,0.29861390590667725,0.1268310546875,0.016576319932937622,0.39235273003578186,0.016973724588751793,0.3002239465713501
012989686a534d73bd7989501e713630,012989686a534d73bd7989501e713630,68,a3_middle_W2,False,42,6.971832513809204,19.751596450805664,0.8814698457717896,0.2583666443824768,9.480952620506287,0.2180936485528946,0.10774928331375122,21.182429790496826,11.399691104888916,0.48393821716308594,0.21582147479057312,24.965434074401855,0.9778012037277222,0.09965796768665314,19.625853300094604,0.8791617155075073,0.26538437604904175,0.9348958333333334,0.37548828125,0.4740704894065857,0.06512451171875,0.5927734375,0.0215606689453125,5.578197638193767,0.3049390912055969,0.2266845703125,0.09265840798616409,0.8116757273674011,0.0583917610347271,0.3692275881767273
012c0d5217494d12881d6b089bed0232,012c0d5217494d12881d6b089bed0232,70,a3_middle_W2,False,42,6.867271184921265,17.717676162719727,0.7907412648200989,0.2487964779138565,11.943000555038452,0.2639313340187073,0.178413525223732,21.452782154083252,10.947813987731934,0.37638288736343384,0.27394887804985046,19.591387510299683,0.8750290274620056,0.16031414270401,17.338099479675293,0.7753917574882507,0.2727053165435791,0.8984375,0.44287109375,0.3500334918498993,0.1458740234375,0.44482421875,0.021514892578125,5.265346209208171,0.2992953658103943,0.1810302734375,0.104678675532341,0.4555610418319702,0.02551664412021637,0.36537185311317444
013c9572481f47a3adb59c76a934e1e4,013c9572481f47a3adb59c76a934e1e4,72,a3_middle_W2,False,42,6.895744562149048,17.16963291168213,0.8119767308235168,0.2548235058784485,9.561960101127625,0.2385842502117157,0.13406823575496674,21.709752082824707,10.680053234100342,0.33697155117988586,0.25595444440841675,18.777600526809692,0.912400484085083,0.1087392196059227,16.976876258850098,0.8058857917785645,0.2626088559627533,0.9453125,0.314453125,0.39874762296676636,0.1051025390625,0.419189453125,0.01131439208984375,5.308868408203125,0.30111464858055115,0.1558837890625,0.0455230288207531,0.5627757906913757,0.04183435067534447,0.36819130182266235
0144192045784fc8906de276b4e09eaa,0144192045784fc8906de276b4e09eaa,74,a3_middle_W2,False,42,6.967509746551514,19.100334644317627,0.8491347432136536,0.2882215082645416,10.722414255142212,0.22533497214317322,0.12786094844341278,22.022082805633545,11.25994086265564,0.39398786425590515,0.24136929214000702,21.86650037765503,0.9404754638671875,0.11541152745485306,18.901729583740234,0.8438845872879028,0.2864688038825989,0.9244791666666666,0.37548828125,0.4269900619983673,0.077880859375,0.5498046875,0.016357421875,5.701460997263591,0.2957812249660492,0.215576171875,0.021453900262713432,0.5927037596702576,0.04880247265100479,0.3588092029094696
014ca29813304ce68204fb48dc217636,014ca29813304ce68204fb48dc217636,76,a3_middle_W2,False,42,7.163579940795898,21.887059211730957,0.8797742128372192,0.17269322276115417,11.784422397613525,0.34825727343559265,0.0901850089430809,26.473674774169922,15.042029619216919,0.5956856608390808,0.356025755405426,23.59321117401123,0.9560471773147583,0.08628043532371521,20.849099159240723,0.8631169199943542,0.18828725814819336,0.734375,0.3984375,0.1742950677871704,0.0609130859375,0.486572265625,0.0140533447265625,5.57760763168335,0.26975217461586,0.19970703125,0.026542291045188904,0.21421700716018677,0.005651470273733139,0.26184025406837463
01531de593f3468084dab12f6515e8e1,01531de593f3468084dab12f6515e8e1,78,a3_middle_W2,False,42,6.821576356887817,15.680173635482788,0.8265330791473389,0.21104775369167328,6.940625309944153,0.12451356649398804,0.14989879727363586,22.368144989013672,8.817017674446106,0.4259885549545288,0.12105753272771835,16.601821184158325,0.9062809348106384,0.13444243371486664,15.296984910964966,0.8159671425819397,0.22568659484386444,0.8997395833333334,0.4248046875,0.32408860325813293,0.0865478515625,0.420654296875,0.011077880859375,5.355620861053467,0.26913586258888245,0.17529296875,0.005236523225903511,0.38028380274772644,0.0263522882014513,0.40192827582359314
01551e922711450f92b50843d4e0f2be,01551e922711450f92b50843d4e0f2be,80,a3_middle_W2,False,42,6.9338274002075195,19.526950120925903,0.8286841511726379,0.22797097265720367,12.685208320617676,0.32544222474098206,0.15811610221862793,23.90662670135498,13.0706787109375,0.47417494654655457,0.33354729413986206,21.156859397888184,0.9075677990913391,0.13540783524513245,18.917551040649414,0.8098552227020264,0.25123950839042664,0.83203125,0.3916015625,0.2096758633852005,0.10321044921875,0.4052734375,0.01451873779296875,5.321488857269287,0.26714637875556946,0.177734375,0.02290467731654644,0.2522280812263489,0.009801250882446766,0.28533700108528137
0158a691a8a64bd39527c6f9e750c8ee,0158a691a8a64bd39527c6f9e750c8ee,82,a3_middle_W2,False,42,6.9731950759887695,19.640811681747437,0.7977896928787231,0.320516437292099,14.336879253387451,0.4494893252849579,0.27551132440567017,27.16491937637329,14.962046146392822,0.4813081622123718,0.4631611704826355,20.25341510772705,0.8616716861724854,0.2762492597103119,19.640811681747437,0.7977896928787231,0.320516437292099,1.0,0.3779296875,0.18284571170806885,0.095458984375,0.32275390625,0.01003265380859375,4.801730314890544,0.31037604808807373,0.12371826171875,0.009936243295669556,0.1374119520187378,0.005476681049913168,0.3021756410598755
015d02aa38e04950825ec5f8dc3d533d,015d02aa38e04950825ec5f8dc3d533d,84,a3_middle_W2,False,42,7.149199962615967,20.49757719039917,0.856209397315979,0.22160324454307556,13.280844688415527,0.4429593086242676,0.1622937172651291,24.294462203979492,14.554955959320068,0.5697578191757202,0.45192432403564453,22.48387336730957,0.9334655404090881,0.14622072875499725,19.687503576278687,0.8361307382583618,0.25391215085983276,0.7578125,0.42529296875,0.21388095617294312,0.0911865234375,0.3583984375,0.01139068603515625,5.123688379923503,0.2681015729904175,0.1619873046875,0.07924040406942368,0.17954222857952118,0.007979068905115128,0.2579624056816101
016576dd30c1464f9115584748950ed2,016576dd30c1464f9115584748950ed2,86,a3_middle_W2,False,42,7.110117435455322,19.49571132659912,0.8578023910522461,0.2227948158979416,10.47366976737976,0.3389178216457367,0.13680729269981384,22.956833839416504,11.298058032989502,0.4608766436576843,0.371894896030426,21.845250129699707,0.9508353471755981,0.13170400261878967,19.25478458404541,0.8532047867774963,0.23120391368865967,0.93359375,0.35888671875,0.3056829869747162,0.08349609375,0.494873046875,0.019989013671875,5.632901668548584,0.2747601270675659,0.22216796875,0.04433383420109749,0.42962679266929626,0.02581288106739521,0.2908174991607666
0169a7e8458246b1b371706f507ec511,0169a7e8458246b1b371706f507ec511,88,a3_middle_W2,False,42,7.023047685623169,19.971805810928345,0.8615216612815857,0.2925841212272644,11.648255586624146,0.2592005729675293,0.09941819310188293,21.45803213119507,12.43112325668335,0.4546715319156647,0.2818107306957245,24.871509075164795,0.9676827192306519,0.10792084783315659,19.923161268234253,0.860644519329071,0.2906515598297119,0.978515625,0.32568359375,0.30743688344955444,0.07421875,0.5732421875,0.0203704833984375,5.629933516184489,0.3544986844062805,0.222412109375,0.009221971966326237,0.3452244699001312,0.01541717629879713,0.3549034297466278
017c41aac5db41f3bfe2f7938a4834d1,017c41aac5db41f3bfe2f7938a4834d1,90,a3_middle_W2,False,42,6.8680419921875,19.132404327392578,0.8556075096130371,0.1874169111251831,11.111334562301636,0.37794849276542664,0.14351928234100342,24.342763423919678,11.196644306182861,0.5029769539833069,0.38995495438575745,20.477914810180664,0.9302307963371277,0.11822901666164398,18.747262954711914,0.8473885655403137,0.20487026870250702,0.89453125,0.4130859375,0.2388254702091217,0.0740966796875,0.363525390625,0.00997161865234375,5.311952273050944,0.2696753442287445,0.1790771484375,0.04819396138191223,0.27383726835250854,0.011744764633476734,0.3226885497570038
018034e069134727b9e6e5627234f42f,018034e069134727b9e6e5627234f42f,92,a3_middle_W2,False,42,7.265672445297241,20.396502017974854,0.8636898398399353,0.26145562529563904,12.529821395874023,0.4409836232662201,0.16841907799243927,23.40122938156128,12.196171283721924,0.47355204820632935,0.47570088505744934,23.04166316986084,0.9546821713447571,0.15131926536560059,20.113120079040527,0.8584405779838562,0.27343058586120605,0.91796875,0.34912109375,0.3146187663078308,0.10760498046875,0.384765625,0.013458251953125,4.9384996096293134,0.28632357716560364,0.1683349609375,0.009922077879309654,0.26106178760528564,0.015275477431714535,0.29366064071655273
0184e485100e433c9032f2132e99e095,0184e485100e433c9032f2132e99e095,94,a3_middle_W2,False,42,6.795723915100098,18.275790214538574,0.8136051893234253,0.28001171350479126,11.461231708526611,0.2743360996246338,0.25074201822280884,21.78661346435547,11.281116008758545,0.39594125747680664,0.28461751341819763,20.414457321166992,0.909924328327179,0.1765289008617401,18.1872296333313,0.8107448220252991,0.28883758187294006,0.9739583333333334,0.36083984375,0.33674320578575134,0.11431884765625,0.4892578125,0.0221710205078125,5.352391401926677,0.274966835975647,0.1746826171875,0.013872198760509491,0.47339046001434326,0.023208601400256157,0.31286609172821045
019a31cb0c1646758bc44d47366e32e6,019a31cb0c1646758bc44d47366e32e6,96,a3_middle_W2,False,42,6.8900251388549805,17.342045307159424,0.7147412896156311,0.497589647769928,14.055519104003906,0.4614119827747345,0.4737536311149597,27.094838619232178,14.345874786376953,0.509495735168457,0.46646055579185486,17.606732845306396,0.752827525138855,0.4723045527935028,17.325090169906616,0.7138567566871643,0.50786954164505,0.99609375,0.32470703125,0.07833784073591232,0.08404541015625,0.36572265625,0.01059722900390625,5.020085175832112,0.25442302227020264,0.134033203125,0.009338408708572388,0.06645306199789047,0.0010917286854237318,0.19726508855819702
019cdc2fe9da4327aa8d617401d8189b,019cdc2fe9da4327aa8d617401d8189b,98,a3_middle_W2,False,42,6.953142881393433,17.552883625030518,0.8219049572944641,0.2589976489543915,9.642958045005798,0.24803228676319122,0.15728497505187988,22.804102897644043,11.56726360321045,0.4028838574886322,0.2556532025337219,18.877357244491577,0.9113710522651672,0.12705911695957184,17.346644401550293,0.8160042762756348,0.2658085525035858,0.94140625,0.33642578125,0.37011563777923584,0.09210205078125,0.398681640625,0.00934600830078125,5.418001015981038,0.28349390625953674,0.173095703125,0.02651173621416092,0.5121501684188843,0.031824465841054916,0.320558100938797
01a76c394cc640f6ad469199166ece29,01a76c394cc640f6ad469199166ece29,100,a3_middle_W2,False,42,6.919130325317383,16.58520817756653,0.7820659875869751,0.27011314034461975,10.926984548568726,0.3638544976711273,0.2499392330646515,24.9464750289917,11.230592727661133,0.418632447719574,0.3713468313217163,17.09418535232544,0.8493190407752991,0.2208826243877411,16.3960599899292,0.775040328502655,0.2802751362323761,0.953125,0.37353515625,0.2354336678981781,0.0958251953125,0.310302734375,0.010589599609375,5.114195823669434,0.2732563614845276,0.1455078125,0.012500193901360035,0.2664058804512024,0.01149687822908163,0.3089630901813507
01c7a9010fa6463897e5919443c72886,01c7a9010fa6463897e5919443c72886,102,a3_middle_W2,False,42,7.522228956222534,16.73665165901184,0.8508750200271606,0.2435980588197708,7.536744475364685,0.2396010309457779,0.16298045217990875,23.082304000854492,10.489732027053833,0.5510127544403076,0.24061693251132965,17.76003360748291,0.9308059811592102,0.14858725666999817,16.3377845287323,0.8426136374473572,0.25889867544174194,0.89453125,0.4072265625,0.25685766339302063,0.09259033203125,0.43212890625,0.013824462890625,5.181337992350261,0.23840415477752686,0.1917724609375,0.006781891454011202,0.3252989649772644,0.017930395901203156,0.34734585881233215
01d0e94dc746416484c9157bbe320203,01d0e94dc746416484c9157bbe320203,104,a3_middle_W2,False,42,7.245742559432983,17.761340141296387,0.782337486743927,0.2701260447502136,11.687190532684326,0.26832884550094604,0.24181750416755676,27.288403511047363,13.073147535324097,0.45993930101394653,0.27252301573753357,18.153531551361084,0.837343156337738,0.23441052436828613,17.464873790740967,0.7705561518669128,0.2898717224597931,0.931640625,0.359375,0.3454459011554718,0.1417236328125,0.401123046875,0.0139617919921875,5.160137335459392,0.2673381268978119,0.1588134765625,0.017622316256165504,0.37402671575546265,0.015803394839167595,0.261243999004364
01d2ae479ed74c7188c270dea892cf67,01d2ae479ed74c7188c270dea892cf67,106,a3_middle_W2,False,42,7.263841390609741,14.668608903884888,0.7975845336914062,0.2694664001464844,7.546085715293884,0.2790730595588684,0.18647563457489014,24.40927743911743,9.297128915786743,0.4136444628238678,0.28690850734710693,15.065618753433228,0.87282395362854,0.18195626139640808,14.374290704727173,0.7881656289100647,0.2907443046569824,0.9296875,0.33642578125,0.27485185861587524,0.08966064453125,0.324462890625,0.007434844970703125,5.02197265625,0.25800493359565735,0.1380615234375,0.01681392453610897,0.3217664062976837,0.016671566292643547,0.34870198369026184
01eac793c4ec40c5aa6bbd09b45fc26a,01eac793c4ec40c5aa6bbd09b45fc26a,108,a3_middle_W2,False,42,7.2191550731658936,20.409908294677734,0.8356743454933167,0.3067460060119629,15.115094184875488,0.5808212161064148,0.2955548167228699,26.4949631690979,14.731200933456421,0.5436971187591553,0.595120906829834,21.309847831726074,0.8952690958976746,0.26312899589538574,20.409908294677734,0.8356743454933167,0.3067460060119629,1.0,0.36865234375,0.1259428858757019,0.09295654296875,0.278564453125,0.0077056884765625,4.833284854888916,0.2657684087753296,0.1343994140625,0.011347172781825066,0.07455944269895554,0.0024700111243873835,0.23712001740932465
01f1cc659cb847a4a7366b84844641c2,01f1cc659cb847a4a7366b84844641c2,110,a3_middle_W2,False,42,7.296536445617676,15.811128616333008,0.789046585559845,0.28711262345314026,8.223211169242859,0.19336165487766266,0.1783551573753357,22.29027032852173,0.0,0.0,0.19336165487766266,16.744158267974854,0.8831081986427307,0.16910016536712646,15.47980785369873,0.7775009870529175,0.2928037941455841,0.91796875,0.34765625,0.42192021012306213,0.06658935546875,0.53271484375,0.0283355712890625,5.694848855336507,0.2981661558151245,0.2286376953125,0.03262757137417793,0.7028506398200989,0.06180141121149063,0.3846372365951538
01f376bb2b5a4860a53914dbf66d4ac0,01f376bb2b5a4860a53914dbf66d4ac0,112,a3_middle_W2,False,42,7.202693939208984,17.567098140716553,0.8477563261985779,0.2536957859992981,9.475792050361633,0.34905341267585754,0.16247591376304626,22.93548345565796,10.910590887069702,0.43974828720092773,0.36249831318855286,18.857460021972656,0.9313392639160156,0.1430431604385376,17.31779456138611,0.8425185680389404,0.2666557729244232,0.9309895833333334,0.3759765625,0.29393818974494934,0.07574462890625,0.366943359375,0.0116119384765625,5.231846650441487,0.2516830861568451,0.1781005859375,0.03800944238901138,0.28732842206954956,0.015530867502093315,0.30479860305786133
01f64ccc5e5049e29c3e8be0aaf31bd5,01f64ccc5e5049e29c3e8be0aaf31bd5,114,a3_middle_W2,False,42,7.343048572540283,16.45033359527588,0.838588535785675,0.2578892707824707,7.445695996284485,0.18000000715255737,0.14164617657661438,19.88791823387146,8.691872358322144,0.3471613824367523,0.18725818395614624,18.816823959350586,0.94203120470047,0.1343766748905182,16.45033359527588,0.838588535785675,0.2578892707824707,1.0,0.37646484375,0.3876352310180664,0.05828857421875,0.58935546875,0.0204925537109375,5.534848531087239,0.27226588129997253,0.2357177734375,0.006726522464305162,0.8206294775009155,0.053535133600234985,0.4711495637893677
01f74014d40f436e91fbf60e7f688057,01f74014d40f436e91fbf60e7f688057,116,a3_middle_W2,False,42,7.414241790771484,20.032365322113037,0.8540525436401367,0.2307543158531189,12.600924968719482,0.4544166624546051,0.1635989248752594,24.383981227874756,14.520901441574097,0.5652310252189636,0.4670316278934479,21.721274852752686,0.9321476817131042,0.15756118297576904,19.74060297012329,0.8477450609207153,0.2443261444568634,0.9166666666666666,0.35986328125,0.17078302800655365,0.08953857421875,0.3828125,0.0125579833984375,5.312295754750569,0.27174192667007446,0.16845703125,0.009523018263280392,0.15844257175922394,0.006076503079384565,0.2623288929462433
01fbee27f8f74a1eaf7e613de5cb78ee,01fbee27f8f74a1eaf7e613de5cb78ee,118,a3_middle_W2,False,42,7.271574020385742,18.457196950912476,0.8487061858177185,0.2353861778974533,9.98178780078888,0.2887919545173645,0.1572241187095642,22.955548763275146,11.838463544845581,0.49622076749801636,0.29795289039611816,20.13655424118042,0.9308311939239502,0.145382359623909,18.36814522743225,0.8468271493911743,0.23911058902740479,0.9739583333333334,0.40234375,0.3929291367530823,0.0751953125,0.42041015625,0.017181396484375,5.265163421630859,0.28118962049484253,0.180908203125,0.02700825221836567,0.5373036861419678,0.03518502414226532,0.2906174659729004
0200b7f6eb574385ace14b2d03502ec2,0200b7f6eb574385ace14b2d03502ec2,120,a3_middle_W2,False,42,7.22461462020874,19.72295641899109,0.8264802098274231,0.2589082419872284,12.978959083557129,0.19207653403282166,0.09502093493938446,21.310482025146484,12.70896315574646,0.3581940829753876,0.2267221361398697,24.173500537872314,0.9513049721717834,0.12243008613586426,19.31117296218872,0.8131929636001587,0.28213369846343994,0.876953125,0.26513671875,0.3695923089981079,0.08453369140625,0.5908203125,0.036712646484375,5.464649200439453,0.35967084765434265,0.1981201171875,0.00945445615798235,0.5277361869812012,0.02295987494289875,0.357093870639801
02097b72cb764df79f0188df985014a5,02097b72cb764df79f0188df985014a5,122,a3_middle_W2,False,42,7.162158489227295,17.211533784866333,0.8225398659706116,0.30194559693336487,10.91334342956543,0.41161900758743286,0.247029110789299,24.884893894195557,12.012088298797607,0.5117690563201904,0.4243248403072357,17.8476881980896,0.891226053237915,0.25161805748939514,17.164775133132935,0.8214354515075684,0.3092915415763855,0.98828125,0.328125,0.26860538125038147,0.07025146484375,0.247802734375,0.00714111328125,4.482072989145915,0.2650032043457031,0.09466552734375,0.007708159275352955,0.27274951338768005,0.017004065215587616,0.2589898705482483
0214176d73af485287532957baf9888b,0214176d73af485287532957baf9888b,124,a3_middle_W2,False,42,7.133020877838135,15.178993940353394,0.8043962121009827,0.28339171409606934,7.902286648750305,0.1660943180322647,0.19965265691280365,24.006872177124023,12.098315954208374,0.41685283184051514,0.16559691727161407,15.68088412284851,0.8838745951652527,0.1807764768600464,14.947760105133057,0.7973716259002686,0.29494354128837585,0.9427083333333334,0.33740234375,0.33335942029953003,0.116455078125,0.3359375,0.00977325439453125,5.099942048390706,0.284673273563385,0.1383056640625,0.1426522582769394,0.2782982885837555,0.01673910953104496,0.32116836309432983
0219f955d31b4907b5eeb6a345a47eb2,0219f955d31b4907b5eeb6a345a47eb2,126,a3_middle_W2,False,42,7.339135408401489,20.44847011566162,0.8096737265586853,0.3695160150527954,12.517141103744507,0.3574330806732178,0.16838616132736206,22.757978439331055,15.40408730506897,0.44954752922058105,0.42771533131599426,23.863201141357422,0.9528236389160156,0.1770278662443161,20.34618616104126,0.8044852614402771,0.37955576181411743,0.953125,0.27880859375,0.24759462475776672,0.0908203125,0.28076171875,0.00792694091796875,4.674712022145589,0.3690555691719055,0.1510009765625,0.03074072115123272,0.3423548638820648,0.03724195808172226,0.372730553150177
0222f2054a72477a9af17694d4ab1a9e,0222f2054a72477a9af17694d4ab1a9e,128,a3_middle_W2,False,42,7.244519472122192,19.307126998901367,0.7824073433876038,0.316758930683136,13.422075510025024,0.2939918339252472,0.2540084719657898,21.54367685317993,13.6766517162323,0.43416374921798706,0.3220946490764618,22.532694339752197,0.9198293685913086,0.2082718014717102,19.198691844940186,0.778164267539978,0.3301623463630676,0.97265625,0.31640625,0.27026644349098206,0.09320068359375,0.403076171875,0.020050048828125,5.3652693430582685,0.32854458689689636,0.17333984375,0.028689704835414886,0.3418758809566498,0.0207379087805748,0.3176649510860443
022a46a47f70497badb519b86f7d0dfa,022a46a47f70497badb519b86f7d0dfa,130,a3_middle_W2,False,42,7.216964244842529,15.98396897315979,0.7596844434738159,0.32425743341445923,12.096189260482788,0.5360134243965149,0.29851192235946655,29.04628038406372,12.301877737045288,0.479399710893631,0.5478835105895996,16.11546039581299,0.8023853898048401,0.2888251543045044,15.98396897315979,0.7596844434738159,0.32425743341445923,1.0,0.32666015625,0.16655215620994568,0.1142578125,0.224609375,0.004940032958984375,4.1317689418792725,0.27981260418891907,0.08935546875,0.03922906517982483,0.13191838562488556,0.0029391462448984385,0.27322933077812195
023d8f2444234e6185ca713309cfeb99,023d8f2444234e6185ca713309cfeb99,132,a3_middle_W2,False,42,7.309930086135864,17.70166277885437,0.783130943775177,0.2236674726009369,12.020566463470459,0.3476018011569977,0.21854132413864136,25.936241149902344,11.458014249801636,0.4286368191242218,0.3549552261829376,18.228306770324707,0.8385028839111328,0.1994200050830841,17.366206645965576,0.7692389488220215,0.23892687261104584,0.91796875,0.39794921875,0.2772725522518158,0.146728515625,0.320068359375,0.01013946533203125,4.7300130526224775,0.2844715714454651,0.131103515625,0.08428236842155457,0.3390648066997528,0.017768239602446556,0.3111414313316345
024a0d26f2ab4be8bacf86127e23e6aa,024a0d26f2ab4be8bacf86127e23e6aa,134,a3_middle_W2,False,42,7.277381420135498,16.633126735687256,0.7853600382804871,0.25421392917633057,10.10757327079773,0.2055179327726364,0.18320327997207642,21.761815547943115,9.881349205970764,0.35071757435798645,0.21283257007598877,17.918407917022705,0.8714528679847717,0.16275595128536224,16.633126735687256,0.7853600382804871,0.25421392917633057,1.0,0.41552734375,0.34349751472473145,0.1287841796875,0.4638671875,0.0232086181640625,5.388278166453044,0.2879811227321625,0.184814453125,0.07143208384513855,0.4859943687915802,0.03166334331035614,0.3804802894592285
025784ce00f14da9bcfe44013eb2289c,025784ce00f14da9bcfe44013eb2289c,136,a3_middle_W2,False,42,7.309723615646362,15.955854654312134,0.8069595694541931,0.2562362849712372,7.824029922485352,0.10475630313158035,0.20527756214141846,23.73636484146118,9.701273441314697,0.531871497631073,0.09565573185682297,16.635100841522217,0.8795786499977112,0.1931198090314865,15.54697871208191,0.793857991695404,0.27226701378822327,0.8971354166666666,0.451904296875,0.4041217863559723,0.12310791015625,0.409912109375,0.01216888427734375,5.282210350036621,0.25025486946105957,0.1807861328125,0.0054372879676520824,1.14113187789917,0.1423153430223465,0.3813828229904175
