bg_psnr,bgwhite_lpips,bgwhite_psnr,bgwhite_ssim,condition,crop_area,crop_lpips,crop_psnr,crop_ssim,edge_fscore,edge_psnr,edge_ssim,elapsed_seconds,fg_brightness_std,fg_color_entropy,fg_grad_mag,fg_hf_energy,fg_lap_var,fg_lpips,fg_mask_corr,fg_psnr,fg_rgb_std,fg_ssim,full_lpips,full_psnr,full_ssim,gt_fg_grad_mag,gt_fg_hf_energy,gt_fg_lap_var,gt_fg_rgb_std,nef_ssim,object,object_idx,object_uid,seed_base,uncapped
25.606989860534668,0.14394687116146088,22.96576499938965,0.938157856464386,boundary_late_onset_40_20_40,1.0,0.18975983560085297,21.28499984741211,0.8700594305992126,0.15454502403736115,15.309933423995972,0.5757865905761719,6.86412787437439,0.131591796875,4.835147062937419,0.302978515625,0.2629810571670532,0.006183624267578125,0.14621959626674652,0.32373046875,14.16685700416565,0.0792236328125,0.5468991994857788,0.18975983560085297,21.28499984741211,0.8700594305992126,0.1084023118019104,0.2531610131263733,0.0024017728865146637,0.009085068479180336,0.5687686800956726,00001ec0d78549e1b8c2083a06105c29,0,00001ec0d78549e1b8c2083a06105c29,42,False
20.991744995117188,0.11238034814596176,21.53146982192993,0.9424578547477722,boundary_late_onset_40_20_40,0.9817708333333334,0.21316580474376678,18.377631902694702,0.844496488571167,0.4003218114376068,11.015883684158325,0.39116737246513367,6.861391067504883,0.1934814453125,5.5395433108011884,0.51220703125,0.27689117193222046,0.0193023681640625,0.1346224844455719,0.34375,10.406030416488647,0.0804443359375,0.22576414048671722,0.2128598392009735,18.424652814865112,0.8457372784614563,0.6569555997848511,0.3682761788368225,0.03594867140054703,0.033697664737701416,0.23933449387550354,0005df571e71437991594d0affec9c2b,2,0005df571e71437991594d0affec9c2b,42,False
25.67185640335083,0.2164328247308731,25.341176986694336,0.925126850605011,boundary_late_onset_40_20_40,0.9401041666666666,0.28829964995384216,22.708253860473633,0.8465717434883118,0.22038860619068146,17.693132162094116,0.5442225933074951,6.991689682006836,0.09320068359375,4.437717437744141,0.2392578125,0.24345356225967407,0.004291534423828125,0.19738683104515076,0.265625,17.651853561401367,0.088623046875,0.5445013046264648,0.27290505170822144,22.864086627960205,0.8514260053634644,0.1527269333600998,0.2202710509300232,0.00479090167209506,0.009649482555687428,0.5765385031700134,000d1c5d169f4fda93a32f2eaeac80d8,4,000d1c5d169f4fda93a32f2eaeac80d8,42,False
22.215194702148438,0.12895578145980835,18.66343379020691,0.9245690107345581,boundary_late_onset_40_20_40,0.8984375,0.1888047158718109,16.875497102737427,0.8396797776222229,0.34716835618019104,10.509872436523438,0.5136587023735046,6.8750433921813965,0.1524658203125,5.186829408009847,0.38623046875,0.28502732515335083,0.01396942138671875,0.13811273872852325,0.39501953125,8.866726160049438,0.10888671875,0.2548532783985138,0.17999328672885895,17.21726417541504,0.8478767275810242,0.38763725757598877,0.32786858081817627,0.02360355854034424,0.09070352464914322,0.25444725155830383,0013d88f17a245b0bff5ebe713bd72ab,6,0013d88f17a245b0bff5ebe713bd72ab,42,False
27.7402925491333,0.21005629003047943,21.85244083404541,0.8891695141792297,boundary_late_onset_40_20_40,1.0,0.25840821862220764,21.12290620803833,0.8345769047737122,0.12746088206768036,15.943324565887451,0.49190473556518555,6.749512195587158,0.08074951171875,3.930838187535604,0.17919921875,0.27062538266181946,0.003223419189453125,0.21197207272052765,0.27490234375,16.481913328170776,0.057952880859375,0.6037209033966064,0.25840821862220764,21.12290620803833,0.8345769047737122,0.13449816405773163,0.26259180903434753,0.0045552123337984085,0.00985232274979353,0.6250030398368835,001e6d1b655542b48dbe00f3a3ccc616,8,001e6d1b655542b48dbe00f3a3ccc616,42,False
23.867597579956055,0.11751105636358261,20.579774379730225,0.9159743189811707,boundary_late_onset_40_20_40,0.9244791666666666,0.18242941796779633,18.833143711090088,0.8330755829811096,0.30483514070510864,13.124074935913086,0.5173154473304749,7.205387353897095,0.1270751953125,4.833016395568848,0.30029296875,0.285125195980072,0.01244354248046875,0.13977782428264618,0.302734375,11.32772445678711,0.08349609375,0.28145864605903625,0.17102617025375366,19.077346324920654,0.8396725058555603,0.4532471001148224,0.3245859742164612,0.023680701851844788,0.02945523150265217,0.28219929337501526,0029e901155f414696aa6b470cbe40d4,10,0029e901155f414696aa6b470cbe40d4,42,False
23.736262321472168,0.12971819937229156,18.883886337280273,0.8787673115730286,boundary_late_onset_40_20_40,0.96484375,0.17746174335479736,17.718442678451538,0.805648684501648,0.31390365958213806,12.296022176742554,0.4647035002708435,6.888926029205322,0.11468505859375,4.602917353312175,0.283935546875,0.2655293643474579,0.006603240966796875,0.13834431767463684,0.3271484375,11.269938945770264,0.134033203125,0.32131898403167725,0.16707849502563477,17.844176292419434,0.8097372651100159,0.49198856949806213,0.2796430289745331,0.022083323448896408,0.11663054674863815,0.3269976079463959,003245510e8f4bcb98f1794348606f68,12,003245510e8f4bcb98f1794348606f68,42,False
23.0431866645813,0.19461339712142944,18.401256799697876,0.9166462421417236,boundary_late_onset_40_20_40,0.8359375,0.2928471565246582,16.616063117980957,0.8165488839149475,0.3576947748661041,10.400779247283936,0.4577805995941162,6.903158903121948,0.148681640625,4.987486044565837,0.355224609375,0.2691290080547333,0.01273345947265625,0.19596050679683685,0.35888671875,9.38658356666565,0.132080078125,0.39726918935775757,0.24712783098220825,17.260756492614746,0.8340343832969666,0.4287719130516052,0.3191225826740265,0.02413364127278328,0.16995279490947723,0.4286486506462097,0047b3f31cc844d2bfe8e59820b87312,14,0047b3f31cc844d2bfe8e59820b87312,42,False
23.88331890106201,0.07191634178161621,25.51788568496704,0.9641649723052979,boundary_late_onset_40_20_40,0.8124135335286459,0.15099474787712097,21.176457405090332,0.8725413680076599,0.3166080713272095,12.541425228118896,0.5362562537193298,7.107135534286499,0.1976318359375,5.415241082509358,0.52001953125,0.29857900738716125,0.020294189453125,0.08485554158687592,0.3955078125,12.925349473953247,0.11810302734375,0.36561259627342224,0.13022832572460175,21.757986545562744,0.8829094767570496,0.38181453943252563,0.3049885928630829,0.019774112850427628,0.19239431619644165,0.3812420964241028,004a33ffd2654583822bdd2eed1241ba,16,004a33ffd2654583822bdd2eed1241ba,42,False
20.611965656280518,0.1450548768043518,17.330597639083862,0.9306808114051819,boundary_late_onset_40_20_40,0.9453125,0.2434384673833847,15.564700365066528,0.827040433883667,0.49362820386886597,7.5675225257873535,0.3155672252178192,7.087388753890991,0.201171875,5.438548723856608,0.5517578125,0.2667516767978668,0.027191162109375,0.1686413288116455,0.3212890625,6.390355825424194,0.103515625,0.1354198157787323,0.2359338253736496,15.771423578262329,0.8323181867599487,1.2398134469985962,0.38893213868141174,0.08712414652109146,0.02941145934164524,0.13743673264980316,00519a09c83e410f9734b3cfe8bcb604,18,00519a09c83e410f9734b3cfe8bcb604,42,False
24.573369026184082,0.257587194442749,11.894820928573608,0.7732834219932556,boundary_late_onset_40_20_40,1.0,0.29343166947364807,11.724740266799927,0.7167347073554993,0.18059448897838593,7.5176990032196045,0.33748888969421387,7.054591655731201,0.12493896484375,4.808366298675537,0.312744140625,0.27105292677879333,0.0096893310546875,0.2702772915363312,0.3955078125,6.043782830238342,0.118896484375,0.11760176718235016,0.29343166947364807,11.724740266799927,0.7167347073554993,0.2131105214357376,0.46295589208602905,0.013756630942225456,0.021808508783578873,0.11644044518470764,005c0d7ccf7749f99a4cc8e88bda073d,20,005c0d7ccf7749f99a4cc8e88bda073d,42,False
27.538650035858154,0.2842445373535156,18.39872121810913,0.7801102995872498,boundary_late_onset_40_20_40,0.98046875,0.31111130118370056,17.992308139801025,0.7294087409973145,0.22796368598937988,13.274322748184204,0.5317856073379517,6.992210865020752,0.07513427734375,3.7985599835713706,0.2288818359375,0.25110360980033875,0.0047760009765625,0.3197037875652313,0.34619140625,13.952664136886597,0.107421875,0.39719489216804504,0.3085775673389435,18.07209849357605,0.7333527207374573,0.27988678216934204,0.29922911524772644,0.009751050733029842,0.023161092773079872,0.4012700617313385,006ce7ce9e1b45558fe805882a705991,22,006ce7ce9e1b45558fe805882a705991,42,False
21.684930324554443,0.08554265648126602,22.069404125213623,0.9382097721099854,boundary_late_onset_40_20_40,0.7890625,0.20082667469978333,18.571453094482422,0.839176595211029,0.35584312677383423,11.454341411590576,0.49253809452056885,6.855856657028198,0.154296875,5.066780090332031,0.380615234375,0.31178897619247437,0.01483917236328125,0.1021004393696785,0.439697265625,11.42508864402771,0.087646484375,0.2798210382461548,0.18637780845165253,19.06263828277588,0.8551672101020813,0.45801812410354614,0.3428345024585724,0.024237878620624542,0.022631393745541573,0.28595641255378723,00713006ea594a598ad966c5b36c7922,24,00713006ea594a598ad966c5b36c7922,42,False
24.430394172668457,0.1650926172733307,20.471277236938477,0.9383095502853394,boundary_late_onset_40_20_40,0.8558400472005209,0.244728684425354,18.668701648712158,0.8634366393089294,0.22905674576759338,12.611734867095947,0.5384032726287842,6.862818479537964,0.11370849609375,4.450517654418945,0.2490234375,0.25474923849105835,0.007045745849609375,0.19217854738235474,0.322265625,12.091706991195679,0.1226806640625,0.5330842137336731,0.212788388133049,19.18886661529541,0.8727280497550964,0.13258077204227448,0.24158626794815063,0.007029173895716667,0.017051301896572113,0.5506991744041443,007ced0c381749a394866f5fa71fd303,26,007ced0c381749a394866f5fa71fd303,42,False
28.171513080596924,0.4757481813430786,10.665736198425293,0.6808269619941711,boundary_late_onset_40_20_40,1.0,0.48538219928741455,10.61665654182434,0.6366920471191406,0.2647227644920349,7.951586842536926,0.340446412563324,6.731673002243042,0.1400146484375,5.010939757029216,0.32763671875,0.278902143239975,0.00926971435546875,0.45465272665023804,0.3994140625,6.229350566864014,0.11773681640625,0.14018914103507996,0.48538219928741455,10.61665654182434,0.6366920471191406,0.5532288551330566,0.31234049797058105,0.05753425508737564,0.001302429591305554,0.14162015914916992,008f8f5241b947f29838e2a780e3790a,28,008f8f5241b947f29838e2a780e3790a,42,False
20.463378429412842,0.10451991856098175,21.189236640930176,0.9367297291755676,boundary_late_onset_40_20_40,0.96484375,0.20244647562503815,17.972503900527954,0.8442108035087585,0.3179621994495392,11.233748197555542,0.47767576575279236,7.150493621826172,0.1719970703125,5.380356311798096,0.444580078125,0.2857864499092102,0.0145721435546875,0.1387208104133606,0.4140625,11.281834840774536,0.0888671875,0.3414493799209595,0.2004341185092926,18.04808735847473,0.8465511798858643,0.3695666790008545,0.37207168340682983,0.019327694550156593,0.024133440107107162,0.3503562808036804,00a1a602456f4eb188b522d7ef19e81b,30,00a1a602456f4eb188b522d7ef19e81b,42,False
25.660598278045654,0.18804390728473663,23.37620973587036,0.9167829155921936,boundary_late_onset_40_20_40,0.8968505859375,0.2439306080341339,21.278131008148193,0.8405892252922058,0.21514450013637543,14.48626160621643,0.5142324566841125,7.0727314949035645,0.116455078125,4.630402723948161,0.297607421875,0.27061453461647034,0.0080718994140625,0.20018619298934937,0.3134765625,15.63158392906189,0.1077880859375,0.5042392611503601,0.22845005989074707,21.639599800109863,0.8497405648231506,0.15671531856060028,0.2482513040304184,0.005040768533945084,0.04703126847743988,0.5233981609344482,00a38a2327cd41b885d6ebbb6ac0a91c,32,00a38a2327cd41b885d6ebbb6ac0a91c,42,False
23.416526317596436,0.15270346403121948,19.67586040496826,0.9341890811920166,boundary_late_onset_40_20_40,0.9700520833333334,0.23335251212120056,18.18069338798523,0.8516321182250977,0.2526606321334839,10.931466817855835,0.44773784279823303,7.0864098072052,0.180908203125,5.3856307665507,0.395263671875,0.25727877020835876,0.01055145263671875,0.18290886282920837,0.35009765625,9.831145405769348,0.07830810546875,0.3191274404525757,0.22504033148288727,18.28083038330078,0.8537281155586243,0.3432779312133789,0.31007978320121765,0.01624416932463646,0.060670509934425354,0.33718258142471313,00a776f578304cce8c096fc0034582ef,34,00a776f578304cce8c096fc0034582ef,42,False
24.050376415252686,0.14919161796569824,18.889281749725342,0.8938654065132141,boundary_late_onset_40_20_40,0.98828125,0.20185768604278564,17.84916639328003,0.8231032490730286,0.2749306261539459,10.914404392242432,0.44716140627861023,7.01667332649231,0.1458740234375,4.9245805740356445,0.3515625,0.2709949016571045,0.01157379150390625,0.18172310292720795,0.4150390625,10.697836875915527,0.1328125,0.3178645372390747,0.1977394074201584,17.89074420928955,0.8242961168289185,0.34255844354629517,0.3347029387950897,0.01749195158481598,0.12282298505306244,0.32194843888282776,00a9925ae746466b91ce457c67bef43f,36,00a9925ae746466b91ce457c67bef43f,42,False
24.582769870758057,0.1300782561302185,22.245969772338867,0.9310680031776428,boundary_late_onset_40_20_40,1.0,0.17153048515319824,20.535783767700195,0.8670483231544495,0.2343723326921463,14.173893928527832,0.5594517588615417,6.732680559158325,0.08599853515625,4.087025960286458,0.1873779296875,0.26792895793914795,0.004261016845703125,0.17541803419589996,0.3037109375,14.638587236404419,0.09033203125,0.5774666666984558,0.17153048515319824,20.535783767700195,0.8670483231544495,0.17331139743328094,0.2752402424812317,0.004515175707638264,0.004599824082106352,0.5974879264831543,00bc54b70fea4c94bf54bdb4d041522c,38,00bc54b70fea4c94bf54bdb4d041522c,42,False
24.433486461639404,0.13319377601146698,16.25165104866028,0.8703979849815369,boundary_late_onset_40_20_40,0.921875,0.19449830055236816,15.406780242919922,0.7853085398674011,0.33282986283302307,10.890798568725586,0.4525758922100067,6.781460762023926,0.11712646484375,4.532716751098633,0.2763671875,0.30164918303489685,0.01007843017578125,0.16403894126415253,0.33544921875,8.14773142337799,0.12017822265625,0.1471870094537735,0.18192920088768005,15.726747512817383,0.7961965203285217,0.6878505349159241,0.38058775663375854,0.049280796200037,0.03020382672548294,0.13867352902889252,00c01670fa9545fc82e1fbfb9f70a259,40,00c01670fa9545fc82e1fbfb9f70a259,42,False
27.450687885284424,0.15904009342193604,23.678476810455322,0.9197075366973877,boundary_late_onset_40_20_40,0.9921875,0.2024977058172226,22.380359172821045,0.859775960445404,0.16707472503185272,16.63819193840027,0.5760462284088135,6.700416803359985,0.10614013671875,4.123040437698364,0.2073974609375,0.2618167996406555,0.004913330078125,0.15649265050888062,0.31103515625,16.468275785446167,0.06536865234375,0.5805243253707886,0.19740107655525208,22.408108711242676,0.8603315353393555,0.13563916087150574,0.2506842613220215,0.002862381748855114,0.009828873910009861,0.5975986123085022,00c5fc33cf54446093cca570c2ac5db0,42,00c5fc33cf54446093cca570c2ac5db0,42,False
24.240870475769043,0.09808584302663803,24.44878339767456,0.9564175009727478,boundary_late_onset_40_20_40,0.8396759033203125,0.19962558150291443,21.180291175842285,0.8641599416732788,0.2348082959651947,14.6123206615448,0.5569458603858948,6.9806647300720215,0.10498046875,4.606655756632487,0.2371826171875,0.3009158968925476,0.007411956787109375,0.10433531552553177,0.275390625,14.127899408340454,0.09423828125,0.5070509910583496,0.18367336690425873,21.544861793518066,0.8727207779884338,0.22947284579277039,0.31750527024269104,0.019062278792262077,0.021616846323013306,0.5333048105239868,00d319b11c2c41c6b9a36287abf6922e,44,00d319b11c2c41c6b9a36287abf6922e,42,False
24.337453842163086,0.11973068118095398,24.43467617034912,0.9442054033279419,boundary_late_onset_40_20_40,1.0,0.1969626545906067,21.585979461669922,0.8581739068031311,0.2729533612728119,14.39842939376831,0.46129295229911804,6.822074890136719,0.154541015625,5.193860054016113,0.3818359375,0.2784070074558258,0.01165008544921875,0.1271556168794632,0.2890625,14.146251678466797,0.04669189453125,0.36002933979034424,0.1969626545906067,21.585979461669922,0.8581739068031311,0.3230407238006592,0.28307273983955383,0.013491267338395119,0.020556636154651642,0.3852006494998932,00da1beacd7e456f81bcdd0343048166,46,00da1beacd7e456f81bcdd0343048166,42,False
22.091028690338135,0.11972656846046448,24.85682964324951,0.974410891532898,boundary_late_onset_40_20_40,0.8919270833333334,0.28994596004486084,20.17329454421997,0.8626366853713989,0.31693097949028015,16.29225492477417,0.5572441816329956,7.107706069946289,0.2047119140625,5.562189102172852,0.53125,0.3683583736419678,0.01348114013671875,0.10405922681093216,0.3818359375,10.029189586639404,0.05517578125,0.29887035489082336,0.26995593309402466,20.3415584564209,0.8684277534484863,0.37843799591064453,0.433939129114151,0.023469815030694008,0.13103176653385162,0.3205901086330414,00ddbd37e24c43569cb77919361bfaa9,48,00ddbd37e24c43569cb77919361bfaa9,42,False
26.744074821472168,0.26197636127471924,14.357521533966064,0.8200220465660095,boundary_late_onset_40_20_40,0.9518229166666666,0.29950088262557983,13.960834741592407,0.7621982097625732,0.29194319248199463,8.278496265411377,0.4699363112449646,6.931673526763916,0.10986328125,4.54360310236613,0.266845703125,0.21428251266479492,0.004974365234375,0.26572903990745544,0.3525390625,7.692709565162659,0.107666015625,0.1510515958070755,0.28316593170166016,14.165189266204834,0.7706152200698853,0.8144341111183167,0.298021137714386,0.049803949892520905,0.02327284961938858,0.14999207854270935,00ea067d2d0d4e5abbe36abcdd2117b9,50,00ea067d2d0d4e5abbe36abcdd2117b9,42,False
21.928117275238037,0.13086071610450745,19.910444021224976,0.928726315498352,boundary_late_onset_40_20_40,0.83203125,0.2440127581357956,17.35068440437317,0.8191560506820679,0.4459134042263031,10.818334817886353,0.38797447085380554,7.216376543045044,0.2249755859375,5.661293824513753,0.53662109375,0.28423744440078735,0.022857666015625,0.14122958481311798,0.37890625,9.460049867630005,0.07330322265625,0.202475443482399,0.22507379949092865,17.946622371673584,0.836170494556427,0.7025613188743591,0.3195008635520935,0.0584743358194828,0.07459582388401031,0.2051933854818344,00ef198a19a8403d903dbfa7cfaaf9bd,52,00ef198a19a8403d903dbfa7cfaaf9bd,42,False
23.32646131515503,0.08989065140485764,23.678524494171143,0.9618109464645386,boundary_late_onset_40_20_40,0.802734375,0.16874238848686218,20.061452388763428,0.8674169182777405,0.3683324158191681,12.251896858215332,0.5372980237007141,7.015421152114868,0.1641845703125,5.266562302907308,0.38427734375,0.26534414291381836,0.01236724853515625,0.11165004223585129,0.37451171875,11.568931341171265,0.0645751953125,0.3640857934951782,0.15123887360095978,20.6299090385437,0.8780620098114014,0.42542922496795654,0.28770577907562256,0.02239161729812622,0.05308559909462929,0.3674964904785156,00fa05ae10834647a8bf00c5a5a899a1,54,00fa05ae10834647a8bf00c5a5a899a1,42,False
26.674282550811768,0.20037564635276794,15.603278875350952,0.8990160822868347,boundary_late_onset_40_20_40,0.8502960205078125,0.2591029405593872,14.670653343200684,0.8280375599861145,0.22436027228832245,10.124146938323975,0.5419186353683472,6.719753265380859,0.1043701171875,4.1997073491414385,0.234130859375,0.2479553371667862,0.006412506103515625,0.20597311854362488,0.2998046875,8.182926774024963,0.11419677734375,0.44568151235580444,0.23110857605934143,15.333898067474365,0.8437466621398926,0.1634037047624588,0.26208803057670593,0.0067988005466759205,0.032156363129615784,0.45746999979019165,00fadd5980ed4228bc28217eb11c5d27,56,00fadd5980ed4228bc28217eb11c5d27,42,False
25.563197135925293,0.12047349661588669,24.175050258636475,0.9450281262397766,boundary_late_onset_40_20_40,0.7890625,0.17336848378181458,21.34826898574829,0.8595908880233765,0.24644668400287628,14.711060523986816,0.557732105255127,6.876819610595703,0.118896484375,4.074120203653972,0.253173828125,0.27195683121681213,0.0087127685546875,0.12923111021518707,0.36767578125,14.87553596496582,0.06500244140625,0.5377444624900818,0.1512700617313385,22.02380657196045,0.8737179040908813,0.2231033593416214,0.24726100265979767,0.004862974863499403,0.010958591476082802,0.5568878650665283,00fe064ec39f4f42a8301f6699c37455,58,00fe064ec39f4f42a8301f6699c37455,42,False
31.916086673736572,0.4924454092979431,13.50710391998291,0.781511664390564,boundary_late_onset_40_20_40,0.9765625,0.5055862069129944,13.368769884109497,0.7415518760681152,0.15710289776325226,10.175867080688477,0.4399034082889557,6.871663808822632,0.08233642578125,4.049699306488037,0.2313232421875,0.25438302755355835,0.0048370361328125,0.5002293586730957,0.30224609375,9.842947125434875,0.08563232421875,0.5079075694084167,0.5063971877098083,13.471548557281494,0.7463873028755188,0.05888031795620918,0.16052481532096863,0.00240831496194005,0.21522638201713562,0.5168025493621826,01052f325d2a4422bf1dea6567d78347,60,01052f325d2a4422bf1dea6567d78347,42,False
22.76448965072632,0.13701747357845306,21.751301288604736,0.943457305431366,boundary_late_onset_40_20_40,0.9375,0.21796222031116486,19.19841170310974,0.8527681827545166,0.35751259326934814,11.959669589996338,0.46102792024612427,7.018063545227051,0.2052001953125,5.500969886779785,0.50048828125,0.3076566159725189,0.024627685546875,0.14807091653347015,0.41796875,10.788094997406006,0.06378173828125,0.3222239315509796,0.20820772647857666,19.37465786933899,0.857035756111145,0.45817461609840393,0.3147450089454651,0.0270648505538702,0.03506495803594589,0.34278300404548645,0118607beaed4571b94615a611bab570,62,0118607beaed4571b94615a611bab570,42,False
22.537546157836914,0.21919944882392883,14.414011240005493,0.8129849433898926,boundary_late_onset_40_20_40,0.96484375,0.27961650490760803,13.77687692642212,0.7313636541366577,0.36568209528923035,9.029102325439453,0.2656760513782501,6.951653242111206,0.1683349609375,5.263186454772949,0.38525390625,0.28201261162757874,0.0127716064453125,0.25295352935791016,0.3837890625,7.892839312553406,0.087890625,0.15137790143489838,0.26700639724731445,13.92289400100708,0.7383347749710083,0.6181924939155579,0.4063955843448639,0.05857798829674721,0.02676786482334137,0.15421059727668762,011e8dd9d04e4257b4c094b9cf279280,64,011e8dd9d04e4257b4c094b9cf279280,42,False
23.153364658355713,0.21145141124725342,19.352269172668457,0.8540826439857483,boundary_late_onset_40_20_40,1.0,0.2528780698776245,18.129032850265503,0.7827311754226685,0.2484188973903656,13.62942099571228,0.4283939003944397,6.968200445175171,0.11138916015625,4.779860019683838,0.272216796875,0.3034890592098236,0.0096588134765625,0.22795772552490234,0.31982421875,12.764506340026855,0.087890625,0.32778915762901306,0.2528780698776245,18.129032850265503,0.7827311754226685,0.39235273003578186,0.3002239465713501,0.016973724588751793,0.016576319932937622,0.33512330055236816,0123ecfeeaf14efc8183597f2099e925,66,0123ecfeeaf14efc8183597f2099e925,42,False
21.188459396362305,0.09645789861679077,25.229651927947998,0.9778340458869934,boundary_late_onset_40_20_40,0.9348958333333334,0.21621134877204895,19.718825817108154,0.882247269153595,0.4865177869796753,11.363402605056763,0.48549601435661316,6.903298854827881,0.2330322265625,5.582369486490886,0.6279296875,0.3096374273300171,0.0246734619140625,0.10737501829862595,0.400390625,9.745168685913086,0.057220458984375,0.22345983982086182,0.20649756491184235,19.833747148513794,0.8844332098960876,0.8116757273674011,0.3692275881767273,0.0583917610347271,0.09265840798616409,0.21859878301620483,012989686a534d73bd7989501e713630,68,012989686a534d73bd7989501e713630,42,False
21.683197021484375,0.15922096371650696,19.643683433532715,0.8764572143554688,boundary_late_onset_40_20_40,0.8984375,0.23164868354797363,17.473130226135254,0.7833197712898254,0.35206809639930725,11.175934076309204,0.3790782690048218,7.092430591583252,0.16796875,5.144492149353027,0.41650390625,0.29673099517822266,0.018310546875,0.17885400354862213,0.4208984375,11.995296478271484,0.1383056640625,0.2715417146682739,0.20838545262813568,17.83156156539917,0.797939121723175,0.4555610418319702,0.36537185311317444,0.02551664412021637,0.104678675532341,0.28217047452926636,012c0d5217494d12881d6b089bed0232,70,012c0d5217494d12881d6b089bed0232,42,False
21.884143352508545,0.10621464252471924,18.694318532943726,0.9123401641845703,boundary_late_onset_40_20_40,0.9453125,0.22242245078086853,16.973190307617188,0.8085145354270935,0.3966982960700989,10.676295757293701,0.33642977476119995,7.345982074737549,0.1436767578125,5.166265328725179,0.400390625,0.3029134273529053,0.01094818115234375,0.13585437834262848,0.30322265625,9.47867751121521,0.09820556640625,0.23931066691875458,0.2134418934583664,17.164463996887207,0.8145094513893127,0.5627757906913757,0.36819130182266235,0.04183435067534447,0.0455230288207531,0.2574463188648224,013c9572481f47a3adb59c76a934e1e4,72,013c9572481f47a3adb59c76a934e1e4,42,False
22.111623287200928,0.11233967542648315,22.123029232025146,0.9418056607246399,boundary_late_onset_40_20_40,0.9244791666666666,0.22828972339630127,19.089421033859253,0.8468783497810364,0.42720040678977966,11.394486427307129,0.39678022265434265,7.124740839004517,0.1953125,5.589845180511475,0.51220703125,0.29961979389190674,0.015350341796875,0.1267193853855133,0.359375,10.978943109512329,0.0714111328125,0.23962031304836273,0.22897198796272278,19.277397394180298,0.8519591093063354,0.5927037596702576,0.3588092029094696,0.04880247265100479,0.021453900262713432,0.2568698227405548,0144192045784fc8906de276b4e09eaa,74,0144192045784fc8906de276b4e09eaa,42,False
26.79285764694214,0.08382009714841843,24.44871187210083,0.9581982493400574,boundary_late_onset_40_20_40,0.734375,0.14836493134498596,21.553492546081543,0.8689048290252686,0.18934451043605804,14.93950605392456,0.5907944440841675,7.0674147605896,0.1793212890625,5.422313849131267,0.4462890625,0.27288806438446045,0.01287841796875,0.0899631530046463,0.38916015625,12.639923095703125,0.0567626953125,0.36964184045791626,0.12897604703903198,22.560958862304688,0.8850688934326172,0.21421700716018677,0.26184025406837463,0.005651470273733139,0.026542291045188904,0.38031116127967834,014ca29813304ce68204fb48dc217636,76,014ca29813304ce68204fb48dc217636,42,False
22.58803367614746,0.13062918186187744,16.446183919906616,0.9061280488967896,boundary_late_onset_40_20_40,0.8997395833333334,0.19304750859737396,15.208280086517334,0.8191657066345215,0.3244239091873169,8.80903959274292,0.4236217737197876,7.000953912734985,0.1566162109375,5.175289154052734,0.38134765625,0.27312472462654114,0.01045989990234375,0.14885760843753815,0.40771484375,6.784988045692444,0.08245849609375,0.1248057633638382,0.1810036301612854,15.593876838684082,0.8295667767524719,0.38028380274772644,0.40192827582359314,0.0263522882014513,0.005236523225903511,0.12131047248840332,01531de593f3468084dab12f6515e8e1,78,01531de593f3468084dab12f6515e8e1,42,False
24.3507719039917,0.13338801264762878,21.350622177124023,0.9091614484786987,boundary_late_onset_40_20_40,0.83203125,0.1973840892314911,19.18378472328186,0.8203456997871399,0.20959267020225525,13.182357549667358,0.477212518453598,7.035965919494629,0.1639404296875,5.181657155354817,0.385986328125,0.2680870294570923,0.014007568359375,0.1545144021511078,0.37060546875,12.878971099853516,0.09637451171875,0.3347231149673462,0.17309220135211945,19.797523021697998,0.8385592103004456,0.2522280812263489,0.28533700108528137,0.009801250882446766,0.02290467731654644,0.3441052734851837,01551e922711450f92b50843d4e0f2be,80,01551e922711450f92b50843d4e0f2be,42,False
27.189910411834717,0.26710954308509827,21.275246143341064,0.8756710886955261,boundary_late_onset_40_20_40,1.0,0.29517245292663574,20.51767349243164,0.8160073161125183,0.2007981389760971,15.636262893676758,0.5022592544555664,6.865454196929932,0.1046142578125,4.451479276021321,0.266845703125,0.30840957164764404,0.007442474365234375,0.26560136675834656,0.359375,15.358710289001465,0.092041015625,0.5076971054077148,0.29517245292663574,20.51767349243164,0.8160073161125183,0.1374119520187378,0.3021756410598755,0.005476681049913168,0.009936243295669556,0.5248262882232666,0158a691a8a64bd39527c6f9e750c8ee,82,0158a691a8a64bd39527c6f9e750c8ee,42,False
24.75451946258545,0.14349398016929626,23.175299167633057,0.9349325299263,boundary_late_onset_40_20_40,0.7578125,0.21652521193027496,20.34109115600586,0.8415762782096863,0.20687374472618103,14.580590724945068,0.5663495063781738,7.043832540512085,0.1507568359375,4.952376842498779,0.342041015625,0.2734702527523041,0.01175689697265625,0.15906593203544617,0.4091796875,13.97227168083191,0.08953857421875,0.455105185508728,0.18261118233203888,21.102640628814697,0.8615037202835083,0.17954222857952118,0.2579624056816101,0.007979068905115128,0.07924040406942368,0.4653860330581665,015d02aa38e04950825ec5f8dc3d533d,84,015d02aa38e04950825ec5f8dc3d533d,42,False
23.44416618347168,0.13197746872901917,22.5229549407959,0.9519836902618408,boundary_late_onset_40_20_40,0.93359375,0.18891657888889313,19.86208438873291,0.8598249554634094,0.3117125928401947,11.627252101898193,0.46463677287101746,6.829348802566528,0.2020263671875,5.54514217376709,0.45751953125,0.2748091518878937,0.0180816650390625,0.13742691278457642,0.33251953125,11.151374578475952,0.0772705078125,0.3453086316585541,0.1815723180770874,20.092852115631104,0.8641546964645386,0.42962679266929626,0.2908174991607666,0.02581288106739521,0.04433383420109749,0.3785789906978607,016576dd30c1464f9115584748950ed2,86,016576dd30c1464f9115584748950ed2,42,False
21.57170295715332,0.10328491777181625,25.130691528320312,0.9682444334030151,boundary_late_onset_40_20_40,0.978515625,0.2396632730960846,20.098588466644287,0.8631441593170166,0.31210142374038696,12.531391382217407,0.4548801779747009,7.010664224624634,0.212158203125,5.60394271214803,0.5546875,0.35810625553131104,0.02130126953125,0.09684600681066513,0.32861328125,11.907436847686768,0.0679931640625,0.2646521329879761,0.24491609632968903,20.132036209106445,0.8638105392456055,0.3452244699001312,0.3549034297466278,0.01541717629879713,0.009221971966326237,0.2870346009731293,0169a7e8458246b1b371706f507ec511,88,0169a7e8458246b1b371706f507ec511,42,False
24.563584327697754,0.11613181233406067,20.228595733642578,0.9304121732711792,boundary_late_onset_40_20_40,0.89453125,0.16632534563541412,18.62251043319702,0.8533732295036316,0.24343836307525635,11.070506572723389,0.49990618228912354,6.797019720077515,0.1656494140625,5.210630098978679,0.352783203125,0.2717911899089813,0.0099029541015625,0.14296245574951172,0.38720703125,10.862014293670654,0.0726318359375,0.3872584104537964,0.14697310328483582,19.003448486328125,0.8613079190254211,0.27383726835250854,0.3226885497570038,0.011744764633476734,0.04819396138191223,0.40147221088409424,017c41aac5db41f3bfe2f7938a4834d1,90,017c41aac5db41f3bfe2f7938a4834d1,42,False
23.680830001831055,0.14878252148628235,23.4424090385437,0.9554335474967957,boundary_late_onset_40_20_40,0.91796875,0.23686663806438446,20.461666584014893,0.8624894618988037,0.32082486152648926,12.345613241195679,0.4727524220943451,6.8707427978515625,0.162841796875,4.850966294606526,0.373779296875,0.286950021982193,0.01308441162109375,0.16643448173999786,0.3388671875,12.93056845664978,0.10101318359375,0.4461487829685211,0.22382724285125732,20.741569995880127,0.8675090074539185,0.26106178760528564,0.29366064071655273,0.015275477431714535,0.009922077879309654,0.4817121624946594,018034e069134727b9e6e5627234f42f,92,018034e069134727b9e6e5627234f42f,42,False
21.927716732025146,0.17752894759178162,20.27864933013916,0.910798192024231,boundary_late_onset_40_20_40,0.9739583333333334,0.26508262753486633,18.164652585983276,0.8171860575675964,0.3358502984046936,11.265074014663696,0.3970848619937897,6.97633171081543,0.16845703125,5.280749797821045,0.4736328125,0.2701161205768585,0.0203857421875,0.24790707230567932,0.34375,11.32542371749878,0.10467529296875,0.28373983502388,0.2564314305782318,18.245577812194824,0.8198619484901428,0.47339046001434326,0.31286609172821045,0.023208601400256157,0.013872198760509491,0.29513952136039734,0184e485100e433c9032f2132e99e095,94,0184e485100e433c9032f2132e99e095,42,False
31.708824634552002,0.4723970293998718,18.446496725082397,0.7981629967689514,boundary_late_onset_40_20_40,0.99609375,0.4973416328430176,18.3166241645813,0.7601940631866455,0.12313123792409897,14.916514158248901,0.5623370409011841,7.124042510986328,0.10833740234375,4.662303924560547,0.277099609375,0.24529053270816803,0.006221771240234375,0.4751625061035156,0.33642578125,14.895281791687012,0.07940673828125,0.5760597586631775,0.4857030510902405,18.3335280418396,0.7608758211135864,0.06645306199789047,0.19726508855819702,0.0010917286854237318,0.009338408708572388,0.582900881767273,019a31cb0c1646758bc44d47366e32e6,96,019a31cb0c1646758bc44d47366e32e6,42,False
22.975237369537354,0.12726309895515442,18.90655279159546,0.9124636054039001,boundary_late_onset_40_20_40,0.94140625,0.22247888147830963,17.41376519203186,0.8196680545806885,0.3578545153141022,11.647181510925293,0.4007725417613983,7.0239951610565186,0.153564453125,5.259915351867676,0.369140625,0.2880708873271942,0.0098724365234375,0.15545347332954407,0.318359375,9.672155380249023,0.08721923828125,0.2543158531188965,0.21339112520217896,17.618943452835083,0.8255635499954224,0.5121501684188843,0.320558100938797,0.031824465841054916,0.02651173621416092,0.2638811469078064,019cdc2fe9da4327aa8d617401d8189b,98,019cdc2fe9da4327aa8d617401d8189b,42,False
25.05810260772705,0.2155800461769104,17.09099292755127,0.8498659133911133,boundary_late_onset_40_20_40,0.953125,0.25516197085380554,16.4083731174469,0.7835859060287476,0.23568199574947357,11.06433629989624,0.4168894588947296,6.98486328125,0.12493896484375,4.891191641489665,0.290771484375,0.2683276832103729,0.008148193359375,0.24525514245033264,0.3603515625,10.92379093170166,0.09478759765625,0.3692981004714966,0.24636952579021454,16.594566106796265,0.7904455661773682,0.2664058804512024,0.3089630901813507,0.01149687822908163,0.012500193901360035,0.37740421295166016,01a76c394cc640f6ad469199166ece29,100,01a76c394cc640f6ad469199166ece29,42,False
23.253672122955322,0.14793920516967773,17.585877180099487,0.9305680394172668,boundary_late_onset_40_20_40,0.89453125,0.23271405696868896,16.23199701309204,0.8451959490776062,0.2739219665527344,10.57208776473999,0.5490750074386597,7.387826442718506,0.16796875,5.074384689331055,0.394287109375,0.23687534034252167,0.01160430908203125,0.16390712559223175,0.38671875,7.3625874519348145,0.08758544921875,0.23851123452186584,0.21686170995235443,16.632789373397827,0.8533599972724915,0.3252989649772644,0.34734585881233215,0.017930395901203156,0.006781891454011202,0.23865973949432373,01c7a9010fa6463897e5919443c72886,102,01c7a9010fa6463897e5919443c72886,42,False
27.61634111404419,0.2274845391511917,18.900561332702637,0.8436625599861145,boundary_late_onset_40_20_40,0.931640625,0.2755272090435028,18.182092905044556,0.7807763814926147,0.2999393343925476,13.64998459815979,0.4836074709892273,7.124743700027466,0.12445068359375,4.651965459187825,0.316162109375,0.2625315189361572,0.00933837890625,0.23812410235404968,0.34423828125,12.434220314025879,0.133544921875,0.29493239521980286,0.25510096549987793,18.47054362297058,0.7914876341819763,0.37402671575546265,0.261243999004364,0.015803394839167595,0.017622316256165504,0.2996249496936798,01d0e94dc746416484c9157bbe320203,104,01d0e94dc746416484c9157bbe320203,42,False
24.7011399269104,0.17923098802566528,14.91314172744751,0.8743575811386108,boundary_late_onset_40_20_40,0.9296875,0.2519959509372711,14.261670112609863,0.7966741919517517,0.27826231718063354,9.182847738265991,0.4145806133747101,7.212748289108276,0.125,4.824985980987549,0.291259765625,0.2595836818218231,0.006587982177734375,0.1833568513393402,0.322265625,7.3936086893081665,0.0831298828125,0.28789982199668884,0.23176634311676025,14.553186893463135,0.8056000471115112,0.3217664062976837,0.34870198369026184,0.016671566292643547,0.01681392453610897,0.2967754900455475,01d2ae479ed74c7188c270dea892cf67,106,01d2ae479ed74c7188c270dea892cf67,42,False
26.862914562225342,0.25700241327285767,22.69498109817505,0.9069933295249939,boundary_late_onset_40_20_40,1.0,0.29726484417915344,21.585655212402344,0.8536294102668762,0.15925997495651245,15.28146743774414,0.5542945861816406,7.471890211105347,0.10760498046875,4.465379079182942,0.234619140625,0.25896671414375305,0.00510406494140625,0.2836657762527466,0.34423828125,16.50022864341736,0.08642578125,0.6353192925453186,0.29726484417915344,21.585655212402344,0.8536294102668762,0.07455944269895554,0.23712001740932465,0.0024700111243873835,0.011347172781825066,0.6518648862838745,01eac793c4ec40c5aa6bbd09b45fc26a,108,01eac793c4ec40c5aa6bbd09b45fc26a,42,False
22.84250259399414,0.17174319922924042,16.663432121276855,0.8827569484710693,boundary_late_onset_40_20_40,0.91796875,0.25091177225112915,15.513116121292114,0.782275378704071,0.41160616278648376,0.0,0.0,7.16923975944519,0.198486328125,5.531418482462565,0.4912109375,0.29943564534187317,0.026397705078125,0.17758390307426453,0.322265625,8.142485618591309,0.06634521484375,0.19241729378700256,0.23445028066635132,15.845791101455688,0.7939091920852661,0.7028506398200989,0.3846372365951538,0.06180141121149063,0.03262757137417793,0.19241729378700256,01f1cc659cb847a4a7366b84844641c2,110,01f1cc659cb847a4a7366b84844641c2,42,False
23.27291488647461,0.13895413279533386,18.797643184661865,0.9310675859451294,boundary_late_onset_40_20_40,0.9309895833333334,0.22380121052265167,17.35606551170349,0.8447822332382202,0.2884121537208557,11.026605367660522,0.4426998794078827,7.391090393066406,0.15771484375,5.159341335296631,0.34228515625,0.257077157497406,0.01059722900390625,0.1609240472316742,0.35693359375,9.415953755378723,0.0726318359375,0.3500010669231415,0.2111208140850067,17.60595202445984,0.8501301407814026,0.28732842206954956,0.30479860305786133,0.015530867502093315,0.03800944238901138,0.3633630573749542,01f376bb2b5a4860a53914dbf66d4ac0,112,01f376bb2b5a4860a53914dbf66d4ac0,42,False
20.127053260803223,0.13398224115371704,18.752291202545166,0.9419438242912292,boundary_late_onset_40_20_40,1.0,0.2168607860803604,16.510796546936035,0.8423489928245544,0.3957686126232147,8.743753433227539,0.3463752269744873,7.199195384979248,0.21923828125,5.474465211232503,0.55126953125,0.27446794509887695,0.020111083984375,0.14272183179855347,0.3642578125,7.381163835525513,0.057403564453125,0.1781783252954483,0.2168607860803604,16.510796546936035,0.8423489928245544,0.8206294775009155,0.4711495637893677,0.053535133600234985,0.006726522464305162,0.18456442654132843,01f64ccc5e5049e29c3e8be0aaf31bd5,114,01f64ccc5e5049e29c3e8be0aaf31bd5,42,False
24.803447723388672,0.14943064749240875,22.959868907928467,0.9358198642730713,boundary_late_onset_40_20_40,0.9166666666666666,0.2040165364742279,20.722296237945557,0.8571538925170898,0.1768726110458374,15.299456119537354,0.5739883184432983,7.373846769332886,0.1424560546875,5.025307814280192,0.33203125,0.2716664969921112,0.00933837890625,0.1550779491662979,0.33984375,13.83952021598816,0.0828857421875,0.48214301466941833,0.1924206018447876,20.989818572998047,0.8628033399581909,0.15844257175922394,0.2623288929462433,0.006076503079384565,0.009523018263280392,0.4953575134277344,01f74014d40f436e91fbf60e7f688057,116,01f74014d40f436e91fbf60e7f688057,42,False
23.35535764694214,0.14292998611927032,20.176703929901123,0.9322773814201355,boundary_late_onset_40_20_40,0.9739583333333334,0.19039736688137054,18.524011373519897,0.8525868058204651,0.37821486592292786,12.077758312225342,0.4934633672237396,7.1949803829193115,0.1611328125,5.097419420878093,0.376708984375,0.28256019949913025,0.015716552734375,0.15551087260246277,0.37451171875,10.021939277648926,0.06927490234375,0.29906409978866577,0.19020983576774597,18.609477281570435,0.8543278574943542,0.5373036861419678,0.2906174659729004,0.03518502414226532,0.02700825221836567,0.3088867664337158,01fbee27f8f74a1eaf7e613de5cb78ee,118,01fbee27f8f74a1eaf7e613de5cb78ee,42,False
21.645371913909912,0.11573278158903122,25.12479066848755,0.9531592130661011,boundary_late_onset_40_20_40,0.876953125,0.24913795292377472,19.893693923950195,0.8172832131385803,0.35992830991744995,13.297712802886963,0.358377605676651,7.122634649276733,0.1763916015625,5.377493381500244,0.51416015625,0.36321020126342773,0.03399658203125,0.09115619212388992,0.255859375,13.930249214172363,0.07940673828125,0.1940670758485794,0.226071298122406,20.269134044647217,0.8301299214363098,0.5277361869812012,0.357093870639801,0.02295987494289875,0.00945445615798235,0.23596107959747314,0200b7f6eb574385ace14b2d03502ec2,120,0200b7f6eb574385ace14b2d03502ec2,42,False
25.033726692199707,0.25077542662620544,17.83325433731079,0.8960015177726746,boundary_late_onset_40_20_40,0.98828125,0.2905375361442566,17.173500061035156,0.8349837064743042,0.270566463470459,12.121905088424683,0.5202299356460571,7.275219440460205,0.08966064453125,4.35750675201416,0.2279052734375,0.2549522817134857,0.00579071044921875,0.2428496778011322,0.3134765625,10.898910760879517,0.06610107421875,0.42697781324386597,0.2836797833442688,17.218987941741943,0.8360003232955933,0.27274951338768005,0.2589898705482483,0.017004065215587616,0.007708159275352955,0.4418460726737976,02097b72cb764df79f0188df985014a5,122,02097b72cb764df79f0188df985014a5,42,False
24.378681182861328,0.18262821435928345,15.526868104934692,0.8848634362220764,boundary_late_onset_40_20_40,0.9427083333333334,0.25733518600463867,14.847924709320068,0.8016344904899597,0.3386951684951782,12.05660343170166,0.4180622398853302,7.373204946517944,0.12255859375,4.849859555562337,0.3046875,0.2894337773323059,0.00994873046875,0.19701901078224182,0.3193359375,7.748270630836487,0.1124267578125,0.17024411261081696,0.24391530454158783,15.079364776611328,0.8086174130439758,0.2782982885837555,0.32116836309432983,0.01673910953104496,0.1426522582769394,0.1699070781469345,0214176d73af485287532957baf9888b,124,0214176d73af485287532957baf9888b,42,False
22.874064445495605,0.17248743772506714,23.93172264099121,0.9539833068847656,boundary_late_onset_40_20_40,0.953125,0.3416743576526642,20.44774293899536,0.8086689710617065,0.262562096118927,15.457028150558472,0.45222529768943787,7.207501411437988,0.1395263671875,4.648531277974446,0.273681640625,0.3688696324825287,0.00748443603515625,0.16555696725845337,0.2666015625,12.585663795471191,0.08001708984375,0.36062735319137573,0.32964450120925903,20.542824268341064,0.8136867880821228,0.3423548638820648,0.372730553150177,0.03724195808172226,0.03074072115123272,0.4297603964805603,0219f955d31b4907b5eeb6a345a47eb2,126,0219f955d31b4907b5eeb6a345a47eb2,42,False
22.266950607299805,0.201591357588768,23.05018663406372,0.9226022362709045,boundary_late_onset_40_20_40,0.97265625,0.31986433267593384,19.832050800323486,0.7888045907020569,0.2682276666164398,14.257550239562988,0.4519297778606415,7.307874441146851,0.159912109375,5.213629563649495,0.371337890625,0.32388386130332947,0.01537322998046875,0.24269425868988037,0.29931640625,13.939567804336548,0.081298828125,0.3109586834907532,0.30685263872146606,19.93126630783081,0.7926712036132812,0.3418758809566498,0.3176649510860443,0.0207379087805748,0.028689704835414886,0.34267184138298035,0222f2054a72477a9af17694d4ab1a9e,128,0222f2054a72477a9af17694d4ab1a9e,42,False
31.037256717681885,0.2507075071334839,16.32521152496338,0.8261232376098633,boundary_late_onset_40_20_40,1.0,0.2749205231666565,16.237516403198242,0.7852109670639038,0.22588256001472473,12.59469747543335,0.4944942593574524,7.342250108718872,0.07965087890625,3.853684902191162,0.1868896484375,0.27763044834136963,0.0035495758056640625,0.2641987204551697,0.3232421875,12.305940389633179,0.1065673828125,0.5990719199180603,0.2749205231666565,16.237516403198242,0.7852109670639038,0.13191838562488556,0.27322933077812195,0.0029391462448984385,0.03922906517982483,0.6127237677574158,022a46a47f70497badb519b86f7d0dfa,130,022a46a47f70497badb519b86f7d0dfa,42,False
25.418686866760254,0.19612425565719604,18.195031881332397,0.8467390537261963,boundary_late_onset_40_20_40,0.91796875,0.23462802171707153,17.28377103805542,0.7796322107315063,0.25139757990837097,11.474130153656006,0.4330962598323822,7.300658464431763,0.11395263671875,4.354164918263753,0.26806640625,0.2792293131351471,0.0073699951171875,0.22033919394016266,0.37841796875,11.98729157447815,0.1400146484375,0.3835192918777466,0.22054298222064972,17.61027216911316,0.7926352620124817,0.3390648066997528,0.3111414313316345,0.017768239602446556,0.08428236842155457,0.3930187225341797,023d8f2444234e6185ca713309cfeb99,132,023d8f2444234e6185ca713309cfeb99,42,False
22.035019397735596,0.16292642056941986,17.66600012779236,0.8729866147041321,boundary_late_onset_40_20_40,1.0,0.2072855681180954,16.509424448013306,0.7945616245269775,0.3372994363307953,9.897820949554443,0.35077619552612305,7.210265636444092,0.1650390625,5.107835133870442,0.405517578125,0.2833710014820099,0.01800537109375,0.18033011257648468,0.384765625,9.855164289474487,0.1197509765625,0.21423044800758362,0.2072855681180954,16.509424448013306,0.7945616245269775,0.4859943687915802,0.3804802894592285,0.03166334331035614,0.07143208384513855,0.22378286719322205,024a0d26f2ab4be8bacf86127e23e6aa,134,024a0d26f2ab4be8bacf86127e23e6aa,42,False
24.139864444732666,0.1930272877216339,16.608392000198364,0.8793334364891052,boundary_late_onset_40_20_40,0.8971354166666666,0.24355456233024597,15.57616114616394,0.7976737022399902,0.3817886412143707,9.7783762216568,0.5316259860992432,7.297666549682617,0.16162109375,5.146490732828776,0.377197265625,0.2569589614868164,0.0117034912109375,0.20822477340698242,0.43359375,7.797322869300842,0.12164306640625,0.10167200863361359,0.2250625491142273,15.988856554031372,0.8107545375823975,1.14113187789917,0.3813828229904175,0.1423153430223465,0.0054372879676520824,0.09242232143878937,025784ce00f14da9bcfe44013eb2289c,136,025784ce00f14da9bcfe44013eb2289c,42,False
24.687793254852295,0.16451603174209595,17.909255027770996,0.827515184879303,boundary_late_onset_40_20_40,0.9622395833333334,0.19999028742313385,17.09674596786499,0.7597081661224365,0.3697640001773834,11.785613298416138,0.43860265612602234,7.1620707511901855,0.121337890625,4.797616799672444,0.315185546875,0.2850005030632019,0.010589599609375,0.20606720447540283,0.39208984375,10.981448888778687,0.090087890625,0.14973779022693634,0.19284409284591675,17.237173318862915,0.7659380435943604,0.7587887048721313,0.37051475048065186,0.067034050822258,0.01193737331777811,0.14598509669303894,025c1e16f9634c71be21574417c1b8a7,138,025c1e16f9634c71be21574417c1b8a7,42,False
26.927766799926758,0.21868865191936493,18.40074896812439,0.8981189727783203,boundary_late_onset_40_20_40,0.9921875,0.2540491223335266,17.914105653762817,0.8388065695762634,0.1998230218887329,13.21757197380066,0.47397980093955994,7.272619009017944,0.0960693359375,4.361950874328613,0.224609375,0.26381370425224304,0.004730224609375,0.23804712295532227,0.3154296875,11.699607372283936,0.06463623046875,0.3877449035644531,0.2471776306629181,17.94605851173401,0.8394269347190857,0.15922769904136658,0.27663320302963257,0.004856400191783905,0.18828575313091278,0.3973153233528137,026dd4fca8a347e799ff5bfd78df68bb,140,026dd4fca8a347e799ff5bfd78df68bb,42,False
25.378825664520264,0.22575974464416504,17.878758907318115,0.9039957523345947,boundary_late_onset_40_20_40,0.9479166666666666,0.28426676988601685,17.071115970611572,0.8317198157310486,0.20535853505134583,14.445861577987671,0.5598259568214417,7.384559392929077,0.114990234375,4.667103449503581,0.272216796875,0.23609180748462677,0.006366729736328125,0.21561908721923828,0.279296875,9.764404892921448,0.08563232421875,0.3790597915649414,0.27115610241889954,17.27036714553833,0.8365467190742493,0.445229709148407,0.24258090555667877,0.029429668560624123,0.018188847228884697,0.3867759108543396,0281cce51dcb43988b3d3760c0fb335e,142,0281cce51dcb43988b3d3760c0fb335e,42,False
22.699975967407227,0.08485575020313263,26.790006160736084,0.9772826433181763,boundary_late_onset_40_20_40,0.7109375,0.18458765745162964,20.589580535888672,0.8762345910072327,0.44987401366233826,11.662487983703613,0.4986037015914917,7.342678785324097,0.1837158203125,5.5085212389628095,0.51416015625,0.26948776841163635,0.0222930908203125,0.1098221093416214,0.40771484375,12.357087135314941,0.0576171875,0.2983425259590149,0.16186080873012543,21.3840913772583,0.8894690275192261,0.6781296133995056,0.24849779903888702,0.02898942120373249,0.05994940176606178,0.2978573739528656,0288b5d8dfda43b9938f0dcf1ac86da2,144,0288b5d8dfda43b9938f0dcf1ac86da2,42,False
22.832391262054443,0.2156820297241211,20.40442705154419,0.9330459237098694,boundary_late_onset_40_20_40,1.0,0.30946826934814453,18.629499673843384,0.832491397857666,0.364856481552124,11.595412492752075,0.41194236278533936,7.3043153285980225,0.1536865234375,5.2173686027526855,0.4248046875,0.2345326840877533,0.0107269287109375,0.24848544597625732,0.2890625,11.08654260635376,0.1011962890625,0.3739968240261078,0.30946826934814453,18.629499673843384,0.832491397857666,0.4152897000312805,0.2309667021036148,0.02086639776825905,0.08929785341024399,0.4051629900932312,0290737f64b14b08b87faa644580f3a9,146,0290737f64b14b08b87faa644580f3a9,42,False
21.79718017578125,0.18780240416526794,18.413617610931396,0.9140121936798096,boundary_late_onset_40_20_40,0.9908854166666666,0.2742502689361572,16.924846172332764,0.8183358907699585,0.30489659309387207,10.596249103546143,0.37071341276168823,7.205333232879639,0.135498046875,5.079622268676758,0.31787109375,0.28290122747421265,0.00861358642578125,0.19326633214950562,0.24755859375,9.597084522247314,0.077880859375,0.320924311876297,0.270890474319458,16.95678472518921,0.819244384765625,0.4864886701107025,0.30902814865112305,0.030258534476161003,0.009971742518246174,0.3558052182197571,029d4dcccd66451c847a4dc5da36b5e6,148,029d4dcccd66451c847a4dc5da36b5e6,42,False
21.247358322143555,0.07248905301094055,21.371910572052002,0.9569725394248962,boundary_late_onset_40_20_40,0.880859375,0.15525907278060913,18.082550764083862,0.8638726472854614,0.407004714012146,9.872429966926575,0.46070751547813416,7.099193572998047,0.222412109375,5.416455268859863,0.54931640625,0.3024236559867859,0.0231170654296875,0.09682707488536835,0.46875,8.745538592338562,0.03570556640625,0.2094145268201828,0.14622657001018524,18.420896530151367,0.8707125782966614,0.6588687300682068,0.35003596544265747,0.040485214442014694,0.012036486528813839,0.20024120807647705,0005d5eb0eb847648bf2e76f6931ed48,1,0005d5eb0eb847648bf2e76f6931ed48,42,False
27.45612144470215,0.20836547017097473,22.6733660697937,0.9297769665718079,boundary_late_onset_40_20_40,0.9033788045247396,0.25637999176979065,21.26845359802246,0.870916485786438,0.2442750632762909,16.853792667388916,0.6107383370399475,6.940655469894409,0.100341796875,3.9974099000295005,0.22265625,0.2328130453824997,0.00543975830078125,0.22592589259147644,0.3271484375,15.374776124954224,0.11669921875,0.6174192428588867,0.24181289970874786,21.6335391998291,0.8776499032974243,0.10125316679477692,0.17870530486106873,0.0030934142414480448,0.011883106082677841,0.6294454336166382,000c895f9ef6491894ac588634f3d2b5,3,000c895f9ef6491894ac588634f3d2b5,42,False
24.187166690826416,0.19311389327049255,20.172905921936035,0.8828433752059937,boundary_late_onset_40_20_40,1.0,0.23849442601203918,18.999178409576416,0.8141271471977234,0.2577071785926819,12.624833583831787,0.4026865065097809,7.087151288986206,0.11737060546875,4.8448417981465655,0.2763671875,0.28220024704933167,0.00621795654296875,0.22219957411289215,0.330078125,13.557112216949463,0.08489990234375,0.4394446015357971,0.23849442601203918,18.999178409576416,0.8141271471977234,0.2774738073348999,0.28798091411590576,0.014016819186508656,0.023758381605148315,0.46082803606987,00133744383047b888486d10548eb32d,5,00133744383047b888486d10548eb32d,42,False
21.823835372924805,0.17495831847190857,17.690595388412476,0.9302019476890564,boundary_late_onset_40_20_40,1.0,0.2791532874107361,16.37487292289734,0.8352892398834229,0.30742180347442627,9.77101743221283,0.37497836351394653,7.1870927810668945,0.1512451171875,5.090664704640706,0.37744140625,0.31064629554748535,0.0113525390625,0.16367143392562866,0.29248046875,6.905537247657776,0.10107421875,0.18749840557575226,0.2791532874107361,16.37487292289734,0.8352892398834229,0.513757050037384,0.4345048666000366,0.04617433622479439,0.011114157736301422,0.20722633600234985,0015eb3cf53b4339b2d0532cf912ab26,7,0015eb3cf53b4339b2d0532cf912ab26,42,False
24.691407680511475,0.1593698263168335,18.706425428390503,0.9354485273361206,boundary_late_onset_40_20_40,0.9296875,0.22914277017116547,17.563859224319458,0.8529669642448425,0.3378404676914215,13.184303045272827,0.5145426392555237,7.0082597732543945,0.13720703125,5.013529618581136,0.314208984375,0.2678885757923126,0.0118560791015625,0.15899819135665894,0.3173828125,9.068354964256287,0.0823974609375,0.3962791860103607,0.21398881077766418,17.826260328292847,0.8576744794845581,0.2461535781621933,0.2554675042629242,0.012720591388642788,0.03834933042526245,0.4037051498889923,001f17841a2642e4a9fa2f9b1687aa1e,9,001f17841a2642e4a9fa2f9b1687aa1e,42,False
25.65964698791504,0.16378557682037354,23.15084218978882,0.9195488095283508,boundary_late_onset_40_20_40,0.9895833333333334,0.23050719499588013,21.456928253173828,0.8548441529273987,0.2041274458169937,14.29178237915039,0.5592924952507019,6.99673056602478,0.1357421875,5.0073550542195635,0.301025390625,0.24811305105686188,0.0037517547607421875,0.1892477124929428,0.322265625,15.507787466049194,0.1422119140625,0.5605810284614563,0.22551988065242767,21.493537425994873,0.8555352091789246,0.14759282767772675,0.25770407915115356,0.00540922163054347,0.17576292157173157,0.5819810032844543,00317d7cb89c4f84b28090ec8eeb361a,11,00317d7cb89c4f84b28090ec8eeb361a,42,False
21.99481725692749,0.07755453884601593,23.74239683151245,0.9674170017242432,boundary_late_onset_40_20_40,0.9114583333333334,0.1881716251373291,19.689602851867676,0.8760485053062439,0.3586444854736328,10.957978963851929,0.48126789927482605,7.159841775894165,0.1832275390625,5.062259038289388,0.425537109375,0.29447197914123535,0.01418304443359375,0.10739150643348694,0.41162109375,10.449687242507935,0.03741455078125,0.28972476720809937,0.18078337609767914,19.89467144012451,0.8798573017120361,0.6217840313911438,0.39374813437461853,0.03992772847414017,0.07900642603635788,0.30821338295936584,004459ae7559418fad89ddb73e140b56,13,004459ae7559418fad89ddb73e140b56,42,False
25.475287437438965,0.23114585876464844,15.61029314994812,0.8613850474357605,boundary_late_onset_40_20_40,0.93359375,0.29532164335250854,14.992161989212036,0.7899641394615173,0.2336694896221161,9.427003860473633,0.33431047201156616,7.172883987426758,0.12322998046875,4.710151831309001,0.26904296875,0.28435471653938293,0.004878997802734375,0.267027884721756,0.34033203125,9.256351590156555,0.050140380859375,0.3449230492115021,0.27598249912261963,15.27897834777832,0.7998537421226501,0.2892470061779022,0.3710941970348358,0.019588593393564224,0.0866716057062149,0.36074355244636536,0048e8224b174b759771e39ff521ee2e,15,0048e8224b174b759771e39ff521ee2e,42,False
22.308812141418457,0.17334029078483582,24.32285785675049,0.9308361411094666,boundary_late_onset_40_20_40,0.9596354166666666,0.2944675385951996,20.366652011871338,0.7919561862945557,0.2623995244503021,14.867571592330933,0.3454386293888092,7.195761442184448,0.1500244140625,5.128049532572429,0.349853515625,0.37333205342292786,0.01230621337890625,0.1896239072084427,0.2666015625,14.373303651809692,0.0941162109375,0.28747785091400146,0.2869553565979004,20.468285083770752,0.7971014380455017,0.3748001158237457,0.38147327303886414,0.03776617720723152,0.037461332976818085,0.3491726517677307,0050d3fb84444ea1b9079a1575887aa1,17,0050d3fb84444ea1b9079a1575887aa1,42,False
28.229775428771973,0.21699948608875275,20.82010269165039,0.8375988602638245,boundary_late_onset_40_20_40,0.87109375,0.2628275752067566,19.7401225566864,0.7645594477653503,0.24046467244625092,14.745876789093018,0.5625471472740173,7.018760442733765,0.11822509765625,4.755819320678711,0.36669921875,0.2906881868839264,0.01386260986328125,0.23427891731262207,0.3837890625,14.914683103561401,0.0972900390625,0.3937312364578247,0.23486483097076416,20.270321369171143,0.7869687676429749,0.20160792768001556,0.26858577132225037,0.006212478503584862,0.03728780522942543,0.3981190025806427,0053d2ac9bc14142bffaa42593c00a8a,19,0053d2ac9bc14142bffaa42593c00a8a,42,False
21.782243251800537,0.08802769333124161,29.753870964050293,0.9831642508506775,boundary_late_onset_40_20_40,0.859375,0.28996407985687256,21.03865623474121,0.8342296481132507,0.19371157884597778,15.90449571609497,0.47286710143089294,7.0005881786346436,0.111328125,4.410264492034912,0.304443359375,0.48820722103118896,0.00910186767578125,0.03010564297437668,0.10888671875,14.845596551895142,0.0472412109375,0.22222112119197845,0.2738693058490753,21.262118816375732,0.8455911874771118,0.3682660162448883,0.4859509766101837,0.03272952139377594,0.012830791063606739,0.2022150605916977,005ee892a99b4ae8a26bb1c8123fdd80,21,005ee892a99b4ae8a26bb1c8123fdd80,42,False
22.731947898864746,0.1554134488105774,23.16406488418579,0.9425330758094788,boundary_late_onset_40_20_40,0.9557291666666666,0.27815619111061096,19.975895881652832,0.8081195950508118,0.3243923485279083,14.1587495803833,0.4684526026248932,7.319227933883667,0.162353515625,5.342244466145833,0.43017578125,0.3279629051685333,0.018829345703125,0.2161877453327179,0.29248046875,12.639156579971313,0.07257080078125,0.27650097012519836,0.2634908854961395,20.139174461364746,0.8134608864784241,0.3975353538990021,0.32732608914375305,0.023694273084402084,0.04388105869293213,0.28666430711746216,006d40ce26e64b4c930124ddae278c05,23,006d40ce26e64b4c930124ddae278c05,42,False
26.094298362731934,0.1628861427307129,21.83986186981201,0.927934467792511,boundary_late_onset_40_20_40,1.0,0.20773059129714966,20.635249614715576,0.8661016821861267,0.1385924220085144,15.522260665893555,0.596229076385498,7.0367255210876465,0.1392822265625,5.055533091227214,0.31201171875,0.2630273997783661,0.00560760498046875,0.16397947072982788,0.3369140625,13.560354709625244,0.08709716796875,0.5375803112983704,0.20773059129714966,20.635249614715576,0.8661016821861267,0.0892181396484375,0.2509252727031708,0.0018278356874361634,0.00914786010980606,0.5515206456184387,0078e62e7d774effa973885c78ffbf6a,25,0078e62e7d774effa973885c78ffbf6a,42,False
20.439767837524414,0.1183469146490097,17.707847356796265,0.9309478402137756,boundary_late_onset_40_20_40,0.9192708333333334,0.2254253327846527,15.689172744750977,0.8249736428260803,0.3626212775707245,8.8828843832016,0.3031576871871948,7.177329778671265,0.2008056640625,5.558120568593343,0.505859375,0.2998611330986023,0.0196380615234375,0.1453845202922821,0.35107421875,7.008190155029297,0.08489990234375,0.15031538903713226,0.2138659656047821,15.98264455795288,0.8328188061714172,0.7731220722198486,0.4837651550769806,0.05867614597082138,0.02495873160660267,0.15612997114658356,00820ef5fe4843cf8beef97281048215,27,00820ef5fe4843cf8beef97281048215,42,False
25.13667345046997,0.16687357425689697,21.432173252105713,0.9310989379882812,boundary_late_onset_40_20_40,0.94921875,0.2761913239955902,19.9022114276886,0.8557574152946472,0.23196403682231903,14.636613130569458,0.5061441659927368,7.014144659042358,0.09906005859375,4.386160691579183,0.2415771484375,0.25084617733955383,0.006122589111328125,0.22228294610977173,0.33935546875,13.310158252716064,0.08355712890625,0.5246519446372986,0.2529376149177551,20.09528160095215,0.8596993088722229,0.19918614625930786,0.22191382944583893,0.010524005629122257,0.012711988762021065,0.5546450614929199,0092c97c01714eb98d6f4b635c5ee9ec,29,0092c97c01714eb98d6f4b635c5ee9ec,42,False
25.847513675689697,0.2583615183830261,10.31504511833191,0.7461802363395691,boundary_late_onset_40_20_40,0.8528645833333334,0.33205488324165344,9.542708992958069,0.6495547294616699,0.23479828238487244,0.0,0.0,7.210592269897461,0.1392822265625,4.952298164367676,0.2484130859375,0.2711530923843384,0.0081634521484375,0.2648479640483856,0.3505859375,4.7742414474487305,0.07080078125,0.09498346596956253,0.28520599007606506,10.228345394134521,0.6924226880073547,0.24081356823444366,0.3317010700702667,0.02546626701951027,0.0510324090719223,0.09498346596956253,00a1d892548542c7ab83565070737d6b,31,00a1d892548542c7ab83565070737d6b,42,False
22.289259433746338,0.14299222826957703,19.51560378074646,0.9457249045372009,boundary_late_onset_40_20_40,0.9791666666666666,0.23853802680969238,17.70250678062439,0.8455466032028198,0.35887160897254944,9.50591504573822,0.35728755593299866,7.3388824462890625,0.2149658203125,5.572293599446614,0.5166015625,0.28868159651756287,0.013641357421875,0.1365671306848526,0.3115234375,7.719526886940002,0.06817626953125,0.19368046522140503,0.2349241077899933,17.774759531021118,0.8471090793609619,0.7342222929000854,0.3986184597015381,0.06821900606155396,0.0545012392103672,0.21620646119117737,00a69ec5e0cb4e1b9c6d6285bde5de3e,33,00a69ec5e0cb4e1b9c6d6285bde5de3e,42,False
24.66465711593628,0.19380629062652588,19.062567949295044,0.9184960126876831,boundary_late_onset_40_20_40,0.9765625,0.2339494228363037,18.062797784805298,0.8465201258659363,0.2908300459384918,12.36478567123413,0.504179060459137,7.381087064743042,0.1484375,5.1415127118428545,0.373291015625,0.2523703873157501,0.013092041015625,0.2117934226989746,0.3564453125,10.532420873641968,0.0643310546875,0.41817423701286316,0.2297707349061966,18.140016794204712,0.8481224179267883,0.26855722069740295,0.2583068609237671,0.013902493752539158,0.008668740279972553,0.4322022497653961,00a97894440b42ebbde2435e9430106c,35,00a97894440b42ebbde2435e9430106c,42,False
27.027559280395508,0.2298959493637085,21.382815837860107,0.9136373996734619,boundary_late_onset_40_20_40,1.0,0.27275797724723816,20.517516136169434,0.8541786670684814,0.1371121108531952,15.946464538574219,0.5869183540344238,7.3221447467803955,0.156494140625,5.292817274729411,0.310302734375,0.2306693196296692,0.006534576416015625,0.2298841029405594,0.31640625,14.197758436203003,0.067626953125,0.5619665384292603,0.27275797724723816,20.517516136169434,0.8541786670684814,0.06168641149997711,0.21804966032505035,0.0017195745604112744,0.009396811947226524,0.5753615498542786,00ae6eda19634ee6b0a4a52789c9ff90,37,00ae6eda19634ee6b0a4a52789c9ff90,42,False
24.143800735473633,0.15384520590305328,18.02556872367859,0.8721540570259094,boundary_late_onset_40_20_40,0.89453125,0.19349060952663422,16.803964376449585,0.7922964096069336,0.3034394085407257,11.501171588897705,0.45328399538993835,6.997387886047363,0.1629638671875,5.130177179972331,0.361572265625,0.2657028138637543,0.00946044921875,0.1803768426179886,0.41552734375,10.482012033462524,0.06005859375,0.2521275579929352,0.17465965449810028,17.228665351867676,0.8072948455810547,0.428676575422287,0.339143306016922,0.03057977929711342,0.09470149874687195,0.25506410002708435,00bf94f9be9346d5bf6fcdb88e0f68c3,39,00bf94f9be9346d5bf6fcdb88e0f68c3,42,False
30.125465393066406,0.22671107947826385,20.845329761505127,0.8913646340370178,boundary_late_onset_40_20_40,0.9934895833333334,0.25872376561164856,20.468411445617676,0.8435364961624146,0.1729864627122879,14.85869288444519,0.5378699898719788,6.976992130279541,0.091796875,4.27358341217041,0.1959228515625,0.2706652283668518,0.0037689208984375,0.2503167688846588,0.29931640625,15.444153547286987,0.09344482421875,0.6355487704277039,0.25348901748657227,20.495047569274902,0.8439692258834839,0.10574445873498917,0.2655741572380066,0.002551446668803692,0.021380316466093063,0.6502829790115356,00c1673e7c8e4c2fbc0c9a1084acc067,41,00c1673e7c8e4c2fbc0c9a1084acc067,42,False
22.783548831939697,0.26479536294937134,18.935344219207764,0.8734895586967468,boundary_late_onset_40_20_40,1.0,0.39677518606185913,17.728393077850342,0.753020167350769,0.23619645833969116,12.320724725723267,0.43497127294540405,7.052800178527832,0.10516357421875,4.58973757425944,0.276123046875,0.2747446596622467,0.00675201416015625,0.32587695121765137,0.27978515625,12.416698932647705,0.1143798828125,0.40375328063964844,0.39677518606185913,17.728393077850342,0.753020167350769,0.2931152284145355,0.25206854939460754,0.017676642164587975,0.038288574665784836,0.44915398955345154,00cc1d02ab5c4e1abcbc080bbdc6bdc4,43,00cc1d02ab5c4e1abcbc080bbdc6bdc4,42,False
25.878381729125977,0.26449090242385864,13.776193857192993,0.7711763978004456,boundary_late_onset_40_20_40,1.0,0.2966977059841156,13.591485023498535,0.7183334827423096,0.29438936710357666,9.455109238624573,0.45112982392311096,7.168287992477417,0.1180419921875,4.170480092366536,0.2353515625,0.2733481824398041,0.00661468505859375,0.26359549164772034,0.42529296875,8.474386930465698,0.2044677734375,0.347463995218277,0.2966977059841156,13.591485023498535,0.7183334827423096,0.32557249069213867,0.34577304124832153,0.014362739399075508,0.22304779291152954,0.3529716432094574,00d9bd8bee204fe3a42c320ce24a32fd,45,00d9bd8bee204fe3a42c320ce24a32fd,42,False
25.46804428100586,0.1609535813331604,24.17586326599121,0.9246290326118469,boundary_late_onset_40_20_40,0.9856770833333334,0.20715443789958954,22.083117961883545,0.8597479462623596,0.19689127802848816,14.972167015075684,0.5308707356452942,7.190649747848511,0.10845947265625,4.619127591451009,0.2418212890625,0.26217323541641235,0.004215240478515625,0.18305416405200958,0.3193359375,16.93984866142273,0.09674072265625,0.5956636071205139,0.20332889258861542,22.128407955169678,0.8606452941894531,0.12982091307640076,0.26752766966819763,0.004165869206190109,0.09067462384700775,0.6187911629676819,00db57d6cb5540089860f0de1d2c643d,47,00db57d6cb5540089860f0de1d2c643d,42,False
23.955092430114746,0.1456737518310547,25.17094850540161,0.949645459651947,boundary_late_onset_40_20_40,0.9583333333333334,0.22963647544384003,21.662471294403076,0.861963152885437,0.16948746144771576,15.85445523262024,0.5205128788948059,6.998595237731934,0.150390625,5.155417442321777,0.33447265625,0.2653108537197113,0.0077056884765625,0.1333412379026413,0.27197265625,15.162371397018433,0.062225341796875,0.46215566992759705,0.22192111611366272,21.764461994171143,0.8644993305206299,0.17612777650356293,0.2639436423778534,0.006165642291307449,0.009897293522953987,0.4920837879180908,00e99d9188c64441b8ae7a3f73f37164,49,00e99d9188c64441b8ae7a3f73f37164,42,False
20.72963237762451,0.2115985006093979,22.348623275756836,0.9224773049354553,boundary_late_onset_40_20_40,0.9973958333333334,0.30518513917922974,18.803874254226685,0.7997691631317139,0.29624617099761963,13.103355169296265,0.3583526909351349,7.121119022369385,0.1846923828125,5.443838119506836,0.457275390625,0.3073921501636505,0.018463134765625,0.1912001520395279,0.2822265625,13.634567260742188,0.093994140625,0.30903252959251404,0.3003841042518616,18.814139366149902,0.8000832796096802,0.3265182375907898,0.290139764547348,0.010624267160892487,0.009801785461604595,0.38272151350975037,00ed0007c9c84409adb2e257fad235d1,51,00ed0007c9c84409adb2e257fad235d1,42,False
25.87425947189331,0.1868327111005783,22.157905101776123,0.932205855846405,boundary_late_onset_40_20_40,0.98046875,0.23552902042865753,20.78848123550415,0.8638591766357422,0.19439925253391266,14.59527850151062,0.5014665722846985,6.9497153759002686,0.09869384765625,4.320046106974284,0.2158203125,0.2610248625278473,0.0048065185546875,0.19377180933952332,0.2861328125,14.657483100891113,0.0699462890625,0.5853960514068604,0.23053370416164398,20.85646152496338,0.8651100993156433,0.11876137554645538,0.26146236062049866,0.003633087733760476,0.10121442377567291,0.6121249198913574,00f9cb1a42b4498e838107f82557c9f3,53,00f9cb1a42b4498e838107f82557c9f3,42,False
22.926208972930908,0.13814584910869598,19.6438992023468,0.9120123982429504,boundary_late_onset_40_20_40,0.92578125,0.23644350469112396,17.886775732040405,0.8222097754478455,0.36987626552581787,11.837506294250488,0.3582645356655121,6.996436595916748,0.146484375,5.141761938730876,0.365478515625,0.29739466309547424,0.0128021240234375,0.15949498116970062,0.33837890625,10.385358333587646,0.09002685546875,0.1960325688123703,0.21860438585281372,18.13959836959839,0.829411506652832,0.5772371292114258,0.3403565585613251,0.04208625853061676,0.06761232018470764,0.19987131655216217,00fab46ab0134de8b7c6b39f9ef2f708,55,00fab46ab0134de8b7c6b39f9ef2f708,42,False
24.96260643005371,0.09754283726215363,25.357418060302734,0.9610729217529297,boundary_late_onset_40_20_40,0.96484375,0.1525750607252121,22.203397750854492,0.879851222038269,0.26662755012512207,13.949226140975952,0.5414155125617981,7.1881396770477295,0.1824951171875,5.413811683654785,0.443603515625,0.27388110756874084,0.0120849609375,0.12847799062728882,0.376953125,13.84279727935791,0.052398681640625,0.43477901816368103,0.14843891561031342,22.308425903320312,0.8814486265182495,0.2182258814573288,0.2701945900917053,0.006750564556568861,0.011423048563301563,0.4530795216560364,00fd070ec367496582cb9410fb8d84a2,57,00fd070ec367496582cb9410fb8d84a2,42,False
25.37576198577881,0.17682823538780212,23.916594982147217,0.9419716000556946,boundary_late_onset_40_20_40,0.8746388753255209,0.2365129292011261,21.490967273712158,0.8675912022590637,0.17019589245319366,14.611278772354126,0.6014747619628906,7.168041229248047,0.1168212890625,4.511057694753011,0.2420654296875,0.23924201726913452,0.00609588623046875,0.17646943032741547,0.31591796875,15.593693256378174,0.09619140625,0.5775115489959717,0.21937480568885803,21.84972047805786,0.8747469186782837,0.12398671358823776,0.19643139839172363,0.008588233962655067,0.07559048384428024,0.5933617949485779,00fe7b40923644c3bf15be6fcb8195c2,59,00fe7b40923644c3bf15be6fcb8195c2,42,False
25.59948444366455,0.13917981088161469,24.106736183166504,0.9315319061279297,boundary_late_onset_40_20_40,1.0,0.18343064188957214,22.082207202911377,0.8669297099113464,0.1789788156747818,15.200831890106201,0.5757166743278503,7.028702020645142,0.128173828125,4.876603921254476,0.2802734375,0.2599203884601593,0.0055084228515625,0.16112060844898224,0.3212890625,16.216249465942383,0.07958984375,0.5935471057891846,0.18343064188957214,22.082207202911377,0.8669297099113464,0.11455263942480087,0.25508183240890503,0.00265766610391438,0.02224837988615036,0.6115502119064331,0116e8e2de78456cab731ff73f65349f,61,0116e8e2de78456cab731ff73f65349f,42,False
23.09776544570923,0.1780940294265747,21.723194122314453,0.9351284503936768,boundary_late_onset_40_20_40,0.9427083333333334,0.2560982406139374,19.422751665115356,0.848513662815094,0.23219192028045654,12.899188995361328,0.4693729281425476,6.946369886398315,0.105712890625,4.4140903155008955,0.264404296875,0.23310472071170807,0.0079345703125,0.20813030004501343,0.31787109375,13.032896518707275,0.0892333984375,0.4858507513999939,0.23745033144950867,19.600859880447388,0.8528732061386108,0.21187178790569305,0.2273903638124466,0.010201305150985718,0.034082598984241486,0.5087376236915588,011a2229b2f949ffaac35b39e9ee9d78,63,011a2229b2f949ffaac35b39e9ee9d78,42,False
22.048404216766357,0.11589501798152924,21.500885486602783,0.9420852661132812,boundary_late_onset_40_20_40,0.8880208333333334,0.22121661901474,18.579890727996826,0.831402063369751,0.3448691666126251,12.262808084487915,0.3926246166229248,6.984770774841309,0.1551513671875,5.1367794672648115,0.39208984375,0.31091758608818054,0.0108642578125,0.13709278404712677,0.30810546875,10.728645324707031,0.1104736328125,0.3007536828517914,0.19970497488975525,18.929483890533447,0.84148770570755,0.5180022716522217,0.3508090674877167,0.040996745228767395,0.08095177263021469,0.32597002387046814,012323854937400b839b3bedf4faa010,65,012323854937400b839b3bedf4faa010,42,False
32.49176502227783,0.28049230575561523,20.653021335601807,0.8842661380767822,boundary_late_onset_40_20_40,1.0,0.312959223985672,20.468599796295166,0.8433594107627869,0.1604110300540924,17.649730443954468,0.6180562973022461,7.073089599609375,0.09161376953125,4.430046399434407,0.208740234375,0.2726198434829712,0.004108428955078125,0.27887019515037537,0.3466796875,15.936528444290161,0.079833984375,0.6747699975967407,0.312959223985672,20.468599796295166,0.8433594107627869,0.03686579689383507,0.2482403665781021,0.0008181039593182504,0.009350698441267014,0.6842162609100342,012648b0eed74f67ad28527119aac2c4,67,012648b0eed74f67ad28527119aac2c4,42,False
22.45185375213623,0.24024879932403564,15.226905345916748,0.8574855923652649,boundary_late_onset_40_20_40,1.0,0.3179473280906677,14.626977443695068,0.7733981609344482,0.22250552475452423,11.397936344146729,0.46733900904655457,7.0112292766571045,0.1314697265625,4.8919571240743,0.3271484375,0.260621577501297,0.00962066650390625,0.2943110466003418,0.33251953125,8.613440990447998,0.09765625,0.3067876696586609,0.3179473280906677,14.626977443695068,0.7733981609344482,0.32959550619125366,0.3639366626739502,0.018177207559347153,0.019990596920251846,0.320164293050766,012a565d39a644ea89685ae6cd4e5d8c,69,012a565d39a644ea89685ae6cd4e5d8c,42,False
21.941275596618652,0.10055240988731384,21.896097660064697,0.9661082029342651,boundary_late_onset_40_20_40,0.83984375,0.22158731520175934,18.527368307113647,0.8630669713020325,0.41948044300079346,10.95900297164917,0.4517933130264282,7.011002779006958,0.216064453125,5.569286187489827,0.546875,0.2839547395706177,0.0191192626953125,0.1132996678352356,0.34228515625,8.328238129615784,0.03338623046875,0.20386339724063873,0.19859027862548828,19.00437831878662,0.8722711205482483,0.6954787969589233,0.35109034180641174,0.05190074071288109,0.041937850415706635,0.1930684596300125,012d625661ad4c76b706f410b9be0640,71,012d625661ad4c76b706f410b9be0640,42,False
23.730690479278564,0.18295405805110931,14.653230905532837,0.8411104679107666,boundary_late_onset_40_20_40,0.96484375,0.22598643600940704,14.099905490875244,0.7688593864440918,0.30615803599357605,9.00957703590393,0.3422521650791168,7.086315631866455,0.114013671875,4.525705496470134,0.306396484375,0.2906358242034912,0.01004791259765625,0.20890924334526062,0.349609375,7.507047057151794,0.11834716796875,0.1839856505393982,0.21836581826210022,14.240057468414307,0.774242639541626,0.44437292218208313,0.3685242235660553,0.025445988401770592,0.0642889142036438,0.18616513907909393,013ff6659943447a9a569fdcbcd3abdb,73,013ff6659943447a9a569fdcbcd3abdb,42,False
23.32730531692505,0.1540382355451584,16.465721130371094,0.9133528470993042,boundary_late_onset_40_20_40,0.9934895833333334,0.20824530720710754,15.704457759857178,0.8357723951339722,0.2916627526283264,8.803725838661194,0.4414844810962677,7.180978536605835,0.2186279296875,5.6942399342854815,0.51025390625,0.2548852562904358,0.02203369140625,0.16524474322795868,0.37451171875,6.588594317436218,0.09326171875,0.16351276636123657,0.2054033726453781,15.729278326034546,0.8363343477249146,0.3919582962989807,0.4011237323284149,0.03504516929388046,0.03980864956974983,0.16176515817642212,014a10fd129844228a18b568b069661d,75,014a10fd129844228a18b568b069661d,42,False
27.780187129974365,0.1639566421508789,22.260942459106445,0.9364157915115356,boundary_late_onset_40_20_40,0.9635416666666666,0.20377913117408752,21.18424892425537,0.8734241127967834,0.19189703464508057,14.676370620727539,0.5955928564071655,7.065711975097656,0.1199951171875,4.729891935984294,0.298828125,0.25797760486602783,0.0064239501953125,0.1727413684129715,0.36376953125,13.730792999267578,0.1136474609375,0.5452329516410828,0.19592556357383728,21.322412490844727,0.8755924701690674,0.10776256769895554,0.25536322593688965,0.0032288641668856144,0.16512508690357208,0.5594695806503296,014ccee408664909b71f80702d003e14,77,014ccee408664909b71f80702d003e14,42,False
22.830209732055664,0.13356803357601166,23.82314920425415,0.9560275673866272,boundary_late_onset_40_20_40,0.8984375,0.24744318425655365,20.12958288192749,0.8417018055915833,0.23676790297031403,13.24844241142273,0.38010740280151367,7.015267610549927,0.166259765625,5.294837474822998,0.365234375,0.3123570680618286,0.01314544677734375,0.16888432204723358,0.31982421875,12.525010108947754,0.09564208984375,0.3214542269706726,0.22666870057582855,20.471246242523193,0.8505029678344727,0.31835049390792847,0.311599463224411,0.02222435362637043,0.03704037517309189,0.36769503355026245,0154c6fe068243d4b2d5a704dad1cbc6,79,0154c6fe068243d4b2d5a704dad1cbc6,42,False
23.03943395614624,0.15159626305103302,16.906977891921997,0.923371434211731,boundary_late_onset_40_20_40,0.9244791666666666,0.23401445150375366,15.759801864624023,0.8375517129898071,0.3361765146255493,9.114952087402344,0.43769341707229614,7.080860376358032,0.11932373046875,4.453851222991943,0.263427734375,0.2509657144546509,0.007427215576171875,0.17877182364463806,0.37548828125,7.1530598402023315,0.0804443359375,0.23057402670383453,0.21904021501541138,16.051008701324463,0.843975305557251,0.3551050126552582,0.4217980206012726,0.021926194429397583,0.006087522953748703,0.234971284866333,0157b39c4b434ceba885ddace4f5b9bd,81,0157b39c4b434ceba885ddace4f5b9bd,42,False
25.369253158569336,0.18016840517520905,17.0629620552063,0.8536235094070435,boundary_late_onset_40_20_40,0.828125,0.24016116559505463,15.82840085029602,0.7666873931884766,0.2985624372959137,10.650750398635864,0.4577289819717407,7.067265272140503,0.1435546875,4.8925628662109375,0.34716796875,0.28501802682876587,0.01262664794921875,0.2043372392654419,0.42919921875,9.97754991054535,0.078369140625,0.22126510739326477,0.20631703734397888,16.575433015823364,0.7961391806602478,0.45706483721733093,0.3881646692752838,0.045905131846666336,0.029848266392946243,0.22406435012817383,015c200ce786438c8e35ddf635d1e236,83,015c200ce786438c8e35ddf635d1e236,42,False
19.407232999801636,0.10390356928110123,22.45701551437378,0.9597390294075012,boundary_late_onset_40_20_40,0.8984375,0.24503208696842194,17.4770987033844,0.8148478865623474,0.46335557103157043,10.521113872528076,0.303720086812973,7.198980093002319,0.2244873046875,5.573066075642903,0.6025390625,0.3916013538837433,0.0294647216796875,0.12102087587118149,0.30322265625,10.302126407623291,0.08807373046875,0.16032011806964874,0.22625812888145447,17.83995509147644,0.8258101344108582,1.0671188831329346,0.44093263149261475,0.07156480848789215,0.19875416159629822,0.1390828937292099,015ee6e84a2d49e9b87dca6fdc4d49b4,85,015ee6e84a2d49e9b87dca6fdc4d49b4,42,False
24.245731830596924,0.16073602437973022,22.49746084213257,0.9441505074501038,boundary_late_onset_40_20_40,0.8984375,0.22468870878219604,20.177345275878906,0.8662007451057434,0.19289278984069824,15.529298782348633,0.618726909160614,7.058522939682007,0.145751953125,4.930801868438721,0.31005859375,0.24934270977973938,0.00907135009765625,0.1840847283601761,0.36083984375,12.957353591918945,0.0938720703125,0.5152737498283386,0.20780816674232483,20.471813678741455,0.8721288442611694,0.1851893961429596,0.240589439868927,0.009532862342894077,0.009653073735535145,0.5265395045280457,01688042f526490ba8fe14aace17a558,87,01688042f526490ba8fe14aace17a558,42,False
18.67439866065979,0.31574150919914246,13.00693392753601,0.8798415660858154,boundary_late_onset_40_20_40,1.0,0.3648815453052521,12.069252729415894,0.7355228066444397,0.4166267514228821,6.671757102012634,0.22000044584274292,7.124636650085449,0.2003173828125,5.209019660949707,0.53662109375,0.2827093303203583,0.0286102294921875,0.2714599072933197,0.2109375,3.472685217857361,0.08526611328125,0.0472639724612236,0.3648815453052521,12.069252729415894,0.7355228066444397,1.533462405204773,0.5672889351844788,0.11187170445919037,0.010231963358819485,0.03606686368584633,0170db45fb744c4b91ffdf97a3f75ea3,89,0170db45fb744c4b91ffdf97a3f75ea3,42,False
20.01326560974121,0.1596602201461792,20.352609157562256,0.9378912448883057,boundary_late_onset_40_20_40,1.0,0.24824166297912598,17.362838983535767,0.8028923869132996,0.4093520939350128,10.809117555618286,0.27763843536376953,6.90809178352356,0.185546875,5.438676993052165,0.452880859375,0.34157201647758484,0.0158233642578125,0.20140862464904785,0.275390625,9.589460492134094,0.08331298828125,0.14079953730106354,0.24824166297912598,17.362838983535767,0.8028923869132996,1.017327904701233,0.4039190113544464,0.08713656663894653,0.13747549057006836,0.16772957146167755,017e5dfc6d0d4c12b3f1196d85a16c9b,91,017e5dfc6d0d4c12b3f1196d85a16c9b,42,False
25.275750160217285,0.13326682150363922,21.049723625183105,0.9228076934814453,boundary_late_onset_40_20_40,0.83984375,0.20154879987239838,19.19002413749695,0.8340378403663635,0.2618081271648407,13.97547960281372,0.5116587281227112,7.207453489303589,0.1546630859375,5.199190457661946,0.3779296875,0.2692924439907074,0.011077880859375,0.14002573490142822,0.34814453125,11.927660703659058,0.07550048828125,0.36734670400619507,0.17809085547924042,19.80579376220703,0.8486725091934204,0.29598838090896606,0.27165353298187256,0.011754249222576618,0.0656546950340271,0.37611109018325806,018487b190aa472caf198b265a3b4d61,93,018487b190aa472caf198b265a3b4d61,42,False
26.696677207946777,0.17603197693824768,22.805659770965576,0.9176133275032043,boundary_late_onset_40_20_40,0.9361979166666666,0.23109593987464905,21.320788860321045,0.8466512560844421,0.21972109377384186,15.778915882110596,0.5185075402259827,7.315266370773315,0.11474609375,4.730615774790446,0.2763671875,0.2632894515991211,0.0076141357421875,0.18211643397808075,0.2783203125,15.14330506324768,0.09423828125,0.5354516506195068,0.21884645521640778,21.540145874023438,0.8519150614738464,0.16821660101413727,0.25760239362716675,0.006516346707940102,0.021872181445360184,0.5504277944564819,018f683e86ea42eb8e98935e890eb9fd,95,018f683e86ea42eb8e98935e890eb9fd,42,False
27.038824558258057,0.22193428874015808,15.59367060661316,0.8653620481491089,boundary_late_onset_40_20_40,0.9895833333333334,0.2635219991207123,15.308902263641357,0.8102927803993225,0.2490636706352234,9.640356302261353,0.5144449472427368,7.011841297149658,0.1268310546875,4.8632121086120605,0.309814453125,0.25345346331596375,0.008453369140625,0.23666444420814514,0.4267578125,8.68270754814148,0.10430908203125,0.2985488772392273,0.2526542842388153,15.352538824081421,0.8114905953407288,0.1919291466474533,0.32182249426841736,0.009314284659922123,0.09749697148799896,0.30145323276519775,019c097c504c4e1dbefcd1079619b8cf,97,019c097c504c4e1dbefcd1079619b8cf,42,False
27.331786155700684,0.2166329026222229,22.778239250183105,0.9319856762886047,boundary_late_onset_40_20_40,0.9739583333333334,0.2729105055332184,21.602959632873535,0.8754979372024536,0.13286815583705902,16.191678047180176,0.5997890830039978,7.0778844356536865,0.10394287109375,4.154545148213704,0.22314453125,0.23489536345005035,0.005886077880859375,0.22462211549282074,0.31884765625,15.627244710922241,0.07940673828125,0.6450207233428955,0.258577436208725,21.69621706008911,0.8769890069961548,0.06843890249729156,0.2007201462984085,0.001268673804588616,0.00939740426838398,0.6623536348342896,01a4a9aa5dfc4436891849a88f2e99e7,99,01a4a9aa5dfc4436891849a88f2e99e7,42,False
25.70120096206665,0.2392992228269577,19.49025869369507,0.9048420786857605,boundary_late_onset_40_20_40,0.9817708333333334,0.2877171039581299,18.653042316436768,0.8351334929466248,0.24025675654411316,12.271018028259277,0.4460935890674591,7.597352743148804,0.12432861328125,4.687886714935303,0.26611328125,0.24868367612361908,0.006649017333984375,0.25012144446372986,0.32568359375,12.363781929016113,0.071533203125,0.4965360760688782,0.2822798788547516,18.724191188812256,0.8368591070175171,0.20404168963432312,0.23483054339885712,0.009889352135360241,0.03400608152151108,0.5256509780883789,01b853942c324f83a89d27e97796200c,101,01b853942c324f83a89d27e97796200c,42,False
20.05690574645996,0.09428095817565918,19.97168779373169,0.9215465188026428,boundary_late_onset_40_20_40,0.8828125,0.17393550276756287,16.927653551101685,0.8147320747375488,0.3498194217681885,10.43988823890686,0.3763587474822998,7.491731882095337,0.177978515625,5.35475508371989,0.4541015625,0.2958672046661377,0.01457977294921875,0.12319968640804291,0.40625,10.281792879104614,0.0943603515625,0.22596614062786102,0.16511845588684082,17.241086959838867,0.8262563943862915,0.5098642110824585,0.3841705322265625,0.03448870778083801,0.023252073675394058,0.2362089306116104,01c80c7c0e954db9a53a11fabc2053eb,103,01c80c7c0e954db9a53a11fabc2053eb,42,False
23.457918167114258,0.09123638272285461,25.434107780456543,0.9669476747512817,boundary_late_onset_40_20_40,0.96875,0.15901239216327667,21.417481899261475,0.8793768882751465,0.28255441784858704,13.731186389923096,0.5409072637557983,7.353303670883179,0.14501953125,5.16651980082194,0.384033203125,0.2743578851222992,0.01422882080078125,0.10753672569990158,0.34033203125,13.465632200241089,0.051910400390625,0.44800224900245667,0.1541915237903595,21.49651527404785,0.8806476593017578,0.19822543859481812,0.24736309051513672,0.004247545264661312,0.009051003493368626,0.47429484128952026,01d1c15787514d14a4538256a88b43a5,105,01d1c15787514d14a4538256a88b43a5,42,False
24.159233570098877,0.16213589906692505,18.44481348991394,0.9273408055305481,boundary_late_onset_40_20_40,0.88671875,0.2345072478055954,17.093929052352905,0.8470802903175354,0.17599105834960938,10.386545658111572,0.47411441802978516,7.355229139328003,0.151123046875,4.945202827453613,0.32275390625,0.27535268664360046,0.009796142578125,0.14205098152160645,0.34716796875,9.13258969783783,0.12249755859375,0.4182293117046356,0.2156289964914322,17.5217068195343,0.8561241030693054,0.2117210477590561,0.37083861231803894,0.013681786134839058,0.09474407881498337,0.4390712380409241,01d9dd3aa5dc46c3a44bfd40d5898c0e,107,01d9dd3aa5dc46c3a44bfd40d5898c0e,42,False
25.89991807937622,0.1350749135017395,24.20876979827881,0.9373936057090759,boundary_late_onset_40_20_40,1.0,0.18719181418418884,22.159900665283203,0.8652086853981018,0.29575246572494507,15.189821720123291,0.5564049482345581,7.500998020172119,0.153076171875,5.109807968139648,0.384033203125,0.2636883556842804,0.010772705078125,0.13564923405647278,0.31591796875,14.62934136390686,0.070556640625,0.4308135509490967,0.18719181418418884,22.159900665283203,0.8652086853981018,0.2751946747303009,0.252838671207428,0.008967729285359383,0.0605521984398365,0.4418405592441559,01f0c1dd487e43f795830fe6008142e4,109,01f0c1dd487e43f795830fe6008142e4,42,False
32.74955749511719,0.32153022289276123,20.19200325012207,0.8697662949562073,boundary_late_onset_40_20_40,0.87109375,0.36686497926712036,19.449617862701416,0.8097022771835327,0.11648692935705185,19.12463903427124,0.6116716265678406,7.286134719848633,0.10430908203125,4.173171202341716,0.26806640625,0.27690884470939636,0.007724761962890625,0.3039368689060211,0.36669921875,14.676012992858887,0.07879638671875,0.548429548740387,0.32853585481643677,20.02204418182373,0.826956033706665,0.08997950702905655,0.18497218191623688,0.002164903562515974,0.010114534758031368,0.5591118931770325,01f3115282994da9b32967eb2075d4aa,111,01f3115282994da9b32967eb2075d4aa,42,False
27.24015474319458,0.29488423466682434,14.12180781364441,0.8406561613082886,boundary_late_onset_40_20_40,0.97265625,0.32571813464164734,13.85532021522522,0.7900722622871399,0.2601495087146759,8.69644820690155,0.5032607913017273,7.368815660476685,0.097900390625,4.407559076944987,0.246826171875,0.2455408275127411,0.005401611328125,0.30688515305519104,0.39453125,8.537951707839966,0.1378173828125,0.4105023741722107,0.312849223613739,13.97119402885437,0.7939677238464355,0.11664142459630966,0.2963005006313324,0.006753529421985149,0.038428157567977905,0.4196167588233948,01f3fb1336a444309e9959d359c8b4ab,113,01f3fb1336a444309e9959d359c8b4ab,42,False
24.102637767791748,0.1034332886338234,22.891416549682617,0.9563011527061462,boundary_late_onset_40_20_40,0.957489013671875,0.16225403547286987,20.445046424865723,0.875645637512207,0.3152928650379181,11.736153364181519,0.5116622447967529,7.5221333503723145,0.1976318359375,5.250777403513591,0.415771484375,0.2673376798629761,0.01153564453125,0.12923072278499603,0.40283203125,11.351046562194824,0.067138671875,0.3687252700328827,0.1500202864408493,20.57786464691162,0.8776313066482544,0.39490586519241333,0.29963982105255127,0.01774349994957447,0.17456182837486267,0.3862537145614624,01f6b5adc5c44c17b159d7dc2f7f6dd6,115,01f6b5adc5c44c17b159d7dc2f7f6dd6,42,False
27.610116004943848,0.2233634740114212,20.355279445648193,0.8872631788253784,boundary_late_onset_40_20_40,0.90625,0.2740616500377655,19.378143548965454,0.822679877281189,0.17413955926895142,14.29301381111145,0.5549216866493225,7.314772844314575,0.10736083984375,4.421459039052327,0.26220703125,0.24530403316020966,0.006725311279296875,0.22531959414482117,0.33154296875,13.830538988113403,0.1239013671875,0.5071437954902649,0.25371265411376953,19.762405157089233,0.8338914513587952,0.16395390033721924,0.23257417976856232,0.005436226725578308,0.07959763705730438,0.5183733105659485,01fb4fff624544a88317709570572e0f,117,01fb4fff624544a88317709570572e0f,42,False
24.495761394500732,0.1861095428466797,22.73947238922119,0.9516549706459045,boundary_late_onset_40_20_40,0.9609375,0.24603208899497986,20.632309913635254,0.8793438673019409,0.3131727874279022,11.320075988769531,0.538175642490387,7.432881832122803,0.1024169921875,4.517133076985677,0.2197265625,0.24447841942310333,0.00559234619140625,0.19251573085784912,0.31103515625,13.677359819412231,0.0819091796875,0.5966511368751526,0.2407345324754715,20.740408897399902,0.8809902667999268,0.2018851488828659,0.19768856465816498,0.010845557786524296,0.010918691754341125,0.6299521327018738,01ffee46c0644a17a8ac9f9f3bf7ef4d,119,01ffee46c0644a17a8ac9f9f3bf7ef4d,42,False
23.171374797821045,0.02299058996140957,47.48596668243408,0.9997686743736267,boundary_late_onset_40_20_40,0.7296295166015625,0.30145442485809326,22.66193151473999,0.8595673441886902,0.020983967930078506,19.015811681747437,0.7455672025680542,7.51957106590271,0.073486328125,3.5844662189483643,0.33935546875,0.2561815083026886,0.0157928466796875,0.06528925895690918,0.0908203125,12.184233665466309,0.06494140625,0.18542055785655975,0.27515295147895813,23.15659761428833,0.8733223676681519,1.2038122415542603,0.2404676228761673,0.04819301515817642,0.17931334674358368,0.14596636593341827,02010e17a28845cc921858cc24ece163,121,02010e17a28845cc921858cc24ece163,42,False
22.578816413879395,0.22300277650356293,14.920252561569214,0.8431141376495361,boundary_late_onset_40_20_40,0.96484375,0.28657710552215576,14.224790334701538,0.7659686803817749,0.28937917947769165,9.451203346252441,0.3500908613204956,7.66646146774292,0.1351318359375,4.7115217844645185,0.2998046875,0.2784762978553772,0.00873565673828125,0.22927641868591309,0.3583984375,8.029956817626953,0.11041259765625,0.2529206871986389,0.27112090587615967,14.365062713623047,0.7716354727745056,0.404504656791687,0.37647056579589844,0.027918178588151932,0.06621026247739792,0.2645435929298401,020bc99c57c04bf6abfc9fe91a6a1215,123,020bc99c57c04bf6abfc9fe91a6a1215,42,False
24.376239776611328,0.1989867240190506,21.292152404785156,0.9219809770584106,boundary_late_onset_40_20_40,1.0,0.24410125613212585,19.831596612930298,0.8541833162307739,0.1770564764738083,13.934638500213623,0.5172793865203857,7.402901887893677,0.1387939453125,4.750634670257568,0.26953125,0.2734736502170563,0.007709503173828125,0.20769251883029938,0.345703125,14.005166292190552,0.06964111328125,0.5737069845199585,0.24410125613212585,19.831596612930298,0.8541833162307739,0.10923539102077484,0.26097267866134644,0.002672760747373104,0.009380942210555077,0.597599446773529,021504573eab4f8995e46ac306744e04,125,021504573eab4f8995e46ac306744e04,42,False
19.750393629074097,0.08288243412971497,23.123178482055664,0.9685612916946411,boundary_late_onset_40_20_40,0.953125,0.2145756036043167,18.146308660507202,0.8599586486816406,0.45101189613342285,9.85985815525055,0.3798397183418274,7.465536832809448,0.23974609375,5.555120944976807,0.59228515625,0.3265720307826996,0.0301055908203125,0.08515505492687225,0.40478515625,9.271480441093445,0.06927490234375,0.17902690172195435,0.20959460735321045,18.231281042099,0.8623977303504944,0.9997639060020447,0.4508412480354309,0.07810306549072266,0.04397068917751312,0.18599116802215576,021a5902e34c4742a828335c86bfe4cd,127,021a5902e34c4742a828335c86bfe4cd,42,False
21.960816383361816,0.1450449824333191,18.570387363433838,0.9217100143432617,boundary_late_onset_40_20_40,0.9427083333333334,0.2586527168750763,16.870474815368652,0.8221251368522644,0.353669673204422,10.799510478973389,0.3496553599834442,7.257220506668091,0.1920166015625,5.517152786254883,0.493408203125,0.29259222745895386,0.0177154541015625,0.1670786738395691,0.3193359375,8.601245880126953,0.0859375,0.18019315600395203,0.24845057725906372,17.072161436080933,0.8276923298835754,0.605028510093689,0.38975217938423157,0.04497841000556946,0.06380277872085571,0.18634362518787384,0228c654c3b44da99c4b3b75d5f8b1cb,129,0228c654c3b44da99c4b3b75d5f8b1cb,42,False
22.04787254333496,0.15658101439476013,18.245004415512085,0.9118736386299133,boundary_late_onset_40_20_40,0.9427083333333334,0.24296866357326508,16.68095111846924,0.8251708149909973,0.2876313328742981,10.1539945602417,0.4098071753978729,7.431895971298218,0.1907958984375,5.529622395833333,0.4345703125,0.26761579513549805,0.0164794921875,0.17259015142917633,0.3828125,8.87498676776886,0.11309814453125,0.2521582841873169,0.230260968208313,16.882773637771606,0.8307136297225952,0.391101598739624,0.3730555772781372,0.026339327916502953,0.10685759037733078,0.26413679122924805,022c1581dcd44145a86c1522d7ab44d3,131,022c1581dcd44145a86c1522d7ab44d3,42,False
26.381776332855225,0.20882746577262878,20.61457633972168,0.9159063696861267,boundary_late_onset_40_20_40,0.91796875,0.2693408727645874,19.43933606147766,0.8484745621681213,0.20347855985164642,14.228907823562622,0.5279464721679688,7.511830568313599,0.11798095703125,4.52299960454305,0.264892578125,0.26677989959716797,0.0087127685546875,0.2138039469718933,0.337890625,13.1340491771698,0.12261962890625,0.4943368434906006,0.25363171100616455,19.75924253463745,0.8555378317832947,0.14519184827804565,0.244021475315094,0.006156160030514002,0.019674068316817284,0.5098837614059448,0247b01389f541e8a22ab2f98e44c953,133,0247b01389f541e8a22ab2f98e44c953,42,False
21.50736093521118,0.24179121851921082,13.938283920288086,0.8618030548095703,boundary_late_onset_40_20_40,0.94140625,0.32759061455726624,13.093041181564331,0.7499096989631653,0.4330306947231293,7.7875858545303345,0.2831549644470215,7.544529676437378,0.16748046875,5.2063954671223955,0.45751953125,0.2595160901546478,0.017822265625,0.2588559091091156,0.2705078125,5.971637964248657,0.1077880859375,0.1420738250017166,0.31731194257736206,13.34238886833191,0.7602027058601379,0.9662700891494751,0.3516727387905121,0.059729404747486115,0.025170916691422462,0.14679090678691864,024b1ec28a404f46866c62a69d6370d8,135,024b1ec28a404f46866c62a69d6370d8,42,False
23.119149208068848,0.13413383066654205,20.782082080841064,0.8960201740264893,boundary_late_onset_40_20_40,0.953125,0.22029447555541992,18.918938636779785,0.8135038614273071,0.29092055559158325,12.335205078125,0.4484300911426544,7.379404544830322,0.1358642578125,4.908681392669678,0.30322265625,0.2775436341762543,0.0099639892578125,0.15932507812976837,0.3623046875,12.552746534347534,0.08770751953125,0.31358999013900757,0.21403153240680695,19.03257131576538,0.8180287480354309,0.3891465663909912,0.32943832874298096,0.02088473178446293,0.01840272545814514,0.32103779911994934,025828c4084440649cde38135a9d8a2e,137,025828c4084440649cde38135a9d8a2e,42,False
26.433074474334717,0.21790501475334167,20.813944339752197,0.8925929665565491,boundary_late_onset_40_20_40,1.0,0.26694148778915405,19.957737922668457,0.8308722376823425,0.24685466289520264,14.112769365310669,0.4900972545146942,7.441986560821533,0.130126953125,4.90757433573405,0.32080078125,0.2708834111690521,0.0079193115234375,0.23055779933929443,0.35302734375,13.937175273895264,0.0701904296875,0.5049973726272583,0.26694148778915405,19.957737922668457,0.8308722376823425,0.1743401437997818,0.2778956890106201,0.010449477471411228,0.009392860345542431,0.522425651550293,025cf7f3f4524bf7b69a822007bcdf3a,139,025cf7f3f4524bf7b69a822007bcdf3a,42,False
26.19894504547119,0.13969987630844116,22.62657642364502,0.936054527759552,boundary_late_onset_40_20_40,0.8984375,0.19707874953746796,20.83550214767456,0.8630234003067017,0.21143409609794617,13.715170621871948,0.5130658745765686,7.359663724899292,0.128173828125,4.625676314036052,0.267822265625,0.26690858602523804,0.00637054443359375,0.15177908539772034,0.3486328125,13.731628656387329,0.11273193359375,0.507051944732666,0.17515915632247925,21.219475269317627,0.8696778416633606,0.19745194911956787,0.26474684476852417,0.007191463839262724,0.13665199279785156,0.5328599810600281,0278450d1e324c33904e160e115f6fbd,141,0278450d1e324c33904e160e115f6fbd,42,False
24.141860008239746,0.10386165976524353,22.701621055603027,0.9594191312789917,boundary_late_onset_40_20_40,0.88671875,0.1924636960029602,20.09357452392578,0.8693026304244995,0.24208779633045197,12.527073621749878,0.5237649083137512,7.300174951553345,0.211181640625,5.548519134521484,0.5302734375,0.28273701667785645,0.01953125,0.1104050800204277,0.396484375,10.629384517669678,0.048675537109375,0.35683226585388184,0.17992742359638214,20.466103553771973,0.875232458114624,0.2052682638168335,0.26069876551628113,0.006635589059442282,0.009048779495060444,0.36247384548187256,02871968fcbd46dc9f5059ec1fc7d13b,143,02871968fcbd46dc9f5059ec1fc7d13b,42,False
22.455079555511475,0.10975177586078644,21.795971393585205,0.9383559823036194,boundary_late_onset_40_20_40,0.953125,0.19022893905639648,19.159613847732544,0.8486301302909851,0.39684346318244934,12.387542724609375,0.504214882850647,7.519164323806763,0.1876220703125,5.493338108062744,0.50537109375,0.2775799632072449,0.0210418701171875,0.13385622203350067,0.38720703125,11.157417297363281,0.06097412109375,0.2808747887611389,0.1812492161989212,19.279541969299316,0.8516775965690613,0.4804854691028595,0.28051313757896423,0.02613459713757038,0.04581913724541664,0.27437925338745117,028f74fc5b384764826acb595846b9d8,145,028f74fc5b384764826acb595846b9d8,42,False
25.137927532196045,0.09505290538072586,23.86589527130127,0.9566135406494141,boundary_late_onset_40_20_40,0.8125,0.15843138098716736,20.89897871017456,0.8653062582015991,0.23764504492282867,14.669526815414429,0.5508533716201782,7.327511787414551,0.1802978515625,5.410406112670898,0.401123046875,0.2684471905231476,0.01059722900390625,0.10637699067592621,0.3701171875,12.615300416946411,0.042572021484375,0.40592125058174133,0.1392396241426468,21.586623191833496,0.8772491216659546,0.2341528683900833,0.2615732252597809,0.007770567201077938,0.02296183817088604,0.42181119322776794,029bf16fe8e2495bbadd991b7358559a,147,029bf16fe8e2495bbadd991b7358559a,42,False
20.331547260284424,0.12150436639785767,21.072113513946533,0.9220804572105408,boundary_late_onset_40_20_40,0.9479166666666666,0.23800069093704224,17.815309762954712,0.8296380043029785,0.3335091769695282,10.628550052642822,0.39712244272232056,7.371829032897949,0.170166015625,5.261767546335856,0.4638671875,0.29598841071128845,0.0212554931640625,0.17514432966709137,0.4365234375,11.503100395202637,0.11846923828125,0.24571959674358368,0.22525689005851746,17.944083213806152,0.8340423107147217,0.47668009996414185,0.36708420515060425,0.024819951504468918,0.030428197234869003,0.25193580985069275,029e028b4a6842c29183b6a30bb2f04e,149,029e028b4a6842c29183b6a30bb2f04e,42,False
