object_uid,object_idx,layer_llh:ciede2000,layer_llh:logerr_laplacian_variance,layer_llh:logerr_rgb_std,layer_llh:logerr_gradient_magnitude
00001ec0d78549e1b8c2083a06105c29,0,16.38538360595703,1.74504382106928,0.782399982457909,1.6459564406072131
0005d5eb0eb847648bf2e76f6931ed48,1,28.743305206298828,0.0384297137669157,0.2828833341720047,0.4445886946489712
0005df571e71437991594d0affec9c2b,2,24.97246551513672,0.03601989099304616,0.33718219400052796,0.36292711565837016
000c895f9ef6491894ac588634f3d2b5,3,17.52056312561035,0.2930571523523801,0.37051928694748565,0.9487710383660577
000d1c5d169f4fda93a32f2eaeac80d8,4,14.244671821594238,0.4028230679317188,0.05235488597203062,0.6166845589316594
00133744383047b888486d10548eb32d,5,15.889870643615723,0.8118168507200567,0.6458104445866846,0.1722269917789756
0013d88f17a245b0bff5ebe713bd72ab,6,31.530344009399414,0.6533395921480134,0.5825001923817181,0.05170362929013068
0015eb3cf53b4339b2d0532cf912ab26,7,44.46558380126953,0.09558689177273698,0.10417719680455284,0.4959265409970711
001e6d1b655542b48dbe00f3a3ccc616,8,13.010318756103516,0.05269833067293452,0.6407925585093911,0.5250200255768482
001f17841a2642e4a9fa2f9b1687aa1e,9,32.26628494262695,0.2864773250809296,0.7321708704524555,0.3176356377236053
0029e901155f414696aa6b470cbe40d4,10,26.809497833251953,0.9626533499911369,0.3108443048064156,0.5265515203998955
00317d7cb89c4f84b28090ec8eeb361a,11,10.525218963623047,1.148848290816838,0.38631875392049764,1.4207472352385897
003245510e8f4bcb98f1794348606f68,12,21.245107650756836,1.1615347808282486,0.8421036153195972,0.5446444219397575
004459ae7559418fad89ddb73e140b56,13,27.359893798828125,0.0535082505015165,0.3354895104783792,0.33802396528992956
0047b3f31cc844d2bfe8e59820b87312,14,29.082592010498047,0.81650733536198,0.7466558134239067,0.24717987096967464
0048e8224b174b759771e39ff521ee2e,15,35.251949310302734,0.44019923015164053,0.23178693889576646,0.4526617229041347
004a33ffd2654583822bdd2eed1241ba,16,14.54629898071289,1.2696401669042745,0.7168198092019543,1.106483688634778
0050d3fb84444ea1b9079a1575887aa1,17,15.966057777404785,0.35636412563599246,0.35114324058813084,0.8949239678343681
00519a09c83e410f9734b3cfe8bcb604,18,40.21033477783203,1.4448093871964418,0.30571908519007956,0.4766274252249291
0053d2ac9bc14142bffaa42593c00a8a,19,19.979154586791992,0.7988082324920771,0.024898910718506514,0.778218133745022
005c0d7ccf7749f99a4cc8e88bda073d,20,45.73640060424805,0.5656243260279652,0.2998415001511916,1.0845859684026598
005ee892a99b4ae8a26bb1c8123fdd80,21,29.583024978637695,2.6515036095253013,1.3497796311416301,0.9708678706503918
006ce7ce9e1b45558fe805882a705991,22,20.826940536499023,0.8272269104556905,0.5522155765413187,0.21843767512402715
006d40ce26e64b4c930124ddae278c05,23,22.542057037353516,0.0754671853043255,0.1819845218574463,0.4795569987420771
00713006ea594a598ad966c5b36c7922,24,24.945737838745117,0.03023855923008995,0.15396905447699952,0.08084570608683755
0078e62e7d774effa973885c78ffbf6a,25,17.723445892333984,2.9671245660833185,0.8296472391461425,1.833300567719316
007ced0c381749a394866f5fa71fd303,26,23.588054656982422,0.2515591773484108,0.19414522645572924,1.190964947119022
00820ef5fe4843cf8beef97281048215,27,40.689537048339844,0.6140538783304291,0.7883385273545304,0.3599704401785464
008f8f5241b947f29838e2a780e3790a,28,39.101871490478516,1.9347556150060965,1.0505164125977848,0.4085566374528774
0092c97c01714eb98d6f4b635c5ee9ec,29,19.957082748413086,0.6959613974998534,0.99702633337107,0.47797811050613986
00a1a602456f4eb188b522d7ef19e81b,30,24.86460304260254,0.8930769337160207,0.26463684143360944,1.0138814787825376
00a1d892548542c7ab83565070737d6b,31,48.2943115234375,1.2027188439462015,0.6874080961289529,0.23327044820924855
00a38a2327cd41b885d6ebbb6ac0a91c,32,14.028300285339355,0.6809940507762742,0.06069428643478702,0.9500206457357402
00a69ec5e0cb4e1b9c6d6285bde5de3e,33,37.4322624206543,0.3048904382697096,0.40544222162207644,0.6887005957769493
00a776f578304cce8c096fc0034582ef,34,31.725711822509766,0.30808249955774314,0.06431404974621509,0.8281973645156577
00a97894440b42ebbde2435e9430106c,35,25.419418334960938,0.2474387047131191,0.8121247406587093,0.562150611581742
00a9925ae746466b91ce457c67bef43f,36,27.948728561401367,0.1827359036368385,0.34920893507522266,0.28652651171762844
00ae6eda19634ee6b0a4a52789c9ff90,37,15.223283767700195,1.8424708398449792,0.7366085016730649,2.3834702859547594
00bc54b70fea4c94bf54bdb4d041522c,38,18.488542556762695,0.5938944029469789,0.22729777260618983,0.37955273988994226
00bf94f9be9346d5bf6fcdb88e0f68c3,39,30.812280654907227,1.0569364862290533,0.41892247478342753,0.045028165629427894
00c01670fa9545fc82e1fbfb9f70a259,40,37.85795974731445,1.9681396969184648,0.6815080649773879,1.041958070982963
00c1673e7c8e4c2fbc0c9a1084acc067,41,13.923568725585938,1.1307424229724914,0.5460815986036511,0.837281067373563
00c5fc33cf54446093cca570c2ac5db0,42,13.463839530944824,0.9200201072671175,0.29065665501191806,0.7048167736472432
00cc1d02ab5c4e1abcbc080bbdc6bdc4,43,23.5844783782959,0.6259157782763822,0.6210153041958061,0.6621530515534878
00d319b11c2c41c6b9a36287abf6922e,44,18.99472999572754,1.1041874190966936,0.7936124602121621,0.0459846984972281
00d9bd8bee204fe3a42c320ce24a32fd,45,28.229755401611328,0.5793023848120018,0.5760627874892091,0.029324832520734166
00da1beacd7e456f81bcdd0343048166,46,15.042248725891113,0.4903332398614853,0.051790833054705186,0.5633190564795673
00db57d6cb5540089860f0de1d2c643d,47,13.426060676574707,1.1807767803811184,0.19345480336078422,1.208987795085115
00ddbd37e24c43569cb77919361bfaa9,48,32.78621292114258,0.6860773633522802,0.8136984159721132,1.3466067767209016
00e99d9188c64441b8ae7a3f73f37164,49,13.641271591186523,0.8217425456820169,0.6845721233160186,1.2391144692483351
00ea067d2d0d4e5abbe36abcdd2117b9,50,35.17217254638672,2.8760741986904703,1.273840791108106,1.235537141446451
00ed0007c9c84409adb2e257fad235d1,51,18.17707061767578,1.0472694896832961,1.0542444896090366,1.278100571359886
00ef198a19a8403d903dbfa7cfaaf9bd,52,29.52862548828125,0.7083465621713041,0.21790703740778403,0.03417143208814377
00f9cb1a42b4498e838107f82557c9f3,53,23.924243927001953,0.8050663309266234,0.03205055007640144,1.045442510717182
00fa05ae10834647a8bf00c5a5a899a1,54,19.452608108520508,0.6764155525168883,0.4034506774190688,0.14945869018688088
00fab46ab0134de8b7c6b39f9ef2f708,55,30.764759063720703,1.328851824375852,0.47990010800089333,0.31194516535756234
00fadd5980ed4228bc28217eb11c5d27,56,37.666664123535156,0.33971137135648316,0.7534820117842524,0.7323817270009619
00fd070ec367496582cb9410fb8d84a2,57,16.315778732299805,2.381767980817503,1.012464579283219,1.6490391269999003
00fe064ec39f4f42a8301f6699c37455,58,15.694704055786133,0.6230079938667717,0.2292924844122054,0.30824177490110416
00fe7b40923644c3bf15be6fcb8195c2,59,11.747899055480957,0.09329411575240344,0.34113975336128716,0.8657165560876974
01052f325d2a4422bf1dea6567d78347,60,31.071102142333984,1.9123902033158595,1.3301162467411953,2.307248930738142
0116e8e2de78456cab731ff73f65349f,61,11.537686347961426,2.0912562122934744,0.6513875021276151,1.4184240871189053
0118607beaed4571b94615a611bab570,62,24.44870948791504,0.08535216764827094,0.33511331256400045,0.4438434775661106
011a2229b2f949ffaac35b39e9ee9d78,63,22.66661834716797,0.7707595988496506,0.556748364980148,0.42852381087472197
011e8dd9d04e4257b4c094b9cf279280,64,34.29143524169922,1.2071700954091222,0.1448746099969387,0.2301833066432198
012323854937400b839b3bedf4faa010,65,22.92258644104004,1.7610264136462597,0.552540666834996,0.183074166157742
0123ecfeeaf14efc8183597f2099e925,66,21.650230407714844,0.8826769324444983,0.7934049324101984,0.34044907543253206
012648b0eed74f67ad28527119aac2c4,67,14.514293670654297,3.4990059894190084,0.3124453512049425,2.4835642785759364
012989686a534d73bd7989501e713630,68,29.093772888183594,0.1753837262856324,0.007605141793267155,0.2262329315682078
012a565d39a644ea89685ae6cd4e5d8c,69,33.96693801879883,0.7604990559237083,0.20088153519587182,0.6686864985467376
012c0d5217494d12881d6b089bed0232,70,21.191757202148438,0.15166207847356727,0.08586689515352292,0.2434357184200843
012d625661ad4c76b706f410b9be0640,71,33.9473876953125,0.4499324326502613,0.22332615771825098,0.2636846179794705
013c9572481f47a3adb59c76a934e1e4,72,29.731769561767578,0.4168700497741512,0.3580838621374993,0.09391177703544566
013ff6659943447a9a569fdcbcd3abdb,73,38.27995300292969,0.9261804903403885,0.6266643716660891,0.2739636226964605
0144192045784fc8906de276b4e09eaa,74,22.70806312561035,0.6523421329243676,0.04414301443586723,0.1713193827819229
014a10fd129844228a18b568b069661d,75,40.22697830200195,0.629528071045039,0.20809903506832622,1.0094241678139353
014ca29813304ce68204fb48dc217636,76,19.44481658935547,1.2264776122648342,0.6341900275011298,1.1192048840511302
014ccee408664909b71f80702d003e14,77,17.87120246887207,1.7270171361945614,0.5179852263099909,1.870272358197434
01531de593f3468084dab12f6515e8e1,78,38.19301986694336,0.49935541992638954,0.12213714956188212,0.3880740888758453
0154c6fe068243d4b2d5a704dad1cbc6,79,20.561323165893555,0.5653996857350503,0.29168231564501623,0.5614262218715905
01551e922711450f92b50843d4e0f2be,80,22.266202926635742,0.863512313104878,0.013473467087440865,0.6879253916878074
0157b39c4b434ceba885ddace4f5b9bd,81,40.73351287841797,1.1459033337051332,0.24007407732361288,0.32544456135593697
0158a691a8a64bd39527c6f9e750c8ee,82,16.626556396484375,0.24410910289717452,0.31074801113068234,0.9281019355163704
015c200ce786438c8e35ddf635d1e236,83,29.985807418823242,1.2069112701749571,0.4014256407778544,0.12948999338876171
015d02aa38e04950825ec5f8dc3d533d,84,20.433225631713867,0.36381577712033325,0.06493822738555655,0.9978428507637823
015ee6e84a2d49e9b87dca6fdc4d49b4,85,29.437902450561523,0.804089961273056,0.03405659331254446,0.20178334215022964
016576dd30c1464f9115584748950ed2,86,19.965429306030273,0.32918905690888434,0.11461960339345033,0.7426795305191191
01688042f526490ba8fe14aace17a558,87,19.361543655395508,0.5724057487940915,0.17215127727202256,0.5533757863879072
0169a7e8458246b1b371706f507ec511,88,17.607101440429688,0.7982220471001574,0.6851284939980563,0.8431643913279457
0170db45fb744c4b91ffdf97a3f75ea3,89,66.02238464355469,0.5737799722117068,1.3897636354777532,0.17199987972480768
017c41aac5db41f3bfe2f7938a4834d1,90,21.020490646362305,0.46985541783118207,0.2066832437014034,0.7395326200781539
017e5dfc6d0d4c12b3f1196d85a16c9b,91,30.835906982421875,0.15268828463361095,0.2533383101385293,0.19895146535649422
018034e069134727b9e6e5627234f42f,92,18.05301856994629,0.07261515308785568,0.5314343288276836,0.9007489382060279
018487b190aa472caf198b265a3b4d61,93,24.43437385559082,0.12950978481184858,0.3985506019165538,0.46650199561075795
0184e485100e433c9032f2132e99e095,94,25.411455154418945,0.0854691365774075,0.03182079434198767,0.43798358882303245
018f683e86ea42eb8e98935e890eb9fd,95,16.083250045776367,0.2840088273752922,0.2561582969510204,0.594837109647853
019a31cb0c1646758bc44d47366e32e6,96,16.105396270751953,1.6423412493527128,0.4432033543222924,2.0317752924252774
019c097c504c4e1dbefcd1079619b8cf,97,42.30507278442383,0.3132325761072187,0.010113719944894108,1.1671869125994048
019cdc2fe9da4327aa8d617401d8189b,98,26.892066955566406,0.9887057751528581,0.6033592857027008,0.18066385243927635
01a4a9aa5dfc4436891849a88f2e99e7,99,15.034195899963379,1.546000377566259,0.16511644194960035,1.8262046404545573
01a76c394cc640f6ad469199166ece29,100,26.590091705322266,0.08392559335237967,0.24109841811619023,0.30063873790569773
01b853942c324f83a89d27e97796200c,101,21.265281677246094,0.21273485111149434,0.7859415336163816,0.6912156547669525
01c7a9010fa6463897e5919443c72886,102,40.513214111328125,0.024438712856169633,0.7916320765894361,0.7598479273206774
01c80c7c0e954db9a53a11fabc2053eb,103,25.82773208618164,0.4207099618215171,0.2543089138641,0.4591328839902076
01d0e94dc746416484c9157bbe320203,104,23.7874813079834,0.5894705475252179,0.3598884700091374,0.1466604750006824
01d1c15787514d14a4538256a88b43a5,105,16.608938217163086,1.982072263281204,0.7977480267957867,1.6533292688685701
01d2ae479ed74c7188c270dea892cf67,106,39.54033279418945,0.6246033124037407,0.4870442676052045,0.2730045788044549
01d9dd3aa5dc46c3a44bfd40d5898c0e,107,28.100610733032227,0.9279300637586338,0.09176553243968887,1.2030772131427183
01eac793c4ec40c5aa6bbd09b45fc26a,108,15.535063743591309,2.0091151938572884,0.18216644532752832,1.974431604715175
01f0c1dd487e43f795830fe6008142e4,109,10.069652557373047,0.5172130272159436,0.019928875784126093,0.55895351609317
01f1cc659cb847a4a7366b84844641c2,110,32.39933776855469,0.5576471094265383,0.08339047273878583,0.020828373314467324
01f3115282994da9b32967eb2075d4aa,111,16.318613052368164,0.8552848369760108,0.09237569177540195,1.3521524361308694
01f376bb2b5a4860a53914dbf66d4ac0,112,32.020469665527344,0.04014339046506401,0.3498815812872545,0.5773473021813508
01f3fb1336a444309e9959d359c8b4ab,113,35.415977478027344,0.187874619708734,0.24696509732484828,1.8417226055360318
01f64ccc5e5049e29c3e8be0aaf31bd5,114,37.654720306396484,0.2863983325667399,0.8680788836584551,0.6341398612514467
01f6b5adc5c44c17b159d7dc2f7f6dd6,115,22.706653594970703,0.5665951966122196,0.1253316706281048,0.719120662112368
01f74014d40f436e91fbf60e7f688057,116,17.533998489379883,0.16290624976310542,0.41842426693190987,0.9044386288179953
01fb4fff624544a88317709570572e0f,117,16.440385818481445,0.05134632376249207,0.5556630805111117,0.5906766130198094
01fbee27f8f74a1eaf7e613de5cb78ee,118,26.949573516845703,1.0244391572791005,0.6961329892460965,0.17690326178760316
01ffee46c0644a17a8ac9f9f3bf7ef4d,119,19.104923248291016,1.0819692832146095,0.7106562321632481,0.4079500711023214
0200b7f6eb574385ace14b2d03502ec2,120,17.040660858154297,0.7065556586667995,0.9884436768490042,0.7002554781082246
02010e17a28845cc921858cc24ece163,121,24.5318660736084,2.618832524399434,1.9330359769883683,0.7679894150065225
02097b72cb764df79f0188df985014a5,122,22.775022506713867,1.2478496492210949,1.2361967320821194,0.06863592848000065
020bc99c57c04bf6abfc9fe91a6a1215,123,34.78007888793945,0.7466726033678707,0.3080163075939054,0.03313076420989544
0214176d73af485287532957baf9888b,124,43.81304931640625,0.37699851070645374,0.6034185701282914,0.2334264244514508
021504573eab4f8995e46ac306744e04,125,15.980748176574707,1.6466841763960587,0.6974934624816778,1.4643492820848463
0219f955d31b4907b5eeb6a345a47eb2,126,18.881542205810547,0.4142594695039977,0.6179180534549749,1.1775705855367167
021a5902e34c4742a828335c86bfe4cd,127,26.98888397216797,0.3065672916880622,0.8203500163417259,0.4897117254843258
0222f2054a72477a9af17694d4ab1a9e,128,19.325824737548828,0.1736871970699269,0.02382902149314333,0.6741467569611895
0228c654c3b44da99c4b3b75d5f8b1cb,129,34.264896392822266,0.49371551903118904,0.132453493377821,0.3733041924329913
022a46a47f70497badb519b86f7d0dfa,130,17.2125301361084,0.6511460643422863,1.2254542276910914,0.4638565692453301
022c1581dcd44145a86c1522d7ab44d3,131,29.881092071533203,0.005411797101537683,0.041206964588100456,0.5364500569097219
023d8f2444234e6185ca713309cfeb99,132,19.869844436645508,1.0799525660051752,0.6439064665392967,0.16489680892983602
0247b01389f541e8a22ab2f98e44c953,133,21.143918991088867,0.3598684790895953,0.028124380706070748,0.978929139351964
024a0d26f2ab4be8bacf86127e23e6aa,134,27.07811164855957,0.24027095961474956,0.007694015612917819,0.24941971726038561
024b1ec28a404f46866c62a69d6370d8,135,43.15345001220703,1.192856330515667,0.5527427078626777,0.37990498254894617
025784ce00f14da9bcfe44013eb2289c,136,34.09623336791992,2.8739998898517327,1.0118211147923122,1.2665244335812254
025828c4084440649cde38135a9d8a2e,137,21.022798538208008,0.47612000659021575,0.3660016111468,0.06115499687653595
025c1e16f9634c71be21574417c1b8a7,138,26.643850326538086,1.918993512060555,0.6494782773765624,0.8558275546143754
025cf7f3f4524bf7b69a822007bcdf3a,139,16.538171768188477,0.15149634176173146,0.18954484783094516,0.8635615258284935
026dd4fca8a347e799ff5bfd78df68bb,140,28.86471939086914,0.624878709369207,0.25023481931814096,0.634227044939538
0278450d1e324c33904e160e115f6fbd,141,21.43044662475586,0.0333286642849788,0.3530239077437459,0.7071675201555215
0281cce51dcb43988b3d3760c0fb335e,142,26.522613525390625,2.2073955040455533,1.2311558807564815,0.6352580972500985
02871968fcbd46dc9f5059ec1fc7d13b,143,20.903366088867188,2.3154468013913285,1.3710876460577257,1.8381813318511333
0288b5d8dfda43b9938f0dcf1ac86da2,144,22.301063537597656,0.5566403155659367,0.16944507874435727,0.4677186521551847
028f74fc5b384764826acb595846b9d8,145,17.26960563659668,0.19420809615302237,0.42504688162001364,0.19890074570007382
0290737f64b14b08b87faa644580f3a9,146,28.750812530517578,0.41495400731207444,0.08593812534298183,0.9551402933329605
029bf16fe8e2495bbadd991b7358559a,147,20.941068649291992,0.6537199993872561,0.695107921621908,1.0481950881539301
029d4dcccd66451c847a4dc5da36b5e6,148,26.954896926879883,1.1963225312520427,0.8229595658325168,0.053242996973919925
029e028b4a6842c29183b6a30bb2f04e,149,24.50992774963379,0.04935241625934837,0.2185068410808345,0.3865147474490689
