panel,uid,model_title,creator,creator_url,objaverse_license_slug,displayed_license,license_url,api_crosscheck_status,model_url,attribution_line,verified_utc_date
00,00002bcb84af4a4781174e62619f14e2,27141E,mstam,https://sketchfab.com/mstam,by,Creative Commons Attribution,http://creativecommons.org/licenses/by/4.0/,verified_from_current_api,https://sketchfab.com/3d-models/00002bcb84af4a4781174e62619f14e2,"27141E by mstam, via Sketchfab; Creative Commons Attribution (http://creativecommons.org/licenses/by/4.0/)",2026-10-06
01,001a6a0890844d8baa564a347548945d,GSF Arch 01,UltraMelon,https://sketchfab.com/UltraMelon,by,Creative Commons Attribution,http://creativecommons.org/licenses/by/4.0/,verified_from_current_api,https://sketchfab.com/3d-models/001a6a0890844d8baa564a347548945d,"GSF Arch 01 by UltraMelon, via Sketchfab; Creative Commons Attribution (http://creativecommons.org/licenses/by/4.0/)",2026-10-06
02,001cfadfb9204424bccc45501ce6b90e,Cart Texture,johnguataquira,https://sketchfab.com/johnguataquira,by,Creative Commons Attribution (Objaverse license slug: by),https://creativecommons.org/licenses/by/4.0/,objaverse_snapshot_only_api_license_missing,https://sketchfab.com/3d-models/001cfadfb9204424bccc45501ce6b90e,"Cart Texture by johnguataquira, via Sketchfab; Creative Commons Attribution (Objaverse license slug: by) (https://creativecommons.org/licenses/by/4.0/)",2026-10-06
03,001dd2c17b1443aab500f61634bc3b89,Pinecone from Poly by Google,IronEqual,https://sketchfab.com/ie-niels,by,Creative Commons Attribution,http://creativecommons.org/licenses/by/4.0/,verified_from_current_api,https://sketchfab.com/3d-models/001dd2c17b1443aab500f61634bc3b89,"Pinecone from Poly by Google by IronEqual, via Sketchfab; Creative Commons Attribution (http://creativecommons.org/licenses/by/4.0/)",2026-10-06
04,0045e87262664927a3298f2ed0f640c1,u_ДС-52_35х25х10mm_OBJ.obj,AVRORA Group,https://sketchfab.com/avroralepnina,by,Creative Commons Attribution,http://creativecommons.org/licenses/by/4.0/,verified_from_current_api,https://sketchfab.com/3d-models/0045e87262664927a3298f2ed0f640c1,"u_ДС-52_35х25х10mm_OBJ.obj by AVRORA Group, via Sketchfab; Creative Commons Attribution (http://creativecommons.org/licenses/by/4.0/)",2026-10-06
05,00820c449b8c4c84b3ae58d3d168ca7b,poppy playtime Electrical Hand Pannel,Flomezsupercool3 / coolpurpleguy,https://sketchfab.com/flomezsupercool,by,Creative Commons Attribution (Objaverse license slug: by),https://creativecommons.org/licenses/by/4.0/,objaverse_snapshot_only_model_api_404,https://sketchfab.com/3d-models/00820c449b8c4c84b3ae58d3d168ca7b,"poppy playtime Electrical Hand Pannel by Flomezsupercool3 / coolpurpleguy, via Sketchfab; Creative Commons Attribution (Objaverse license slug: by) (https://creativecommons.org/licenses/by/4.0/)",2026-10-06
06,008a72f0e6be408cbf90c81966789547,Hanging suits,1-3D.com,https://sketchfab.com/1-3D.com,by-sa,Creative Commons Attribution-ShareAlike,http://creativecommons.org/licenses/by-sa/4.0/,verified_from_current_api,https://sketchfab.com/3d-models/008a72f0e6be408cbf90c81966789547,"Hanging suits by 1-3D.com, via Sketchfab; Creative Commons Attribution-ShareAlike (http://creativecommons.org/licenses/by-sa/4.0/)",2026-10-06
07,0099ab6d44b742b0b62a40a7c70c29b1,Jasso0201Diamond01,127469,https://sketchfab.com/127469,by,Creative Commons Attribution,http://creativecommons.org/licenses/by/4.0/,verified_from_current_api,https://sketchfab.com/3d-models/0099ab6d44b742b0b62a40a7c70c29b1,"Jasso0201Diamond01 by 127469, via Sketchfab; Creative Commons Attribution (http://creativecommons.org/licenses/by/4.0/)",2026-10-06
08,009bc7ad5e26471198c8e5e41637fc60,CN220002,MARTINICE GROUP,https://sketchfab.com/pesek_martinice,by,Creative Commons Attribution,http://creativecommons.org/licenses/by/4.0/,verified_from_current_api,https://sketchfab.com/3d-models/009bc7ad5e26471198c8e5e41637fc60,"CN220002 by MARTINICE GROUP, via Sketchfab; Creative Commons Attribution (http://creativecommons.org/licenses/by/4.0/)",2026-10-06
09,00b100ac52b34afaa95ed4000cd9a4bb,Skeleton Exam,DocStephen,https://sketchfab.com/DocStephen,by,Creative Commons Attribution,http://creativecommons.org/licenses/by/4.0/,verified_from_current_api,https://sketchfab.com/3d-models/00b100ac52b34afaa95ed4000cd9a4bb,"Skeleton Exam by DocStephen, via Sketchfab; Creative Commons Attribution (http://creativecommons.org/licenses/by/4.0/)",2026-10-06
10,00b7d5e05b3b404c944cf3f7c92d15ba,Babys Love You Pampers Premia,jorgebaby,https://sketchfab.com/jorgebaby160,by,Creative Commons Attribution,http://creativecommons.org/licenses/by/4.0/,verified_from_current_api,https://sketchfab.com/3d-models/00b7d5e05b3b404c944cf3f7c92d15ba,"Babys Love You Pampers Premia by jorgebaby, via Sketchfab; Creative Commons Attribution (http://creativecommons.org/licenses/by/4.0/)",2026-10-06
11,00e2a79774964cb08f38c4406407300b,Bone,tsutomu.saito,https://sketchfab.com/tsutomu.saito,by,Creative Commons Attribution,http://creativecommons.org/licenses/by/4.0/,verified_from_current_api,https://sketchfab.com/3d-models/00e2a79774964cb08f38c4406407300b,"Bone by tsutomu.saito, via Sketchfab; Creative Commons Attribution (http://creativecommons.org/licenses/by/4.0/)",2026-10-06
12,0105002382024c2a8c12ee2a9b778187,procedural,astridgarod,https://sketchfab.com/astridgarod,by,Creative Commons Attribution,http://creativecommons.org/licenses/by/4.0/,verified_from_current_api,https://sketchfab.com/3d-models/0105002382024c2a8c12ee2a9b778187,"procedural by astridgarod, via Sketchfab; Creative Commons Attribution (http://creativecommons.org/licenses/by/4.0/)",2026-10-06
13,013115a5216943f5b56641864b6c28d2,Pieza Inicial 23,GmedranoTIC,https://sketchfab.com/gmedranotic,by,Creative Commons Attribution,http://creativecommons.org/licenses/by/4.0/,verified_from_current_api,https://sketchfab.com/3d-models/013115a5216943f5b56641864b6c28d2,"Pieza Inicial 23 by GmedranoTIC, via Sketchfab; Creative Commons Attribution (http://creativecommons.org/licenses/by/4.0/)",2026-10-06
14,0131d08f77284aea9c62ad6de74edc0b,Lowpoly Car,Wordofcurse,https://sketchfab.com/Wordofcurse,by,Creative Commons Attribution,http://creativecommons.org/licenses/by/4.0/,verified_from_current_api,https://sketchfab.com/3d-models/0131d08f77284aea9c62ad6de74edc0b,"Lowpoly Car by Wordofcurse, via Sketchfab; Creative Commons Attribution (http://creativecommons.org/licenses/by/4.0/)",2026-10-06
15,0162260812034687a4d337161f632d09,Lap013,szaboo,https://sketchfab.com/szaboo,by,Creative Commons Attribution,http://creativecommons.org/licenses/by/4.0/,verified_from_current_api,https://sketchfab.com/3d-models/0162260812034687a4d337161f632d09,"Lap013 by szaboo, via Sketchfab; Creative Commons Attribution (http://creativecommons.org/licenses/by/4.0/)",2026-10-06
16,01b110c009fd4bb3a0e25adb093c09a2,LowPoly RTS Factory,SANYABEAST,https://sketchfab.com/sanchibbo,by,Creative Commons Attribution,http://creativecommons.org/licenses/by/4.0/,verified_from_current_api,https://sketchfab.com/3d-models/01b110c009fd4bb3a0e25adb093c09a2,"LowPoly RTS Factory by SANYABEAST, via Sketchfab; Creative Commons Attribution (http://creativecommons.org/licenses/by/4.0/)",2026-10-06
17,01e3b853f0f74bd0b44d34ac5106a84f,Hot dog from Poly by Google,IronEqual,https://sketchfab.com/ie-niels,by,Creative Commons Attribution,http://creativecommons.org/licenses/by/4.0/,verified_from_current_api,https://sketchfab.com/3d-models/01e3b853f0f74bd0b44d34ac5106a84f,"Hot dog from Poly by Google by IronEqual, via Sketchfab; Creative Commons Attribution (http://creativecommons.org/licenses/by/4.0/)",2026-10-06
18,02064882908145169ff83f39b3adddc4,Paqs Otamatone,samuelPaq,https://sketchfab.com/samuelPaq,by,Creative Commons Attribution,http://creativecommons.org/licenses/by/4.0/,verified_from_current_api,https://sketchfab.com/3d-models/02064882908145169ff83f39b3adddc4,"Paqs Otamatone by samuelPaq, via Sketchfab; Creative Commons Attribution (http://creativecommons.org/licenses/by/4.0/)",2026-10-06
19,021a4627aafb40e6bd2583817d1b9ff2,D2 Model #2,marvin,https://sketchfab.com/muubin,by,Creative Commons Attribution,http://creativecommons.org/licenses/by/4.0/,verified_from_current_api,https://sketchfab.com/3d-models/021a4627aafb40e6bd2583817d1b9ff2,"D2 Model #2 by marvin, via Sketchfab; Creative Commons Attribution (http://creativecommons.org/licenses/by/4.0/)",2026-10-06
20,023e632efc7449338e1d5c56e220cab1,shield,ahmadvicky_zent,https://sketchfab.com/ahmadvicky_zent,by,Creative Commons Attribution,http://creativecommons.org/licenses/by/4.0/,verified_from_current_api,https://sketchfab.com/3d-models/023e632efc7449338e1d5c56e220cab1,"shield by ahmadvicky_zent, via Sketchfab; Creative Commons Attribution (http://creativecommons.org/licenses/by/4.0/)",2026-10-06
21,023fa16b631a461ba45d86ccbdc37e2a,Wooden Spiral Stairs (Free),wolfgar74,https://sketchfab.com/wolfgar74,by,Creative Commons Attribution,http://creativecommons.org/licenses/by/4.0/,verified_from_current_api,https://sketchfab.com/3d-models/023fa16b631a461ba45d86ccbdc37e2a,"Wooden Spiral Stairs (Free) by wolfgar74, via Sketchfab; Creative Commons Attribution (http://creativecommons.org/licenses/by/4.0/)",2026-10-06
22,0253574c1a8f432797a7fcef9546ce75,Cloth Scroll Modeling,Dinesh Naidu,https://sketchfab.com/Dinesh_TS,by,Creative Commons Attribution,http://creativecommons.org/licenses/by/4.0/,verified_from_current_api,https://sketchfab.com/3d-models/0253574c1a8f432797a7fcef9546ce75,"Cloth Scroll Modeling by Dinesh Naidu, via Sketchfab; Creative Commons Attribution (http://creativecommons.org/licenses/by/4.0/)",2026-10-06
23,028ca741606e480884f69d6df12553df,Market (1 5),nbadilan,https://sketchfab.com/nbadilan,by,Creative Commons Attribution,http://creativecommons.org/licenses/by/4.0/,verified_from_current_api,https://sketchfab.com/3d-models/028ca741606e480884f69d6df12553df,"Market (1 5) by nbadilan, via Sketchfab; Creative Commons Attribution (http://creativecommons.org/licenses/by/4.0/)",2026-10-06
