panel_order,object_uid,condition,view,role,path,bytes,sha256
1,c76ac44df995482185077da81939b306,Reference,0,input_reference,1006/data/fresh_c/renders/c76ac44df995482185077da81939b306/image/000.png,264721,111d732a38b2d9023696f66e40f58019f85f861be9c571aab35b3edf31e51ad5
1,c76ac44df995482185077da81939b306,Reference,15,input_reference,1006/data/fresh_c/renders/c76ac44df995482185077da81939b306/image/015.png,143304,5cde59de3165b8eace7d7138f3b9bb568f2e96d93dc288568cb3041fcc6984c4
1,c76ac44df995482185077da81939b306,Reference,12,input_reference,1006/data/fresh_c/renders/c76ac44df995482185077da81939b306/image/012.png,251828,aa96ff23b49eb8eab21591eae96a91e1dac60c48a701fa2e677aa48f97cce164
1,c76ac44df995482185077da81939b306,Reference,16,input_reference,1006/data/fresh_c/renders/c76ac44df995482185077da81939b306/image/016.png,144012,0d5308e9ff5a861e3a3efb6eaf43da9e9188c152067e4187826ddc21cf794d66
1,c76ac44df995482185077da81939b306,Reference,13,input_reference,1006/data/fresh_c/renders/c76ac44df995482185077da81939b306/image/013.png,263595,fcb0f6f2a847c2d7fdf282863acd471c171db240720d233e1ee75d17d0ffb31f
1,c76ac44df995482185077da81939b306,Reference,14,input_reference,1006/data/fresh_c/renders/c76ac44df995482185077da81939b306/image/014.png,267793,f232823e22058179b9b72e48b62d165108fb2ceb3454064f62a054b54756bfa7
1,c76ac44df995482185077da81939b306,native_gfl,six-view-grid,method_prediction,1006/data/fresh_c/runs/c3_confirmation/predictions/native_gfl/c76ac44df995482185077da81939b306.png,233934,8a7d5c30df97abd0bb4caf25f245252527549b90b41851a184111f526150d198
1,c76ac44df995482185077da81939b306,native_gfh,six-view-grid,method_prediction,1006/data/fresh_c/runs/c3_confirmation/predictions/native_gfh/c76ac44df995482185077da81939b306.png,248514,d5745ed55b8cdea3c7342a1432ed620857a1aba839365a3b9b85ad16b315f975
1,c76ac44df995482185077da81939b306,no_adapter,six-view-grid,method_prediction,1006/data/fresh_c/runs/c3_confirmation/predictions/no_adapter/c76ac44df995482185077da81939b306.png,311007,cb0081df423ed7173593130e0515e01a5a2f584bdc2d15c71f9fe54c7e772437
1,c76ac44df995482185077da81939b306,native_gc3,six-view-grid,method_prediction,1006/data/fresh_c/runs/c3_confirmation/predictions/native_gc3/c76ac44df995482185077da81939b306.png,239263,fd8cd204cf5b7b2ac2c7756ca56a2b8007c20fd81f2837b04b1b7936e1b4aa96
1,c76ac44df995482185077da81939b306,layer_llh,six-view-grid,method_prediction,1006/data/fresh_c/runs/revision_era_addendum/predictions/layer_llh/c76ac44df995482185077da81939b306.png,322444,eaaa86d9b4edb94a6e6dbdf2ae0787519f01db52f382cf93dc8fa0911aedc8af
1,c76ac44df995482185077da81939b306,gen_linear,six-view-grid,method_prediction,1006/data/fresh_c/runs/revision_era_addendum/predictions/gen_linear/c76ac44df995482185077da81939b306.png,276133,7edb73fe0ff3583acf439c72272e6c2fc2c2db3d82275b770c9da67b97f9dc45
2,8bde8eb73dcb45c6a3880e85e7b3694b,Reference,0,input_reference,1006/data/fresh_c/renders/8bde8eb73dcb45c6a3880e85e7b3694b/image/000.png,139328,e232e39aba389195f960e03da2e7ed9446f198322a49e7578332305bd11aaf3a
2,8bde8eb73dcb45c6a3880e85e7b3694b,Reference,15,input_reference,1006/data/fresh_c/renders/8bde8eb73dcb45c6a3880e85e7b3694b/image/015.png,151990,e65473488dad3830bb0c0eb8669f85896ef519681fadc78fa044cf23da7a27eb
2,8bde8eb73dcb45c6a3880e85e7b3694b,Reference,12,input_reference,1006/data/fresh_c/renders/8bde8eb73dcb45c6a3880e85e7b3694b/image/012.png,162195,599ac6664c8c4ed2f8e15d8b96d63ed6b58d84de57a98e8dea81e52fc764eb93
2,8bde8eb73dcb45c6a3880e85e7b3694b,Reference,16,input_reference,1006/data/fresh_c/renders/8bde8eb73dcb45c6a3880e85e7b3694b/image/016.png,150218,af5b96598e215ab63942bddf61baffd36fe30b57db7850e9014602c3847fc480
2,8bde8eb73dcb45c6a3880e85e7b3694b,Reference,13,input_reference,1006/data/fresh_c/renders/8bde8eb73dcb45c6a3880e85e7b3694b/image/013.png,140208,5f7cecc26aeb7b3db06eceaa4d1875bf463a878261b1b2f5935242a1d4907243
2,8bde8eb73dcb45c6a3880e85e7b3694b,Reference,14,input_reference,1006/data/fresh_c/renders/8bde8eb73dcb45c6a3880e85e7b3694b/image/014.png,161910,1495991ae1abb14c5afa4955b0e0abfdf51d9960af4a91afae0e57d15c0965b4
2,8bde8eb73dcb45c6a3880e85e7b3694b,native_gfl,six-view-grid,method_prediction,1006/data/fresh_c/runs/c3_confirmation/predictions/native_gfl/8bde8eb73dcb45c6a3880e85e7b3694b.png,299518,341f46509ba541c175aedfe07a34cb214eaf42fee52e41c6ffc1a5e20d8733a9
2,8bde8eb73dcb45c6a3880e85e7b3694b,native_gfh,six-view-grid,method_prediction,1006/data/fresh_c/runs/c3_confirmation/predictions/native_gfh/8bde8eb73dcb45c6a3880e85e7b3694b.png,270691,f8ffcd606e1ea4ae47cafc2418ac05edabec76e919f672fb3fc240001af0d034
2,8bde8eb73dcb45c6a3880e85e7b3694b,no_adapter,six-view-grid,method_prediction,1006/data/fresh_c/runs/c3_confirmation/predictions/no_adapter/8bde8eb73dcb45c6a3880e85e7b3694b.png,328435,e1fd0b6587b224abd9f2063b6191def0782c2dfd0f104f514a800a005bba4306
2,8bde8eb73dcb45c6a3880e85e7b3694b,native_gc3,six-view-grid,method_prediction,1006/data/fresh_c/runs/c3_confirmation/predictions/native_gc3/8bde8eb73dcb45c6a3880e85e7b3694b.png,277487,aa73491611642317f3800021b08b847dfa92e7574e7df4661b80d7087ce108e0
2,8bde8eb73dcb45c6a3880e85e7b3694b,layer_llh,six-view-grid,method_prediction,1006/data/fresh_c/runs/revision_era_addendum/predictions/layer_llh/8bde8eb73dcb45c6a3880e85e7b3694b.png,317491,92955eecc45c6092a0af8bcd418dce7f5895307056288a14c5d84ccf299eaefd
2,8bde8eb73dcb45c6a3880e85e7b3694b,gen_linear,six-view-grid,method_prediction,1006/data/fresh_c/runs/revision_era_addendum/predictions/gen_linear/8bde8eb73dcb45c6a3880e85e7b3694b.png,297783,e74791f20db7c09c9899190bc5e2ad17ebde85e0c61f4195f5a5bc8f5310792f
3,ca887928bb664bcba121219f0af41293,Reference,0,input_reference,1006/data/fresh_c/renders/ca887928bb664bcba121219f0af41293/image/000.png,176958,375e896895759dff874d962fc8ced3f13c27f078515eeed48e3a97b69225ec38
3,ca887928bb664bcba121219f0af41293,Reference,15,input_reference,1006/data/fresh_c/renders/ca887928bb664bcba121219f0af41293/image/015.png,173318,7b1398f2634cd875b21103f9f66541840333e400f1072698ec5b4a9269e9a842
3,ca887928bb664bcba121219f0af41293,Reference,12,input_reference,1006/data/fresh_c/renders/ca887928bb664bcba121219f0af41293/image/012.png,176822,19b488a6544efb4a6a0775d27457fd816604e075ac599c925a6d43fa2fa85be9
3,ca887928bb664bcba121219f0af41293,Reference,16,input_reference,1006/data/fresh_c/renders/ca887928bb664bcba121219f0af41293/image/016.png,168918,3737bf002a7c84966daf8001118828cd527268aa1b833f514ca0aa52737516f6
3,ca887928bb664bcba121219f0af41293,Reference,13,input_reference,1006/data/fresh_c/renders/ca887928bb664bcba121219f0af41293/image/013.png,175329,e346e93ef347b0211e73d441c50d10d3d3ed9a6745a1e3012255617cc83e53e7
3,ca887928bb664bcba121219f0af41293,Reference,14,input_reference,1006/data/fresh_c/renders/ca887928bb664bcba121219f0af41293/image/014.png,177209,5a6749d29a5256e66a172ce19900d962f7e663bb9e326de1af83628a98d93bed
3,ca887928bb664bcba121219f0af41293,native_gfl,six-view-grid,method_prediction,1006/data/fresh_c/runs/c3_confirmation/predictions/native_gfl/ca887928bb664bcba121219f0af41293.png,242111,b73bab6acd628d11ff01e03b851b5f6254da58fcebb4aaa0a0182d104c85dd9b
3,ca887928bb664bcba121219f0af41293,native_gfh,six-view-grid,method_prediction,1006/data/fresh_c/runs/c3_confirmation/predictions/native_gfh/ca887928bb664bcba121219f0af41293.png,256801,775b008b8cc157a45e63180967616068d6eb32d67860f92743317548d74e63b1
3,ca887928bb664bcba121219f0af41293,no_adapter,six-view-grid,method_prediction,1006/data/fresh_c/runs/c3_confirmation/predictions/no_adapter/ca887928bb664bcba121219f0af41293.png,304726,36eaf4c37fb9c5e138aa34c7949ed65c5db1f6d4a429ef4397bfe0756315da61
3,ca887928bb664bcba121219f0af41293,native_gc3,six-view-grid,method_prediction,1006/data/fresh_c/runs/c3_confirmation/predictions/native_gc3/ca887928bb664bcba121219f0af41293.png,245532,02870459e6a86469025425d20438bc6ae69d08490a8c7c865b1c2861dac9de3e
3,ca887928bb664bcba121219f0af41293,layer_llh,six-view-grid,method_prediction,1006/data/fresh_c/runs/revision_era_addendum/predictions/layer_llh/ca887928bb664bcba121219f0af41293.png,285121,8125bd819a443f8286eaec4f8771ca00f6e59a088b8bb7d84b5e36717503fbe2
3,ca887928bb664bcba121219f0af41293,gen_linear,six-view-grid,method_prediction,1006/data/fresh_c/runs/revision_era_addendum/predictions/gen_linear/ca887928bb664bcba121219f0af41293.png,258173,19d0c6e79aec4a4cc48a07a0cba665032284a980b7c01e351c307be43596b657
4,94168bf0403d4372ace896c9ff824f58,Reference,0,input_reference,1006/data/fresh_c/renders/94168bf0403d4372ace896c9ff824f58/image/000.png,188414,f82a40585488ba6f086aa8fef63a637e9054e00e74b252b9d6ed48fcddf5da7c
4,94168bf0403d4372ace896c9ff824f58,Reference,15,input_reference,1006/data/fresh_c/renders/94168bf0403d4372ace896c9ff824f58/image/015.png,201100,288b45c03fa55374aaf88ab712544a15fd5565e947e1d61b8f098dc748388d9b
4,94168bf0403d4372ace896c9ff824f58,Reference,12,input_reference,1006/data/fresh_c/renders/94168bf0403d4372ace896c9ff824f58/image/012.png,205651,4783999e7766cdcb29cbc2394454f66206568458523d0261e9570561ab42fae3
4,94168bf0403d4372ace896c9ff824f58,Reference,16,input_reference,1006/data/fresh_c/renders/94168bf0403d4372ace896c9ff824f58/image/016.png,208336,86e3b012379f1550a515f2da43716e2ecbc73e8f5a6a8ff73b8422a0366e5d00
4,94168bf0403d4372ace896c9ff824f58,Reference,13,input_reference,1006/data/fresh_c/renders/94168bf0403d4372ace896c9ff824f58/image/013.png,187948,466a29c971afa06d984d6e93b84a8222dcbebdf994f8f25aefe67799efd789a1
4,94168bf0403d4372ace896c9ff824f58,Reference,14,input_reference,1006/data/fresh_c/renders/94168bf0403d4372ace896c9ff824f58/image/014.png,205104,8e4db7a38f238fd53a3101a5e5ad015849aef84ee921e72bddf2c2ca3685b674
4,94168bf0403d4372ace896c9ff824f58,native_gfl,six-view-grid,method_prediction,1006/data/fresh_c/runs/c3_confirmation/predictions/native_gfl/94168bf0403d4372ace896c9ff824f58.png,379665,0ffd3ac8ceff5143cb3e6ba27dafca25533c00cccced10abc24410c7e807885e
4,94168bf0403d4372ace896c9ff824f58,native_gfh,six-view-grid,method_prediction,1006/data/fresh_c/runs/c3_confirmation/predictions/native_gfh/94168bf0403d4372ace896c9ff824f58.png,281010,4e5f1d91a6b709a1998cb40b6fea78f2915e94a61a7ba5597b30d12ad4c63046
4,94168bf0403d4372ace896c9ff824f58,no_adapter,six-view-grid,method_prediction,1006/data/fresh_c/runs/c3_confirmation/predictions/no_adapter/94168bf0403d4372ace896c9ff824f58.png,279932,582a65def298e8b7f0e49d012f1bb4114fd88dd92f91d217bfd2d1a4a05a752e
4,94168bf0403d4372ace896c9ff824f58,native_gc3,six-view-grid,method_prediction,1006/data/fresh_c/runs/c3_confirmation/predictions/native_gc3/94168bf0403d4372ace896c9ff824f58.png,326375,97777c3adca8443512166a709d9609a94ffc2837ce501827f4b6d473e168105c
4,94168bf0403d4372ace896c9ff824f58,layer_llh,six-view-grid,method_prediction,1006/data/fresh_c/runs/revision_era_addendum/predictions/layer_llh/94168bf0403d4372ace896c9ff824f58.png,372470,4b4a08acae69fea65e142019a681c465ddd673db8606430c182d6809207a6c5a
4,94168bf0403d4372ace896c9ff824f58,gen_linear,six-view-grid,method_prediction,1006/data/fresh_c/runs/revision_era_addendum/predictions/gen_linear/94168bf0403d4372ace896c9ff824f58.png,345358,7829e47c47d30cb4343e66352652b1d99a2966370ce41cdbf07dcc8f3700f5e7
5,d0e116a62bfc4cdd9edf60671073b306,Reference,0,input_reference,1006/data/fresh_c/renders/d0e116a62bfc4cdd9edf60671073b306/image/000.png,139961,60754f818a68195c85315a13a0708e01e3ce8ea31d43abf0df22da73ca4773ad
5,d0e116a62bfc4cdd9edf60671073b306,Reference,15,input_reference,1006/data/fresh_c/renders/d0e116a62bfc4cdd9edf60671073b306/image/015.png,162206,9138d5d48464260ccd7634f7c96a1226783c596541f0ac9aad1f0075258d2f68
5,d0e116a62bfc4cdd9edf60671073b306,Reference,12,input_reference,1006/data/fresh_c/renders/d0e116a62bfc4cdd9edf60671073b306/image/012.png,126613,60d7647ee14dfd969f0791721a8b5561a0c4684de34d46f2454b4d9fdc35220a
5,d0e116a62bfc4cdd9edf60671073b306,Reference,16,input_reference,1006/data/fresh_c/renders/d0e116a62bfc4cdd9edf60671073b306/image/016.png,145925,1b1d8f881f5764569388e6bd23776de9ea099c0840257adbe5ae9d297fd2f5c3
5,d0e116a62bfc4cdd9edf60671073b306,Reference,13,input_reference,1006/data/fresh_c/renders/d0e116a62bfc4cdd9edf60671073b306/image/013.png,139723,bea5a4f8b3aeb76713f51930d2efd5d1236317349f0c2389446244bb34f596f6
5,d0e116a62bfc4cdd9edf60671073b306,Reference,14,input_reference,1006/data/fresh_c/renders/d0e116a62bfc4cdd9edf60671073b306/image/014.png,126521,999f58a4102a5f9bf7355bcf657727456b81ce779b8f72df80cfd0bbd739b84c
5,d0e116a62bfc4cdd9edf60671073b306,native_gfl,six-view-grid,method_prediction,1006/data/fresh_c/runs/c3_confirmation/predictions/native_gfl/d0e116a62bfc4cdd9edf60671073b306.png,175552,f3659d1c41f1f2d5845d75f0c7b947558cd338afe6cd87d50f6824feb0d5c00e
5,d0e116a62bfc4cdd9edf60671073b306,native_gfh,six-view-grid,method_prediction,1006/data/fresh_c/runs/c3_confirmation/predictions/native_gfh/d0e116a62bfc4cdd9edf60671073b306.png,190768,00745c93d17f86f41c3846b34ef20e352461139db805d40c9d7220e15a7e8f8c
5,d0e116a62bfc4cdd9edf60671073b306,no_adapter,six-view-grid,method_prediction,1006/data/fresh_c/runs/c3_confirmation/predictions/no_adapter/d0e116a62bfc4cdd9edf60671073b306.png,253483,0dced7a1d2d750b40f01b79d4c997ef189c572eb30f5537606cdd7468569e482
5,d0e116a62bfc4cdd9edf60671073b306,native_gc3,six-view-grid,method_prediction,1006/data/fresh_c/runs/c3_confirmation/predictions/native_gc3/d0e116a62bfc4cdd9edf60671073b306.png,150192,c061cbe69b121057cb01134f8327b756c573ecb448c4978ec563cf66a48fece4
5,d0e116a62bfc4cdd9edf60671073b306,layer_llh,six-view-grid,method_prediction,1006/data/fresh_c/runs/revision_era_addendum/predictions/layer_llh/d0e116a62bfc4cdd9edf60671073b306.png,253348,21cf72ded2cbbe418478a8c1bf5c0d09a0ebb0ce1f5b9585c2c77a694e094bde
5,d0e116a62bfc4cdd9edf60671073b306,gen_linear,six-view-grid,method_prediction,1006/data/fresh_c/runs/revision_era_addendum/predictions/gen_linear/d0e116a62bfc4cdd9edf60671073b306.png,193043,eafb9329a03796a822f1e793d886767a4061601109716f5bb014c311b1e6c303
6,033fc9d942504cb9b571dc088f6e68f2,Reference,0,input_reference,1006/data/fresh_c/renders/033fc9d942504cb9b571dc088f6e68f2/image/000.png,133981,c40cb2586a13f40e27b0942237590bde00eac3bb0b677096824b8ded0b668d40
6,033fc9d942504cb9b571dc088f6e68f2,Reference,15,input_reference,1006/data/fresh_c/renders/033fc9d942504cb9b571dc088f6e68f2/image/015.png,174410,89391be3f4109cce426377540594c7768a4e9b2cd440e7413e641d3dd90aa0a6
6,033fc9d942504cb9b571dc088f6e68f2,Reference,12,input_reference,1006/data/fresh_c/renders/033fc9d942504cb9b571dc088f6e68f2/image/012.png,169951,cfbdfd856711fa71ccaf40dc91d2550b9f803893f889113b1e466c7d0c691620
6,033fc9d942504cb9b571dc088f6e68f2,Reference,16,input_reference,1006/data/fresh_c/renders/033fc9d942504cb9b571dc088f6e68f2/image/016.png,174369,f2aa7e3d6e2859f14e3f8c3c0ce21f93f17c2fc331c2932393ab400dd29318f8
6,033fc9d942504cb9b571dc088f6e68f2,Reference,13,input_reference,1006/data/fresh_c/renders/033fc9d942504cb9b571dc088f6e68f2/image/013.png,132329,79d78a778c85d9aa6b91fc3f7ad4fa71c8955b18c514f9432e681afcabad1759
6,033fc9d942504cb9b571dc088f6e68f2,Reference,14,input_reference,1006/data/fresh_c/renders/033fc9d942504cb9b571dc088f6e68f2/image/014.png,170370,bca6db0f266f5b82c4e686b504a991c7ee0285737bc78829fb1ec246544955fd
6,033fc9d942504cb9b571dc088f6e68f2,native_gfl,six-view-grid,method_prediction,1006/data/fresh_c/runs/c3_confirmation/predictions/native_gfl/033fc9d942504cb9b571dc088f6e68f2.png,262950,46814afb86d2113ccdaaa673b069ea75b85a412a8f57f4dcdfd8968fbbd78b07
6,033fc9d942504cb9b571dc088f6e68f2,native_gfh,six-view-grid,method_prediction,1006/data/fresh_c/runs/c3_confirmation/predictions/native_gfh/033fc9d942504cb9b571dc088f6e68f2.png,211032,c6b08f720d1a7b394de2cfeaa4ac277b092480bfdc7a550cec39b1fbcd32a79e
6,033fc9d942504cb9b571dc088f6e68f2,no_adapter,six-view-grid,method_prediction,1006/data/fresh_c/runs/c3_confirmation/predictions/no_adapter/033fc9d942504cb9b571dc088f6e68f2.png,310959,468c23d68b2fca764e37eac0567534f5b7efebda9114117a1c2964b6a052c886
6,033fc9d942504cb9b571dc088f6e68f2,native_gc3,six-view-grid,method_prediction,1006/data/fresh_c/runs/c3_confirmation/predictions/native_gc3/033fc9d942504cb9b571dc088f6e68f2.png,199984,e776d8f5ec16432093723918a8d8c557601a6dac7d32993de38338114a2a05b3
6,033fc9d942504cb9b571dc088f6e68f2,layer_llh,six-view-grid,method_prediction,1006/data/fresh_c/runs/revision_era_addendum/predictions/layer_llh/033fc9d942504cb9b571dc088f6e68f2.png,309609,f716ee0a44b95c3b4c8cf33d95fd4ac452484ae56b1ba54b954ccd5b651c94be
6,033fc9d942504cb9b571dc088f6e68f2,gen_linear,six-view-grid,method_prediction,1006/data/fresh_c/runs/revision_era_addendum/predictions/gen_linear/033fc9d942504cb9b571dc088f6e68f2.png,264780,719c9447bb7985f16bb8620ca74f80a55c4e753d9977959810b9ab8d416b5df1
7,3c83796ca5f043f1beb8044dd2e51a0d,Reference,0,input_reference,1006/data/fresh_c/renders/3c83796ca5f043f1beb8044dd2e51a0d/image/000.png,240526,511f3b41207b2339c85f92116d250c922786da8fee47f73f27ca1df776160231
7,3c83796ca5f043f1beb8044dd2e51a0d,Reference,15,input_reference,1006/data/fresh_c/renders/3c83796ca5f043f1beb8044dd2e51a0d/image/015.png,168286,2ca32d73dde2628ebf129eedb250a3505e064188efc40d6beb37f51963caff04
7,3c83796ca5f043f1beb8044dd2e51a0d,Reference,12,input_reference,1006/data/fresh_c/renders/3c83796ca5f043f1beb8044dd2e51a0d/image/012.png,206460,ae4a817654d824a6939ce1452fbca6e92d1a55449bc8a8afbc16e3bd65ca362b
7,3c83796ca5f043f1beb8044dd2e51a0d,Reference,16,input_reference,1006/data/fresh_c/renders/3c83796ca5f043f1beb8044dd2e51a0d/image/016.png,174355,a2015ad7306e7c05b2ba80f5023677a422e88f0a005949680a0f3af7eaf7d162
7,3c83796ca5f043f1beb8044dd2e51a0d,Reference,13,input_reference,1006/data/fresh_c/renders/3c83796ca5f043f1beb8044dd2e51a0d/image/013.png,243010,8c0512d3698aa2059a8adefc1b1ed6186fda5a0c4a51a412cf51809ea6c3b477
7,3c83796ca5f043f1beb8044dd2e51a0d,Reference,14,input_reference,1006/data/fresh_c/renders/3c83796ca5f043f1beb8044dd2e51a0d/image/014.png,204593,5887ec191417a1a8c1e5b325310b771d6e5fffaf39af0285fea8ed886c176689
7,3c83796ca5f043f1beb8044dd2e51a0d,native_gfl,six-view-grid,method_prediction,1006/data/fresh_c/runs/c3_confirmation/predictions/native_gfl/3c83796ca5f043f1beb8044dd2e51a0d.png,263922,a5202a55205339012cfc6b815a5529d848530cc92fdeedde8baa4431c3c33b09
7,3c83796ca5f043f1beb8044dd2e51a0d,native_gfh,six-view-grid,method_prediction,1006/data/fresh_c/runs/c3_confirmation/predictions/native_gfh/3c83796ca5f043f1beb8044dd2e51a0d.png,253942,1655fc30e65bba8fa8d495deeca1ac2226c206fc4b256c09efee1a571c67e494
7,3c83796ca5f043f1beb8044dd2e51a0d,no_adapter,six-view-grid,method_prediction,1006/data/fresh_c/runs/c3_confirmation/predictions/no_adapter/3c83796ca5f043f1beb8044dd2e51a0d.png,193618,335e5bbca88beeaa04fc23859fa46bcca1242fef7b22eb8e6db0e45bff4d287a
7,3c83796ca5f043f1beb8044dd2e51a0d,native_gc3,six-view-grid,method_prediction,1006/data/fresh_c/runs/c3_confirmation/predictions/native_gc3/3c83796ca5f043f1beb8044dd2e51a0d.png,223605,5f904e3e31debde8077b3a5556d1728f88987be9896dfa12aa0e9af40c879d19
7,3c83796ca5f043f1beb8044dd2e51a0d,layer_llh,six-view-grid,method_prediction,1006/data/fresh_c/runs/revision_era_addendum/predictions/layer_llh/3c83796ca5f043f1beb8044dd2e51a0d.png,341607,efd378d311572d50417ccedef6c764cbf83bcedb30efaf91a90a8937ac4488e7
7,3c83796ca5f043f1beb8044dd2e51a0d,gen_linear,six-view-grid,method_prediction,1006/data/fresh_c/runs/revision_era_addendum/predictions/gen_linear/3c83796ca5f043f1beb8044dd2e51a0d.png,294843,84fc201371184da9743eaec3ee6ee5e5a4441c5165bf93eebdb48770c7600884
8,0f1a74942b204c80a657fefe10e13050,Reference,0,input_reference,1006/data/fresh_c/renders/0f1a74942b204c80a657fefe10e13050/image/000.png,140056,1e5bccc192d6c6dc0c34aebb0dc3a17770ecaf4c2278f678100009d589825ccd
8,0f1a74942b204c80a657fefe10e13050,Reference,15,input_reference,1006/data/fresh_c/renders/0f1a74942b204c80a657fefe10e13050/image/015.png,201773,02b528bddb9f0119a7f81f081e1078adda0dac1740b2191d31728f5450750e5b
8,0f1a74942b204c80a657fefe10e13050,Reference,12,input_reference,1006/data/fresh_c/renders/0f1a74942b204c80a657fefe10e13050/image/012.png,138101,f694a8e6dd52f55956648b4bf9022f58ee756412f8dcd124f49653fa7349b7ad
8,0f1a74942b204c80a657fefe10e13050,Reference,16,input_reference,1006/data/fresh_c/renders/0f1a74942b204c80a657fefe10e13050/image/016.png,176436,5c9e25c183bad542f7ff04252148e7b24277a0e2f60c2caa1baac3006cbccd40
8,0f1a74942b204c80a657fefe10e13050,Reference,13,input_reference,1006/data/fresh_c/renders/0f1a74942b204c80a657fefe10e13050/image/013.png,139676,a4dc9ecfba6564d7ede6afc1b69966bca9789203a213d6d5abce36756c0b17d2
8,0f1a74942b204c80a657fefe10e13050,Reference,14,input_reference,1006/data/fresh_c/renders/0f1a74942b204c80a657fefe10e13050/image/014.png,141392,e1127acc6d161e4aa913dc0b46486b0ed66aa6ecb54a7e2796bc41f746a83f77
8,0f1a74942b204c80a657fefe10e13050,native_gfl,six-view-grid,method_prediction,1006/data/fresh_c/runs/c3_confirmation/predictions/native_gfl/0f1a74942b204c80a657fefe10e13050.png,226079,55a68fa3a8b32a6c5854975ecf4f02db90184c3cfaad3f89bbec6a62abc0a277
8,0f1a74942b204c80a657fefe10e13050,native_gfh,six-view-grid,method_prediction,1006/data/fresh_c/runs/c3_confirmation/predictions/native_gfh/0f1a74942b204c80a657fefe10e13050.png,230104,306c3fb834abccc7e857351f71116c05e5029af640f2416a8c116f3a8e083749
8,0f1a74942b204c80a657fefe10e13050,no_adapter,six-view-grid,method_prediction,1006/data/fresh_c/runs/c3_confirmation/predictions/no_adapter/0f1a74942b204c80a657fefe10e13050.png,240654,ad6afc1928b34fbedeb937429e9b5b0828faa997b7d933da51e94fe0f74c4ac0
8,0f1a74942b204c80a657fefe10e13050,native_gc3,six-view-grid,method_prediction,1006/data/fresh_c/runs/c3_confirmation/predictions/native_gc3/0f1a74942b204c80a657fefe10e13050.png,197969,83bcf4bb767ab0f321bb12b44919563f0e03478cf858f36b63a44df61d99fe49
8,0f1a74942b204c80a657fefe10e13050,layer_llh,six-view-grid,method_prediction,1006/data/fresh_c/runs/revision_era_addendum/predictions/layer_llh/0f1a74942b204c80a657fefe10e13050.png,274242,ebb8b785289600eca5d3c1d905488f4f58d256c269cd0802a65f0f5830b32703
8,0f1a74942b204c80a657fefe10e13050,gen_linear,six-view-grid,method_prediction,1006/data/fresh_c/runs/revision_era_addendum/predictions/gen_linear/0f1a74942b204c80a657fefe10e13050.png,238348,31e7cfe277e12411e2c52605008765cc67a1e3d2e1ddd07044b86102b7110a0a
9,0c8e1199b7b64ad2ac1c6ff784139dec,Reference,0,input_reference,1006/data/fresh_c/renders/0c8e1199b7b64ad2ac1c6ff784139dec/image/000.png,161410,37f04d714b5cfd939a9502badf28fd099a3819e953be48959445a2ea9102a49c
9,0c8e1199b7b64ad2ac1c6ff784139dec,Reference,15,input_reference,1006/data/fresh_c/renders/0c8e1199b7b64ad2ac1c6ff784139dec/image/015.png,202750,78d281ea8c61b15158130361c6e392ee8c6a3bd3bee27ac727c51cdb197df8b6
9,0c8e1199b7b64ad2ac1c6ff784139dec,Reference,12,input_reference,1006/data/fresh_c/renders/0c8e1199b7b64ad2ac1c6ff784139dec/image/012.png,161249,5f829323efc44198475205a550015bd9f0835accb9080f5d4bf6aa968475f79a
9,0c8e1199b7b64ad2ac1c6ff784139dec,Reference,16,input_reference,1006/data/fresh_c/renders/0c8e1199b7b64ad2ac1c6ff784139dec/image/016.png,195742,570fa456cfe8add2f5e52c04cd907823919faa8eefa88d8088b6ea095894cbdf
9,0c8e1199b7b64ad2ac1c6ff784139dec,Reference,13,input_reference,1006/data/fresh_c/renders/0c8e1199b7b64ad2ac1c6ff784139dec/image/013.png,160875,4b36146e2bb9923db729f4e871a22c89714fe43147a1c03bd74d2bc102d6975a
9,0c8e1199b7b64ad2ac1c6ff784139dec,Reference,14,input_reference,1006/data/fresh_c/renders/0c8e1199b7b64ad2ac1c6ff784139dec/image/014.png,162274,3112ada61f6dd498c0cd766d873f5d748a1b5b860777cd809177c59f01cef32b
9,0c8e1199b7b64ad2ac1c6ff784139dec,native_gfl,six-view-grid,method_prediction,1006/data/fresh_c/runs/c3_confirmation/predictions/native_gfl/0c8e1199b7b64ad2ac1c6ff784139dec.png,308458,07f8e92e382722d40cf8eee86b38bcf9af4ebb14fc170fa5c34a29a94f14ba46
9,0c8e1199b7b64ad2ac1c6ff784139dec,native_gfh,six-view-grid,method_prediction,1006/data/fresh_c/runs/c3_confirmation/predictions/native_gfh/0c8e1199b7b64ad2ac1c6ff784139dec.png,310289,f6bf48c81aa79bd218f90c567281fb0a0afff1f8ed567ea8c167f964e3c99947
9,0c8e1199b7b64ad2ac1c6ff784139dec,no_adapter,six-view-grid,method_prediction,1006/data/fresh_c/runs/c3_confirmation/predictions/no_adapter/0c8e1199b7b64ad2ac1c6ff784139dec.png,319249,32b4b9b1566570c639b91891c0aafe2bce693c02c8240142a954c5a76ecb0ffb
9,0c8e1199b7b64ad2ac1c6ff784139dec,native_gc3,six-view-grid,method_prediction,1006/data/fresh_c/runs/c3_confirmation/predictions/native_gc3/0c8e1199b7b64ad2ac1c6ff784139dec.png,264209,d5e1a7c335d83dc2e97097be06ef6379c67f5a421521719632ece13790ef4126
9,0c8e1199b7b64ad2ac1c6ff784139dec,layer_llh,six-view-grid,method_prediction,1006/data/fresh_c/runs/revision_era_addendum/predictions/layer_llh/0c8e1199b7b64ad2ac1c6ff784139dec.png,344392,8d5e0dbb857e7bd7c91b1c65cff7bb2dfd9b16780bec62240bbe940e8eb4bda3
9,0c8e1199b7b64ad2ac1c6ff784139dec,gen_linear,six-view-grid,method_prediction,1006/data/fresh_c/runs/revision_era_addendum/predictions/gen_linear/0c8e1199b7b64ad2ac1c6ff784139dec.png,324714,a90478493c1eea15c05294e635876fdf2d860ac4e29a4f506e7af5a5cc6680a1
10,1d1bcb173c28475ba351eb604c7135dc,Reference,0,input_reference,1006/data/fresh_c/renders/1d1bcb173c28475ba351eb604c7135dc/image/000.png,195532,0dd52599c0c63c9202b6b7132ce12f96c4ac38e07f4b3f0e4f97d180dff1b7d8
10,1d1bcb173c28475ba351eb604c7135dc,Reference,15,input_reference,1006/data/fresh_c/renders/1d1bcb173c28475ba351eb604c7135dc/image/015.png,194763,6975ce103a48ec64a4a9edc1929e3a7f5aa0181a011ac7ea2b5cc0a5b5319058
10,1d1bcb173c28475ba351eb604c7135dc,Reference,12,input_reference,1006/data/fresh_c/renders/1d1bcb173c28475ba351eb604c7135dc/image/012.png,197474,5202159d90b0feae1073981366f2a388156e073107cbaf5103997c5006cd9e53
10,1d1bcb173c28475ba351eb604c7135dc,Reference,16,input_reference,1006/data/fresh_c/renders/1d1bcb173c28475ba351eb604c7135dc/image/016.png,195298,6186001b14d2268a677b82baddc934c7b5b1bf9abf0079464d5f6459fbb3208a
10,1d1bcb173c28475ba351eb604c7135dc,Reference,13,input_reference,1006/data/fresh_c/renders/1d1bcb173c28475ba351eb604c7135dc/image/013.png,196559,590dc88685b380f3d602ff703932e756c22f6dff66357111b6ade55bd012d93c
10,1d1bcb173c28475ba351eb604c7135dc,Reference,14,input_reference,1006/data/fresh_c/renders/1d1bcb173c28475ba351eb604c7135dc/image/014.png,194735,7e68f9898247a8784db40d803e7d021f8d64a83632b5ba8e83062abae5af4505
10,1d1bcb173c28475ba351eb604c7135dc,native_gfl,six-view-grid,method_prediction,1006/data/fresh_c/runs/c3_confirmation/predictions/native_gfl/1d1bcb173c28475ba351eb604c7135dc.png,239819,1ca406f7f455952c53849f9d6379d703babde978854f15df24f2b854de8c80f5
10,1d1bcb173c28475ba351eb604c7135dc,native_gfh,six-view-grid,method_prediction,1006/data/fresh_c/runs/c3_confirmation/predictions/native_gfh/1d1bcb173c28475ba351eb604c7135dc.png,313046,3b5041a9a3103d97a2766b886e6ea836ae76731620a07956faf53dc84f5bfcd6
10,1d1bcb173c28475ba351eb604c7135dc,no_adapter,six-view-grid,method_prediction,1006/data/fresh_c/runs/c3_confirmation/predictions/no_adapter/1d1bcb173c28475ba351eb604c7135dc.png,340401,3d4185c0878aba835f4a36122fb95df7d703691825db5dde965e9a31770dd34c
10,1d1bcb173c28475ba351eb604c7135dc,native_gc3,six-view-grid,method_prediction,1006/data/fresh_c/runs/c3_confirmation/predictions/native_gc3/1d1bcb173c28475ba351eb604c7135dc.png,289876,1c3218ab1921ad3812cbac8426bfacf445847d5f1a264cf36a06aa572b9ff766
10,1d1bcb173c28475ba351eb604c7135dc,layer_llh,six-view-grid,method_prediction,1006/data/fresh_c/runs/revision_era_addendum/predictions/layer_llh/1d1bcb173c28475ba351eb604c7135dc.png,293337,ce64625283a9f9e1ec60117c56dff3e710151bef7c0edc3a12382fb0fdf72c25
10,1d1bcb173c28475ba351eb604c7135dc,gen_linear,six-view-grid,method_prediction,1006/data/fresh_c/runs/revision_era_addendum/predictions/gen_linear/1d1bcb173c28475ba351eb604c7135dc.png,304249,741e2942e08c2ef21bd9b62427e058fa9f3a05f41823752747289a97a115d8aa
11,85a7df80b79a4ba9b8c3a175de0dbce6,Reference,0,input_reference,1006/data/fresh_c/renders/85a7df80b79a4ba9b8c3a175de0dbce6/image/000.png,188330,43e61f827314ff6048e56c1e8d8b4d738333f6c7ebfc809f4564374fbf27fc25
11,85a7df80b79a4ba9b8c3a175de0dbce6,Reference,15,input_reference,1006/data/fresh_c/renders/85a7df80b79a4ba9b8c3a175de0dbce6/image/015.png,290516,19328137aaec5173732c125906ff9500fce30c9210dcd738cd28f25c42cfaa94
11,85a7df80b79a4ba9b8c3a175de0dbce6,Reference,12,input_reference,1006/data/fresh_c/renders/85a7df80b79a4ba9b8c3a175de0dbce6/image/012.png,196621,48375911b32af89def9e8493a9650460a5cfa0f7b4787acd5ba55b84d33248eb
11,85a7df80b79a4ba9b8c3a175de0dbce6,Reference,16,input_reference,1006/data/fresh_c/renders/85a7df80b79a4ba9b8c3a175de0dbce6/image/016.png,280986,193130829cd1f9a7e28a3c39fa92051901682803b7589103f57eed43ae57378c
11,85a7df80b79a4ba9b8c3a175de0dbce6,Reference,13,input_reference,1006/data/fresh_c/renders/85a7df80b79a4ba9b8c3a175de0dbce6/image/013.png,183999,2cabb5a2a34fb95af6d610e9aa719efd3e7d6f9bdc65fcc8e868d3f89ff524bd
11,85a7df80b79a4ba9b8c3a175de0dbce6,Reference,14,input_reference,1006/data/fresh_c/renders/85a7df80b79a4ba9b8c3a175de0dbce6/image/014.png,200043,b8a7d3928cdf813d44deb4a2019c1c997f7104fc79da344f531c7daccf73e73b
11,85a7df80b79a4ba9b8c3a175de0dbce6,native_gfl,six-view-grid,method_prediction,1006/data/fresh_c/runs/c3_confirmation/predictions/native_gfl/85a7df80b79a4ba9b8c3a175de0dbce6.png,286199,d4d7327998f7f58261eff32184574ce73c535c1ae212d46f1f52319d05025074
11,85a7df80b79a4ba9b8c3a175de0dbce6,native_gfh,six-view-grid,method_prediction,1006/data/fresh_c/runs/c3_confirmation/predictions/native_gfh/85a7df80b79a4ba9b8c3a175de0dbce6.png,257925,5ab75aa961b968650608f45be25ad86a3653bad2f01a9687063b834889a6efeb
11,85a7df80b79a4ba9b8c3a175de0dbce6,no_adapter,six-view-grid,method_prediction,1006/data/fresh_c/runs/c3_confirmation/predictions/no_adapter/85a7df80b79a4ba9b8c3a175de0dbce6.png,268151,9ad7e01ed387785b2913a0f7d1563fe829681e94169f10f2521157afe5fa25bf
11,85a7df80b79a4ba9b8c3a175de0dbce6,native_gc3,six-view-grid,method_prediction,1006/data/fresh_c/runs/c3_confirmation/predictions/native_gc3/85a7df80b79a4ba9b8c3a175de0dbce6.png,249111,9caca6e51a35aa4be3c4a7cd1cd1363fc1e06ce6e72aa6bed1085f12d5ebf5f9
11,85a7df80b79a4ba9b8c3a175de0dbce6,layer_llh,six-view-grid,method_prediction,1006/data/fresh_c/runs/revision_era_addendum/predictions/layer_llh/85a7df80b79a4ba9b8c3a175de0dbce6.png,361643,778e7915f2c56a101dcd2dc4d996d339256add29fa08d3cd9cd0b5a3d56ff4cc
11,85a7df80b79a4ba9b8c3a175de0dbce6,gen_linear,six-view-grid,method_prediction,1006/data/fresh_c/runs/revision_era_addendum/predictions/gen_linear/85a7df80b79a4ba9b8c3a175de0dbce6.png,296696,aece449465337d6b0ee82d44ecac8f7e95da2e7cdc6504606e95c89586f91521
12,dd5ead807a5b4630b1feb802f7b0276c,Reference,0,input_reference,1006/data/fresh_c/renders/dd5ead807a5b4630b1feb802f7b0276c/image/000.png,137178,958fbcb9da5fadb7d95f194b89736a49c89448b0ba053ab3e5d3c563cfbde071
12,dd5ead807a5b4630b1feb802f7b0276c,Reference,15,input_reference,1006/data/fresh_c/renders/dd5ead807a5b4630b1feb802f7b0276c/image/015.png,177611,b62107abc9fc3326d8169ade5c9a8c63fe278363b47e00d3130f5fa35f2708cb
12,dd5ead807a5b4630b1feb802f7b0276c,Reference,12,input_reference,1006/data/fresh_c/renders/dd5ead807a5b4630b1feb802f7b0276c/image/012.png,150915,49d23790e2e39ed6275b3d90697a40553e01f22fdfaa190fb375491dd1bdd633
12,dd5ead807a5b4630b1feb802f7b0276c,Reference,16,input_reference,1006/data/fresh_c/renders/dd5ead807a5b4630b1feb802f7b0276c/image/016.png,182973,affe129978c6f2d864998f352f01ae1f2b241c77c8b2e753f3edfc3937faa53b
12,dd5ead807a5b4630b1feb802f7b0276c,Reference,13,input_reference,1006/data/fresh_c/renders/dd5ead807a5b4630b1feb802f7b0276c/image/013.png,137484,db8147a8b182a4ff74807da6b7dec7139c7f253633b433f9179a729dbb3a5152
12,dd5ead807a5b4630b1feb802f7b0276c,Reference,14,input_reference,1006/data/fresh_c/renders/dd5ead807a5b4630b1feb802f7b0276c/image/014.png,152791,b55b439eafe203893fb01fac6cf610e281e74c60cd50c213217d1f8159a41c67
12,dd5ead807a5b4630b1feb802f7b0276c,native_gfl,six-view-grid,method_prediction,1006/data/fresh_c/runs/c3_confirmation/predictions/native_gfl/dd5ead807a5b4630b1feb802f7b0276c.png,203460,c61eef18d7c887f614b48d9ee3e431b820c3d41f5020720fdae8520979bf98d3
12,dd5ead807a5b4630b1feb802f7b0276c,native_gfh,six-view-grid,method_prediction,1006/data/fresh_c/runs/c3_confirmation/predictions/native_gfh/dd5ead807a5b4630b1feb802f7b0276c.png,211295,d4f6eb897934a2bcdc57afd4084ce04b2b5f7171657da097fff89894f5e83b3e
12,dd5ead807a5b4630b1feb802f7b0276c,no_adapter,six-view-grid,method_prediction,1006/data/fresh_c/runs/c3_confirmation/predictions/no_adapter/dd5ead807a5b4630b1feb802f7b0276c.png,240932,93825ab424508ee30339a432a7cdd1a4d8c41bdf20632b0d22940db6b7310625
12,dd5ead807a5b4630b1feb802f7b0276c,native_gc3,six-view-grid,method_prediction,1006/data/fresh_c/runs/c3_confirmation/predictions/native_gc3/dd5ead807a5b4630b1feb802f7b0276c.png,192760,a42e3f2208d7f90c14b1695b755f0be37888584886037cfd529ac660b9eea5d8
12,dd5ead807a5b4630b1feb802f7b0276c,layer_llh,six-view-grid,method_prediction,1006/data/fresh_c/runs/revision_era_addendum/predictions/layer_llh/dd5ead807a5b4630b1feb802f7b0276c.png,269190,9261c549e6bf3ee0e7618ab87618708c54b66d27214ba65e7aa921eb934cd0b8
12,dd5ead807a5b4630b1feb802f7b0276c,gen_linear,six-view-grid,method_prediction,1006/data/fresh_c/runs/revision_era_addendum/predictions/gen_linear/dd5ead807a5b4630b1feb802f7b0276c.png,230013,f8c275272c72235f15c890e6d7f1d158ce699c1f5ace2b5e2c9193ab82931569
13,f6979d7ff8e54c4daf00fee46f09a139,Reference,0,input_reference,1006/data/fresh_c/renders/f6979d7ff8e54c4daf00fee46f09a139/image/000.png,189010,084e465f4fd14cb7535786c1bd010fbccfd52bc0de455f6e40da8aef014fd425
13,f6979d7ff8e54c4daf00fee46f09a139,Reference,15,input_reference,1006/data/fresh_c/renders/f6979d7ff8e54c4daf00fee46f09a139/image/015.png,202412,6ddbc2bfcd00f6dae9bf62f1f3c440226d3d5a529748bc53acf5080a34e56062
13,f6979d7ff8e54c4daf00fee46f09a139,Reference,12,input_reference,1006/data/fresh_c/renders/f6979d7ff8e54c4daf00fee46f09a139/image/012.png,207815,98d3ec6679b68c687a9cff90e945438a7bedcd94b0ddef8727c6e27c9be24da3
13,f6979d7ff8e54c4daf00fee46f09a139,Reference,16,input_reference,1006/data/fresh_c/renders/f6979d7ff8e54c4daf00fee46f09a139/image/016.png,186137,06e706a863eede471151eaa770614bf99091878af316075326e140a739ecf5b9
13,f6979d7ff8e54c4daf00fee46f09a139,Reference,13,input_reference,1006/data/fresh_c/renders/f6979d7ff8e54c4daf00fee46f09a139/image/013.png,175471,7f293ba4490003c81b77780227134681a33c6a382cef2557533dfce33cc45899
13,f6979d7ff8e54c4daf00fee46f09a139,Reference,14,input_reference,1006/data/fresh_c/renders/f6979d7ff8e54c4daf00fee46f09a139/image/014.png,200341,b1156d8ac9f6be89f5a1399eb2b788acd93f68d728d2bd8f65c2a46edb54ad7e
13,f6979d7ff8e54c4daf00fee46f09a139,native_gfl,six-view-grid,method_prediction,1006/data/fresh_c/runs/c3_confirmation/predictions/native_gfl/f6979d7ff8e54c4daf00fee46f09a139.png,310397,47c0a8996eb5f9658ec996f37b7c1ea236146e1ba1d9122c1867912d7d503f49
13,f6979d7ff8e54c4daf00fee46f09a139,native_gfh,six-view-grid,method_prediction,1006/data/fresh_c/runs/c3_confirmation/predictions/native_gfh/f6979d7ff8e54c4daf00fee46f09a139.png,378212,425c9b00d9c65aa0442e530b22b3b06310c7005438ae16bd85737a2aa93dbc42
13,f6979d7ff8e54c4daf00fee46f09a139,no_adapter,six-view-grid,method_prediction,1006/data/fresh_c/runs/c3_confirmation/predictions/no_adapter/f6979d7ff8e54c4daf00fee46f09a139.png,362881,5eb629428c1506b12ae998021679247289a0ea3f07b41e2a935862208211b91f
13,f6979d7ff8e54c4daf00fee46f09a139,native_gc3,six-view-grid,method_prediction,1006/data/fresh_c/runs/c3_confirmation/predictions/native_gc3/f6979d7ff8e54c4daf00fee46f09a139.png,363378,60fa50a194ba4fb9439c3a9866e649f3b4ec597e4f8c96dc6411fd88df0e6f96
13,f6979d7ff8e54c4daf00fee46f09a139,layer_llh,six-view-grid,method_prediction,1006/data/fresh_c/runs/revision_era_addendum/predictions/layer_llh/f6979d7ff8e54c4daf00fee46f09a139.png,377309,62288dfee520f2f47c56885ec29f8cbad7ceca21e390154b3e39bb3e12ca9cae
13,f6979d7ff8e54c4daf00fee46f09a139,gen_linear,six-view-grid,method_prediction,1006/data/fresh_c/runs/revision_era_addendum/predictions/gen_linear/f6979d7ff8e54c4daf00fee46f09a139.png,382640,a6f1130db3984ce1355ed7aef41ca7e0f806232f85f00d7ac1cd6dc1d585632c
14,b09220089d0e486bb1d11a5fd80d8fd3,Reference,0,input_reference,1006/data/fresh_c/renders/b09220089d0e486bb1d11a5fd80d8fd3/image/000.png,131370,635352164bc0fdc34cd5903ca0971f5217f1b69204c0787fe2f124718e151d12
14,b09220089d0e486bb1d11a5fd80d8fd3,Reference,15,input_reference,1006/data/fresh_c/renders/b09220089d0e486bb1d11a5fd80d8fd3/image/015.png,133881,9086ed66c55f1b1d4f480c415c8ebe919dd6c4b97429dcb17df62893b479f08e
14,b09220089d0e486bb1d11a5fd80d8fd3,Reference,12,input_reference,1006/data/fresh_c/renders/b09220089d0e486bb1d11a5fd80d8fd3/image/012.png,139007,0f986ce0c5ec89480130bb5d9e6ee7cba7c08fde47e1347b2cb4233fa0c226ca
14,b09220089d0e486bb1d11a5fd80d8fd3,Reference,16,input_reference,1006/data/fresh_c/renders/b09220089d0e486bb1d11a5fd80d8fd3/image/016.png,127756,eb6e6529e883febc55194429d75268d7325ffddb3ea0a7e58e711b94e32dd4bd
14,b09220089d0e486bb1d11a5fd80d8fd3,Reference,13,input_reference,1006/data/fresh_c/renders/b09220089d0e486bb1d11a5fd80d8fd3/image/013.png,130439,7810c19bf17dce3c7d05c989cc48b4b690a73c1a869a6c4b3e790f82337de909
14,b09220089d0e486bb1d11a5fd80d8fd3,Reference,14,input_reference,1006/data/fresh_c/renders/b09220089d0e486bb1d11a5fd80d8fd3/image/014.png,134976,f1faaa201fa9663972fe105e7d0aa3d28799672c9fc1ecd32c2411bbe491fa95
14,b09220089d0e486bb1d11a5fd80d8fd3,native_gfl,six-view-grid,method_prediction,1006/data/fresh_c/runs/c3_confirmation/predictions/native_gfl/b09220089d0e486bb1d11a5fd80d8fd3.png,351124,d14265af917d9c9bbc634c2342d20ccfc03edc9dc91162bdae15707fc6779759
14,b09220089d0e486bb1d11a5fd80d8fd3,native_gfh,six-view-grid,method_prediction,1006/data/fresh_c/runs/c3_confirmation/predictions/native_gfh/b09220089d0e486bb1d11a5fd80d8fd3.png,287270,e32b5a9474977d95b5143f34002c0419f384a1e770378eb2d5cb3d804043819f
14,b09220089d0e486bb1d11a5fd80d8fd3,no_adapter,six-view-grid,method_prediction,1006/data/fresh_c/runs/c3_confirmation/predictions/no_adapter/b09220089d0e486bb1d11a5fd80d8fd3.png,123723,481947b62e1180fb174b09ba90b415fbc0eb690119428a936f27095b52fbf66e
14,b09220089d0e486bb1d11a5fd80d8fd3,native_gc3,six-view-grid,method_prediction,1006/data/fresh_c/runs/c3_confirmation/predictions/native_gc3/b09220089d0e486bb1d11a5fd80d8fd3.png,315629,acce7facd0f84bd387b7bd71b1c4a9f94bb5c1a3be59f1f87b6ddadb38e27bf8
14,b09220089d0e486bb1d11a5fd80d8fd3,layer_llh,six-view-grid,method_prediction,1006/data/fresh_c/runs/revision_era_addendum/predictions/layer_llh/b09220089d0e486bb1d11a5fd80d8fd3.png,355505,f9827fdc985833059466367e9fc5a177806201c4ac91c7519aa3d379ac4ceb61
14,b09220089d0e486bb1d11a5fd80d8fd3,gen_linear,six-view-grid,method_prediction,1006/data/fresh_c/runs/revision_era_addendum/predictions/gen_linear/b09220089d0e486bb1d11a5fd80d8fd3.png,326453,28bf6e6cf59a545714a60bd9c6f06c29db8f55cbb3690c240f4ed0bc94044805
15,ebc5938fe6a04b5bbd5312fa2abb9ba5,Reference,0,input_reference,1006/data/fresh_c/renders/ebc5938fe6a04b5bbd5312fa2abb9ba5/image/000.png,191497,737492bcd98bd87ea368a46af86e956ff354cca1cd24a3a63202e167c6d248fb
15,ebc5938fe6a04b5bbd5312fa2abb9ba5,Reference,15,input_reference,1006/data/fresh_c/renders/ebc5938fe6a04b5bbd5312fa2abb9ba5/image/015.png,209804,259db653dc73e4f0e5b32846bf461684457e159e042a77398e329cefeb5ce4cd
15,ebc5938fe6a04b5bbd5312fa2abb9ba5,Reference,12,input_reference,1006/data/fresh_c/renders/ebc5938fe6a04b5bbd5312fa2abb9ba5/image/012.png,200434,af4cc7df3ec1ade7497b01186f4176e16e08c7f386b6a2f52331836313667e7e
15,ebc5938fe6a04b5bbd5312fa2abb9ba5,Reference,16,input_reference,1006/data/fresh_c/renders/ebc5938fe6a04b5bbd5312fa2abb9ba5/image/016.png,191232,345d8714709c46b079e19a96c1a9f18ecfa3fcddb878754eebde58d611c8b5d3
15,ebc5938fe6a04b5bbd5312fa2abb9ba5,Reference,13,input_reference,1006/data/fresh_c/renders/ebc5938fe6a04b5bbd5312fa2abb9ba5/image/013.png,196587,12702c19ed2916f7ceaf077052196418cc060e0d6e96490c450e5b31ddc90a8e
15,ebc5938fe6a04b5bbd5312fa2abb9ba5,Reference,14,input_reference,1006/data/fresh_c/renders/ebc5938fe6a04b5bbd5312fa2abb9ba5/image/014.png,205515,f12e886152ae7a9f579b0b4b088ac1488a847405f58756cd2d0570778d76de78
15,ebc5938fe6a04b5bbd5312fa2abb9ba5,native_gfl,six-view-grid,method_prediction,1006/data/fresh_c/runs/c3_confirmation/predictions/native_gfl/ebc5938fe6a04b5bbd5312fa2abb9ba5.png,326045,c94351535f1f0b90fa0695a726397315102c8f141719def64786eac55f2853be
15,ebc5938fe6a04b5bbd5312fa2abb9ba5,native_gfh,six-view-grid,method_prediction,1006/data/fresh_c/runs/c3_confirmation/predictions/native_gfh/ebc5938fe6a04b5bbd5312fa2abb9ba5.png,384858,c897ada5724ab14332b071596b993b1f274cf2959b37abba8bcd3f1a65e1f3c4
15,ebc5938fe6a04b5bbd5312fa2abb9ba5,no_adapter,six-view-grid,method_prediction,1006/data/fresh_c/runs/c3_confirmation/predictions/no_adapter/ebc5938fe6a04b5bbd5312fa2abb9ba5.png,298145,3861433188ca14932a4f343dfe5ea5d9cd4994210c9f04f4b57aa91842fa1a52
15,ebc5938fe6a04b5bbd5312fa2abb9ba5,native_gc3,six-view-grid,method_prediction,1006/data/fresh_c/runs/c3_confirmation/predictions/native_gc3/ebc5938fe6a04b5bbd5312fa2abb9ba5.png,361033,70ce7b1cb87d1db19ad6dde1cb0327d35abf10e876f32ca1d739c3d8ed5a7513
15,ebc5938fe6a04b5bbd5312fa2abb9ba5,layer_llh,six-view-grid,method_prediction,1006/data/fresh_c/runs/revision_era_addendum/predictions/layer_llh/ebc5938fe6a04b5bbd5312fa2abb9ba5.png,386981,3cfb38a6a2a457eb3015451b1bc488225effec29cab3ab1cfe2d404dc0f66a4b
15,ebc5938fe6a04b5bbd5312fa2abb9ba5,gen_linear,six-view-grid,method_prediction,1006/data/fresh_c/runs/revision_era_addendum/predictions/gen_linear/ebc5938fe6a04b5bbd5312fa2abb9ba5.png,386509,1d4c23397443afaa409f3260e7816b7c6849ff4f67f30f9e6676a1f51c422420
16,0571e6db30c84b1593bc55a8e145a430,Reference,0,input_reference,1006/data/fresh_c/renders/0571e6db30c84b1593bc55a8e145a430/image/000.png,283240,ac263a0251847f6a15beedda815c3b0c06e2d4f4afd52f048ac1c5eff03c1c3d
16,0571e6db30c84b1593bc55a8e145a430,Reference,15,input_reference,1006/data/fresh_c/renders/0571e6db30c84b1593bc55a8e145a430/image/015.png,282861,d8cc4538163dc3ba1f6d9131f3809e9c97b30ced640420bf036493344da08486
16,0571e6db30c84b1593bc55a8e145a430,Reference,12,input_reference,1006/data/fresh_c/renders/0571e6db30c84b1593bc55a8e145a430/image/012.png,295692,b2ec041896fd07461564450d667cc776f3343870a89c0fa561f5129b9acb7456
16,0571e6db30c84b1593bc55a8e145a430,Reference,16,input_reference,1006/data/fresh_c/renders/0571e6db30c84b1593bc55a8e145a430/image/016.png,268178,f536369531ebc06af74ad0e863feb54a04f3e9d270e64a317abc2653362d53e1
16,0571e6db30c84b1593bc55a8e145a430,Reference,13,input_reference,1006/data/fresh_c/renders/0571e6db30c84b1593bc55a8e145a430/image/013.png,280354,e102b8d253165b02f2a04ffd26668b6676b877100a277cc9147b9628030f32f3
16,0571e6db30c84b1593bc55a8e145a430,Reference,14,input_reference,1006/data/fresh_c/renders/0571e6db30c84b1593bc55a8e145a430/image/014.png,306690,5765884bb1d50ae9dfb52ef7f1e3278911c4981307be879adf9879ea28e36220
16,0571e6db30c84b1593bc55a8e145a430,native_gfl,six-view-grid,method_prediction,1006/data/fresh_c/runs/c3_confirmation/predictions/native_gfl/0571e6db30c84b1593bc55a8e145a430.png,347979,77e5c4e613aaaefcc121a6a1772a4565b676609ffd346db0d888559604a1ae56
16,0571e6db30c84b1593bc55a8e145a430,native_gfh,six-view-grid,method_prediction,1006/data/fresh_c/runs/c3_confirmation/predictions/native_gfh/0571e6db30c84b1593bc55a8e145a430.png,359838,62e8a933a0c864fecf177fb0b45762cf1a66ff91ea5a5d2d946b226a432932d7
16,0571e6db30c84b1593bc55a8e145a430,no_adapter,six-view-grid,method_prediction,1006/data/fresh_c/runs/c3_confirmation/predictions/no_adapter/0571e6db30c84b1593bc55a8e145a430.png,337192,ab180c723fc7c0466310744f532f11881da1c367e10788e8b0cc5f629910d958
16,0571e6db30c84b1593bc55a8e145a430,native_gc3,six-view-grid,method_prediction,1006/data/fresh_c/runs/c3_confirmation/predictions/native_gc3/0571e6db30c84b1593bc55a8e145a430.png,341129,decc57913c11ac698ab66717a9aadbfb582391e915536caa4a48458c45d2430d
16,0571e6db30c84b1593bc55a8e145a430,layer_llh,six-view-grid,method_prediction,1006/data/fresh_c/runs/revision_era_addendum/predictions/layer_llh/0571e6db30c84b1593bc55a8e145a430.png,397171,5a3046726a4a7efd32d47c67b6a7331c7beabdf8b2c948e2da87ed88ddd6356d
16,0571e6db30c84b1593bc55a8e145a430,gen_linear,six-view-grid,method_prediction,1006/data/fresh_c/runs/revision_era_addendum/predictions/gen_linear/0571e6db30c84b1593bc55a8e145a430.png,377053,626b3f7c23402f162411d54f6cf959421871e9d67a91fcff947f64a3ebbd4136
17,0e96435a23ee42f9b0e76860066c62ff,Reference,0,input_reference,1006/data/fresh_c/renders/0e96435a23ee42f9b0e76860066c62ff/image/000.png,138198,f4ed7ea5c10a3615170eee627bc7b9846cad2441d4b6b82cf8c6e4ecabe89126
17,0e96435a23ee42f9b0e76860066c62ff,Reference,15,input_reference,1006/data/fresh_c/renders/0e96435a23ee42f9b0e76860066c62ff/image/015.png,138159,7a4a4bf622530c30b4f3f2c07292be1ca7831a0e7d5b0f2e99bd417cbb048fa0
17,0e96435a23ee42f9b0e76860066c62ff,Reference,12,input_reference,1006/data/fresh_c/renders/0e96435a23ee42f9b0e76860066c62ff/image/012.png,138426,6f4200e631b4adc63afc06103fa94f33853b42d11e21814203f9865c4ac64816
17,0e96435a23ee42f9b0e76860066c62ff,Reference,16,input_reference,1006/data/fresh_c/renders/0e96435a23ee42f9b0e76860066c62ff/image/016.png,138172,5ff71d23488dc3628f84c07496055cb839f5fc24eebf89559e0b1c7ece192c17
17,0e96435a23ee42f9b0e76860066c62ff,Reference,13,input_reference,1006/data/fresh_c/renders/0e96435a23ee42f9b0e76860066c62ff/image/013.png,138157,ed81531bb7f23a800491b02de4ac72ffe90e33f7f523101754fbe882dc99a8b0
17,0e96435a23ee42f9b0e76860066c62ff,Reference,14,input_reference,1006/data/fresh_c/renders/0e96435a23ee42f9b0e76860066c62ff/image/014.png,138748,e57f52085b09c8bc6c72f6c73537ad556c52359a579fb39df606aa5d99704042
17,0e96435a23ee42f9b0e76860066c62ff,native_gfl,six-view-grid,method_prediction,1006/data/fresh_c/runs/c3_confirmation/predictions/native_gfl/0e96435a23ee42f9b0e76860066c62ff.png,305558,9cef8e60683d022fd8230767b948acd82aacb169af1aba9facebec45bd731b2b
17,0e96435a23ee42f9b0e76860066c62ff,native_gfh,six-view-grid,method_prediction,1006/data/fresh_c/runs/c3_confirmation/predictions/native_gfh/0e96435a23ee42f9b0e76860066c62ff.png,332692,cc04ab5ea855a4ef362fce1663c3dd6c5c429f98096a4df1f577718c61f0814a
17,0e96435a23ee42f9b0e76860066c62ff,no_adapter,six-view-grid,method_prediction,1006/data/fresh_c/runs/c3_confirmation/predictions/no_adapter/0e96435a23ee42f9b0e76860066c62ff.png,198316,2ceba1abeaf92fa1190f2d3d953b7c9f86d407285e7a0f9f36a7a89a9cb6840f
17,0e96435a23ee42f9b0e76860066c62ff,native_gc3,six-view-grid,method_prediction,1006/data/fresh_c/runs/c3_confirmation/predictions/native_gc3/0e96435a23ee42f9b0e76860066c62ff.png,319955,575e9f76cd4746b3425314cbb2828512aa0aef643b9e53473aafd0359a27965e
17,0e96435a23ee42f9b0e76860066c62ff,layer_llh,six-view-grid,method_prediction,1006/data/fresh_c/runs/revision_era_addendum/predictions/layer_llh/0e96435a23ee42f9b0e76860066c62ff.png,376724,1c4e56e4b05c5b839c1fb54256f5901e63bd7772f0b7ef6ac2216e06c635c3cb
17,0e96435a23ee42f9b0e76860066c62ff,gen_linear,six-view-grid,method_prediction,1006/data/fresh_c/runs/revision_era_addendum/predictions/gen_linear/0e96435a23ee42f9b0e76860066c62ff.png,355237,9f3f5b8cdfa7d4d65345ce34fab1318b7072915df65a5b7215238ae8d641630c
18,0f9579e2d298480aa26a0d9fed9307a9,Reference,0,input_reference,1006/data/fresh_c/renders/0f9579e2d298480aa26a0d9fed9307a9/image/000.png,151446,a5fd3736539e85794ef4402b80753644382ee0741663d0bbe5151ed76953aff6
18,0f9579e2d298480aa26a0d9fed9307a9,Reference,15,input_reference,1006/data/fresh_c/renders/0f9579e2d298480aa26a0d9fed9307a9/image/015.png,143427,f6a2c0d386a057973c665051c56bd7abe7e90187382a792d1ca37bdaaa2b84c7
18,0f9579e2d298480aa26a0d9fed9307a9,Reference,12,input_reference,1006/data/fresh_c/renders/0f9579e2d298480aa26a0d9fed9307a9/image/012.png,192629,f9306f9f9de902fb29b2a726d71895c622880ae671fd6bd07a7cde268b08f699
18,0f9579e2d298480aa26a0d9fed9307a9,Reference,16,input_reference,1006/data/fresh_c/renders/0f9579e2d298480aa26a0d9fed9307a9/image/016.png,143128,6090d8150e25045e7f61b57ea867bd95d7a5b662aa93ebabab78f328b7209fba
18,0f9579e2d298480aa26a0d9fed9307a9,Reference,13,input_reference,1006/data/fresh_c/renders/0f9579e2d298480aa26a0d9fed9307a9/image/013.png,151752,bdf90dbbe3c457f5746f53beec0e209c48d84bc518170fbf89c6cb1c188e519a
18,0f9579e2d298480aa26a0d9fed9307a9,Reference,14,input_reference,1006/data/fresh_c/renders/0f9579e2d298480aa26a0d9fed9307a9/image/014.png,191839,9eba3a6b6c6e33ddd0be218cb7a12bbdf58d389fd158e2fdfbd1ae2ef153edff
18,0f9579e2d298480aa26a0d9fed9307a9,native_gfl,six-view-grid,method_prediction,1006/data/fresh_c/runs/c3_confirmation/predictions/native_gfl/0f9579e2d298480aa26a0d9fed9307a9.png,298309,c8e085f362a43ad22f2175f7d86179150c7ef28cee0d8e2421118a01f816ed53
18,0f9579e2d298480aa26a0d9fed9307a9,native_gfh,six-view-grid,method_prediction,1006/data/fresh_c/runs/c3_confirmation/predictions/native_gfh/0f9579e2d298480aa26a0d9fed9307a9.png,254990,cb5acd643df4e7ffc5a9a42a5b76e069bed8eef77005402d294e50f8c4497095
18,0f9579e2d298480aa26a0d9fed9307a9,no_adapter,six-view-grid,method_prediction,1006/data/fresh_c/runs/c3_confirmation/predictions/no_adapter/0f9579e2d298480aa26a0d9fed9307a9.png,305521,4f22db81e318a44944bcb47a32096ba6300245f689c34eec04aaec1f17294d6d
18,0f9579e2d298480aa26a0d9fed9307a9,native_gc3,six-view-grid,method_prediction,1006/data/fresh_c/runs/c3_confirmation/predictions/native_gc3/0f9579e2d298480aa26a0d9fed9307a9.png,227160,102d6b4b6db3e7be33332b9d46267002f7942f04261acb3da7cad05202bbfe82
18,0f9579e2d298480aa26a0d9fed9307a9,layer_llh,six-view-grid,method_prediction,1006/data/fresh_c/runs/revision_era_addendum/predictions/layer_llh/0f9579e2d298480aa26a0d9fed9307a9.png,316750,458d2fc3fe32ca3d864a68c40fd1d670028289913ff2262e340d070507214e3d
18,0f9579e2d298480aa26a0d9fed9307a9,gen_linear,six-view-grid,method_prediction,1006/data/fresh_c/runs/revision_era_addendum/predictions/gen_linear/0f9579e2d298480aa26a0d9fed9307a9.png,276470,4ef9d35451fb2b2a68451382c032a067e6b8ca2417ae871ee5066ecd704d468e
19,067aa0a948074dda86ad9fdad1fcef9d,Reference,0,input_reference,1006/data/fresh_c/renders/067aa0a948074dda86ad9fdad1fcef9d/image/000.png,151592,fb76e4f362b9dd893cbd6934fc42136ebc07e6d3246d2f8faf65e3af00a54513
19,067aa0a948074dda86ad9fdad1fcef9d,Reference,15,input_reference,1006/data/fresh_c/renders/067aa0a948074dda86ad9fdad1fcef9d/image/015.png,141282,b956a887c09eb00659f596374d42e086baf7a2adfc30778a9f8b5a5de31d9f24
19,067aa0a948074dda86ad9fdad1fcef9d,Reference,12,input_reference,1006/data/fresh_c/renders/067aa0a948074dda86ad9fdad1fcef9d/image/012.png,163861,10c4b8d907ae5dddd0f2d379723ecb8235b977d24a8b9dfe147c3673db095509
19,067aa0a948074dda86ad9fdad1fcef9d,Reference,16,input_reference,1006/data/fresh_c/renders/067aa0a948074dda86ad9fdad1fcef9d/image/016.png,139613,c5772bf2340ed85cca8f5c4a9d4bd39b330ba46900f3a3b207fc8f728a79d28b
19,067aa0a948074dda86ad9fdad1fcef9d,Reference,13,input_reference,1006/data/fresh_c/renders/067aa0a948074dda86ad9fdad1fcef9d/image/013.png,151171,0d16be73f923176c44e4065300cd4496cc05d13d3339c71d17d1704a045d64dd
19,067aa0a948074dda86ad9fdad1fcef9d,Reference,14,input_reference,1006/data/fresh_c/renders/067aa0a948074dda86ad9fdad1fcef9d/image/014.png,158032,06ccf686db5ea8359dff13f9b074fc280a65326562f6389c9b540aa247d0b702
19,067aa0a948074dda86ad9fdad1fcef9d,native_gfl,six-view-grid,method_prediction,1006/data/fresh_c/runs/c3_confirmation/predictions/native_gfl/067aa0a948074dda86ad9fdad1fcef9d.png,306357,1711b361aefe4fd7e0ea5c29534b67b52cc8e1fd59edc226b739fc83f2da6c46
19,067aa0a948074dda86ad9fdad1fcef9d,native_gfh,six-view-grid,method_prediction,1006/data/fresh_c/runs/c3_confirmation/predictions/native_gfh/067aa0a948074dda86ad9fdad1fcef9d.png,263204,126fefa933cf9c92d910213fe607ff819ba26a9e807049b059c36add263a5f0f
19,067aa0a948074dda86ad9fdad1fcef9d,no_adapter,six-view-grid,method_prediction,1006/data/fresh_c/runs/c3_confirmation/predictions/no_adapter/067aa0a948074dda86ad9fdad1fcef9d.png,307342,f125e44860824da08db797835edf11c2bb8c44f1a68805a733bd884197cb43cc
19,067aa0a948074dda86ad9fdad1fcef9d,native_gc3,six-view-grid,method_prediction,1006/data/fresh_c/runs/c3_confirmation/predictions/native_gc3/067aa0a948074dda86ad9fdad1fcef9d.png,291773,e1b69d41cb15b98259f4cd709e14afc7b60eea517747bfcd6866dadecc1c8a72
19,067aa0a948074dda86ad9fdad1fcef9d,layer_llh,six-view-grid,method_prediction,1006/data/fresh_c/runs/revision_era_addendum/predictions/layer_llh/067aa0a948074dda86ad9fdad1fcef9d.png,314575,3dec4852a7181290081bf07dc2c11070c7dc7407f100e6cd22f62f0b19871de1
19,067aa0a948074dda86ad9fdad1fcef9d,gen_linear,six-view-grid,method_prediction,1006/data/fresh_c/runs/revision_era_addendum/predictions/gen_linear/067aa0a948074dda86ad9fdad1fcef9d.png,292009,3022effd8da0c25e55d31ee9234452ef592b125a13a26f6ea09fc4a48da53484
20,06fa4974f8cd4d4ea792e98fa1521457,Reference,0,input_reference,1006/data/fresh_c/renders/06fa4974f8cd4d4ea792e98fa1521457/image/000.png,188053,57abc97392cf2a3080f06ba7319cf77588b6ca64a39596ce60fbdbb644eb2680
20,06fa4974f8cd4d4ea792e98fa1521457,Reference,15,input_reference,1006/data/fresh_c/renders/06fa4974f8cd4d4ea792e98fa1521457/image/015.png,203021,502053fa4f8c54ba0c79cffa8d6b4db521ad5500036efc074cc91a14d5e42e49
20,06fa4974f8cd4d4ea792e98fa1521457,Reference,12,input_reference,1006/data/fresh_c/renders/06fa4974f8cd4d4ea792e98fa1521457/image/012.png,200754,eede5b4667800f0540eeffae77cfec61d44b1d6733d0f5f739861bbf4a14c7a0
20,06fa4974f8cd4d4ea792e98fa1521457,Reference,16,input_reference,1006/data/fresh_c/renders/06fa4974f8cd4d4ea792e98fa1521457/image/016.png,186080,a265e99af6b8771cde9b7560bc4d946ab23e0048974d2e14380132032f026ce5
20,06fa4974f8cd4d4ea792e98fa1521457,Reference,13,input_reference,1006/data/fresh_c/renders/06fa4974f8cd4d4ea792e98fa1521457/image/013.png,156210,f6a36129a57c6ff85879b18f9a22d1d7e9716864ca963a5a1ade54757733361e
20,06fa4974f8cd4d4ea792e98fa1521457,Reference,14,input_reference,1006/data/fresh_c/renders/06fa4974f8cd4d4ea792e98fa1521457/image/014.png,189741,e14659406a66bfce4736e24f403b62b6edd18b88e9c881ef4e2f2aa4bb737d71
20,06fa4974f8cd4d4ea792e98fa1521457,native_gfl,six-view-grid,method_prediction,1006/data/fresh_c/runs/c3_confirmation/predictions/native_gfl/06fa4974f8cd4d4ea792e98fa1521457.png,315514,a123c75f7feaadcd941bb4cd1c2b227fd6cad9201aeb53e9cf8cee2508cba2e9
20,06fa4974f8cd4d4ea792e98fa1521457,native_gfh,six-view-grid,method_prediction,1006/data/fresh_c/runs/c3_confirmation/predictions/native_gfh/06fa4974f8cd4d4ea792e98fa1521457.png,369180,9bf0de63c51b80373f1029b1b9cade1d5f9803f22f5f44a513f6f9e132605278
20,06fa4974f8cd4d4ea792e98fa1521457,no_adapter,six-view-grid,method_prediction,1006/data/fresh_c/runs/c3_confirmation/predictions/no_adapter/06fa4974f8cd4d4ea792e98fa1521457.png,347222,7a84b9d42f53f1d2b26696395facf143faa417436e1ad446b48d68ace71f64b6
20,06fa4974f8cd4d4ea792e98fa1521457,native_gc3,six-view-grid,method_prediction,1006/data/fresh_c/runs/c3_confirmation/predictions/native_gc3/06fa4974f8cd4d4ea792e98fa1521457.png,339570,2c88b85daee4c10111dec0ce03a6bb039f09c27da3e50f534e0b72b7c9052c4c
20,06fa4974f8cd4d4ea792e98fa1521457,layer_llh,six-view-grid,method_prediction,1006/data/fresh_c/runs/revision_era_addendum/predictions/layer_llh/06fa4974f8cd4d4ea792e98fa1521457.png,371910,acb7c7dbcf6ae4586263f83437361d5a2dee0aa566ccb11434199efffe5ea00f
20,06fa4974f8cd4d4ea792e98fa1521457,gen_linear,six-view-grid,method_prediction,1006/data/fresh_c/runs/revision_era_addendum/predictions/gen_linear/06fa4974f8cd4d4ea792e98fa1521457.png,375816,3be6c5adf844b0b2d78a11645e5ffb66894a15d665a244089306660e6a70cf64
