protocol,condition,metric,mean,source,interpretation
main_clean_v2_pre_save,no_adapter,full_psnr,10.514157893865004,mvpoutput/reviewer1_main_rerun_20260928/eval300_clean_v2_unique6/per_object_*.csv,strict-276 slice; not pooled with stage follow-up
main_clean_v2_pre_save,no_adapter,full_ssim,0.7264660350654436,mvpoutput/reviewer1_main_rerun_20260928/eval300_clean_v2_unique6/per_object_*.csv,strict-276 slice; not pooled with stage follow-up
main_clean_v2_pre_save,no_adapter,full_lpips,0.6270662559115369,mvpoutput/reviewer1_main_rerun_20260928/eval300_clean_v2_unique6/per_object_*.csv,strict-276 slice; not pooled with stage follow-up
main_clean_v2_pre_save,no_adapter,fg_psnr,8.775924538140712,mvpoutput/reviewer1_main_rerun_20260928/eval300_clean_v2_unique6/per_object_*.csv,strict-276 slice; not pooled with stage follow-up
main_clean_v2_pre_save,no_adapter,fg_ssim,0.47774609298431786,mvpoutput/reviewer1_main_rerun_20260928/eval300_clean_v2_unique6/per_object_*.csv,strict-276 slice; not pooled with stage follow-up
main_clean_v2_pre_save,no_adapter,fg_lpips,0.2068447074920371,mvpoutput/reviewer1_main_rerun_20260928/eval300_clean_v2_unique6/per_object_*.csv,strict-276 slice; not pooled with stage follow-up
main_clean_v2_pre_save,no_adapter,edge_ssim,0.47856575347807095,mvpoutput/reviewer1_main_rerun_20260928/eval300_clean_v2_unique6/per_object_*.csv,strict-276 slice; not pooled with stage follow-up
main_clean_v2_pre_save,fixed_low,full_psnr,15.086355861546338,mvpoutput/reviewer1_main_rerun_20260928/eval300_clean_v2_unique6/per_object_*.csv,strict-276 slice; not pooled with stage follow-up
main_clean_v2_pre_save,fixed_low,full_ssim,0.8502674903990566,mvpoutput/reviewer1_main_rerun_20260928/eval300_clean_v2_unique6/per_object_*.csv,strict-276 slice; not pooled with stage follow-up
main_clean_v2_pre_save,fixed_low,full_lpips,0.19357902926487336,mvpoutput/reviewer1_main_rerun_20260928/eval300_clean_v2_unique6/per_object_*.csv,strict-276 slice; not pooled with stage follow-up
main_clean_v2_pre_save,fixed_low,fg_psnr,7.029615828524465,mvpoutput/reviewer1_main_rerun_20260928/eval300_clean_v2_unique6/per_object_*.csv,strict-276 slice; not pooled with stage follow-up
main_clean_v2_pre_save,fixed_low,fg_ssim,0.3548055719854175,mvpoutput/reviewer1_main_rerun_20260928/eval300_clean_v2_unique6/per_object_*.csv,strict-276 slice; not pooled with stage follow-up
main_clean_v2_pre_save,fixed_low,fg_lpips,0.20243352111698926,mvpoutput/reviewer1_main_rerun_20260928/eval300_clean_v2_unique6/per_object_*.csv,strict-276 slice; not pooled with stage follow-up
main_clean_v2_pre_save,fixed_low,edge_ssim,0.5002536134443422,mvpoutput/reviewer1_main_rerun_20260928/eval300_clean_v2_unique6/per_object_*.csv,strict-276 slice; not pooled with stage follow-up
main_clean_v2_pre_save,fixed_high,full_psnr,13.364698105100272,mvpoutput/reviewer1_main_rerun_20260928/eval300_clean_v2_unique6/per_object_*.csv,strict-276 slice; not pooled with stage follow-up
main_clean_v2_pre_save,fixed_high,full_ssim,0.8233397173276846,mvpoutput/reviewer1_main_rerun_20260928/eval300_clean_v2_unique6/per_object_*.csv,strict-276 slice; not pooled with stage follow-up
main_clean_v2_pre_save,fixed_high,full_lpips,0.18968574575863886,mvpoutput/reviewer1_main_rerun_20260928/eval300_clean_v2_unique6/per_object_*.csv,strict-276 slice; not pooled with stage follow-up
main_clean_v2_pre_save,fixed_high,fg_psnr,5.4095954933892125,mvpoutput/reviewer1_main_rerun_20260928/eval300_clean_v2_unique6/per_object_*.csv,strict-276 slice; not pooled with stage follow-up
main_clean_v2_pre_save,fixed_high,fg_ssim,0.229131867920143,mvpoutput/reviewer1_main_rerun_20260928/eval300_clean_v2_unique6/per_object_*.csv,strict-276 slice; not pooled with stage follow-up
main_clean_v2_pre_save,fixed_high,fg_lpips,0.21040300560264807,mvpoutput/reviewer1_main_rerun_20260928/eval300_clean_v2_unique6/per_object_*.csv,strict-276 slice; not pooled with stage follow-up
main_clean_v2_pre_save,fixed_high,edge_ssim,0.4937552252541418,mvpoutput/reviewer1_main_rerun_20260928/eval300_clean_v2_unique6/per_object_*.csv,strict-276 slice; not pooled with stage follow-up
main_clean_v2_pre_save,c3,full_psnr,14.874510501605878,mvpoutput/reviewer1_main_rerun_20260928/eval300_clean_v2_unique6/per_object_*.csv,strict-276 slice; not pooled with stage follow-up
main_clean_v2_pre_save,c3,full_ssim,0.8548600440439971,mvpoutput/reviewer1_main_rerun_20260928/eval300_clean_v2_unique6/per_object_*.csv,strict-276 slice; not pooled with stage follow-up
main_clean_v2_pre_save,c3,full_lpips,0.1895264884645956,mvpoutput/reviewer1_main_rerun_20260928/eval300_clean_v2_unique6/per_object_*.csv,strict-276 slice; not pooled with stage follow-up
main_clean_v2_pre_save,c3,fg_psnr,6.762900895614555,mvpoutput/reviewer1_main_rerun_20260928/eval300_clean_v2_unique6/per_object_*.csv,strict-276 slice; not pooled with stage follow-up
main_clean_v2_pre_save,c3,fg_ssim,0.34834390989356284,mvpoutput/reviewer1_main_rerun_20260928/eval300_clean_v2_unique6/per_object_*.csv,strict-276 slice; not pooled with stage follow-up
main_clean_v2_pre_save,c3,fg_lpips,0.20132220425791497,mvpoutput/reviewer1_main_rerun_20260928/eval300_clean_v2_unique6/per_object_*.csv,strict-276 slice; not pooled with stage follow-up
main_clean_v2_pre_save,c3,edge_ssim,0.5000407168830651,mvpoutput/reviewer1_main_rerun_20260928/eval300_clean_v2_unique6/per_object_*.csv,strict-276 slice; not pooled with stage follow-up
stage_placement_followup_pre_save,fixed_mean,full_psnr,14.311406284138776,final/round2/stage_placement_276_20260929/per_object_fixed_mean.csv,within-follow-up paired comparison only
stage_placement_followup_pre_save,fixed_mean,full_ssim,0.8425433722095214,final/round2/stage_placement_276_20260929/per_object_fixed_mean.csv,within-follow-up paired comparison only
stage_placement_followup_pre_save,fixed_mean,full_lpips,0.18816693966695364,final/round2/stage_placement_276_20260929/per_object_fixed_mean.csv,within-follow-up paired comparison only
stage_placement_followup_pre_save,fixed_mean,fg_psnr,6.256723965423695,final/round2/stage_placement_276_20260929/per_object_fixed_mean.csv,within-follow-up paired comparison only
stage_placement_followup_pre_save,fixed_mean,fg_ssim,0.3159746644289597,final/round2/stage_placement_276_20260929/per_object_fixed_mean.csv,within-follow-up paired comparison only
stage_placement_followup_pre_save,fixed_mean,fg_lpips,0.20520044550083685,final/round2/stage_placement_276_20260929/per_object_fixed_mean.csv,within-follow-up paired comparison only
stage_placement_followup_pre_save,fixed_mean,edge_ssim,0.4985441674572834,final/round2/stage_placement_276_20260929/per_object_fixed_mean.csv,within-follow-up paired comparison only
stage_placement_followup_serialized,fixed_mean,full_ssim,0.8739521242138268,final/round2/stage_placement_276_20260929/serialized_full_ssim_per_object.csv,PNG-reloaded float32 prediction vs raw RGBA/white float32 GT
stage_placement_followup_pre_save,hll,full_psnr,13.396997922572536,final/round2/stage_placement_276_20260929/per_object_hll.csv,within-follow-up paired comparison only
stage_placement_followup_pre_save,hll,full_ssim,0.8252404612907465,final/round2/stage_placement_276_20260929/per_object_hll.csv,within-follow-up paired comparison only
stage_placement_followup_pre_save,hll,full_lpips,0.2021284416803847,final/round2/stage_placement_276_20260929/per_object_hll.csv,within-follow-up paired comparison only
stage_placement_followup_pre_save,hll,fg_psnr,5.583091679474582,final/round2/stage_placement_276_20260929/per_object_hll.csv,within-follow-up paired comparison only
stage_placement_followup_pre_save,hll,fg_ssim,0.25870367441920267,final/round2/stage_placement_276_20260929/per_object_hll.csv,within-follow-up paired comparison only
stage_placement_followup_pre_save,hll,fg_lpips,0.2115580694196557,final/round2/stage_placement_276_20260929/per_object_hll.csv,within-follow-up paired comparison only
stage_placement_followup_pre_save,hll,edge_ssim,0.463542552097984,final/round2/stage_placement_276_20260929/per_object_hll.csv,within-follow-up paired comparison only
stage_placement_followup_serialized,hll,full_ssim,0.859929574140604,final/round2/stage_placement_276_20260929/serialized_full_ssim_per_object.csv,PNG-reloaded float32 prediction vs raw RGBA/white float32 GT
stage_placement_followup_pre_save,llh,full_psnr,15.135875633661298,final/round2/stage_placement_276_20260929/per_object_llh.csv,within-follow-up paired comparison only
stage_placement_followup_pre_save,llh,full_ssim,0.8518176381138788,final/round2/stage_placement_276_20260929/per_object_llh.csv,within-follow-up paired comparison only
stage_placement_followup_pre_save,llh,full_lpips,0.18092903818773187,final/round2/stage_placement_276_20260929/per_object_llh.csv,within-follow-up paired comparison only
stage_placement_followup_pre_save,llh,fg_psnr,6.936682834141497,final/round2/stage_placement_276_20260929/per_object_llh.csv,within-follow-up paired comparison only
stage_placement_followup_pre_save,llh,fg_ssim,0.3569086579794901,final/round2/stage_placement_276_20260929/per_object_llh.csv,within-follow-up paired comparison only
stage_placement_followup_pre_save,llh,fg_lpips,0.19950682525118085,final/round2/stage_placement_276_20260929/per_object_llh.csv,within-follow-up paired comparison only
stage_placement_followup_pre_save,llh,edge_ssim,0.5355413281831188,final/round2/stage_placement_276_20260929/per_object_llh.csv,within-follow-up paired comparison only
stage_placement_followup_serialized,llh,full_ssim,0.8831341640240904,final/round2/stage_placement_276_20260929/serialized_full_ssim_per_object.csv,PNG-reloaded float32 prediction vs raw RGBA/white float32 GT
stage_placement_followup_pre_save,c3_lhl,full_psnr,14.867775198342144,final/round2/stage_placement_276_20260929/per_object_c3_lhl.csv,within-follow-up paired comparison only
stage_placement_followup_pre_save,c3_lhl,full_ssim,0.8545517569434815,final/round2/stage_placement_276_20260929/per_object_c3_lhl.csv,within-follow-up paired comparison only
stage_placement_followup_pre_save,c3_lhl,full_lpips,0.18958730112923228,final/round2/stage_placement_276_20260929/per_object_c3_lhl.csv,within-follow-up paired comparison only
stage_placement_followup_pre_save,c3_lhl,fg_psnr,6.759598684915598,final/round2/stage_placement_276_20260929/per_object_c3_lhl.csv,within-follow-up paired comparison only
stage_placement_followup_pre_save,c3_lhl,fg_ssim,0.3480578415851662,final/round2/stage_placement_276_20260929/per_object_c3_lhl.csv,within-follow-up paired comparison only
stage_placement_followup_pre_save,c3_lhl,fg_lpips,0.20140317774823177,final/round2/stage_placement_276_20260929/per_object_c3_lhl.csv,within-follow-up paired comparison only
stage_placement_followup_pre_save,c3_lhl,edge_ssim,0.5002401792916699,final/round2/stage_placement_276_20260929/per_object_c3_lhl.csv,within-follow-up paired comparison only
stage_placement_followup_serialized,c3_lhl,full_ssim,0.8814376553763514,final/round2/stage_placement_276_20260929/serialized_full_ssim_per_object.csv,PNG-reloaded float32 prediction vs raw RGBA/white float32 GT
