schedule,object,fg_ssim,psnr,lap_var,rgb_std,grad_mag,gt_lap_var,gt_rgb_std,gt_grad_mag
cosine_bump,obj_0000,0.268470,16.3579,0.004730,0.159302,0.276367,0.017091,0.023681,0.404940
cosine_bump,obj_0001,0.155087,14.6008,0.035461,0.217773,0.501953,0.017740,0.129655,0.359339
cosine_bump,obj_0002,0.233246,13.3638,0.003866,0.186890,0.225830,0.016128,0.054597,0.283933
cosine_bump,obj_0003,0.231935,14.1969,0.013443,0.184814,0.378174,0.018337,0.049988,0.377326
cosine_bump,obj_0004,0.229489,13.2312,0.016144,0.171509,0.441406,0.019922,0.106184,0.370706
cosine_bump,obj_0005,0.176396,18.3152,0.003805,0.167847,0.225464,0.041689,0.040001,0.685948
cosine_bump,obj_0006,0.226345,22.7523,0.005390,0.150024,0.187256,0.016228,0.189192,0.402700
cosine_bump,obj_0007,0.178349,11.9734,0.005432,0.174316,0.251709,0.017951,0.020129,0.291724
cosine_bump,obj_0008,0.429098,18.5940,0.003130,0.171631,0.215088,0.008031,0.111448,0.265075
cosine_bump,obj_0009,0.285691,19.1201,0.003498,0.155273,0.180176,0.043917,0.048221,0.403298
cosine_bump,obj_0010,0.177067,15.8126,0.007465,0.179565,0.286377,0.031553,0.010938,0.515677
cosine_bump,obj_0011,0.219286,13.1806,0.013992,0.183350,0.389893,0.014048,0.024637,0.275750
cosine_bump,obj_0012,0.271161,15.7097,0.010895,0.253662,0.321777,0.011242,0.123227,0.322965
cosine_bump,obj_0013,0.520801,22.4393,0.002815,0.187622,0.189819,0.003821,0.001426,0.129375
cosine_bump,obj_0014,0.181440,13.0140,0.020218,0.190308,0.418213,0.026282,0.035060,0.486033
cosine_bump,obj_0015,0.499534,16.6549,0.006588,0.240479,0.251221,0.000915,0.001471,0.045309
cosine_bump,obj_0016,0.205254,21.0620,0.007721,0.199829,0.324707,0.048334,0.042507,0.670287
cosine_bump,obj_0017,0.301383,14.8142,0.004841,0.187988,0.210938,0.029716,0.006884,0.351114
cosine_bump,obj_0018,0.251899,14.3844,0.013947,0.161743,0.358398,0.013464,0.083816,0.252253
cosine_bump,obj_0019,0.178853,15.0312,0.012764,0.186890,0.419922,0.025550,0.079437,0.452439
cosine_bump,obj_0020,0.192566,15.7427,0.024261,0.222900,0.459229,0.026905,0.051097,0.439924
cosine_bump,obj_0021,0.218434,15.4027,0.005287,0.173096,0.244629,0.023159,0.025576,0.407928
cosine_bump,obj_0022,0.230610,14.8280,0.008583,0.177124,0.282715,0.020684,0.052386,0.397272
cosine_bump,obj_0023,0.293727,17.0406,0.003841,0.168091,0.212158,0.026121,0.016852,0.421931
cosine_bump,obj_0024,0.280718,18.4510,0.003208,0.162231,0.199341,0.023163,0.014670,0.442339
cosine_bump,obj_0025,0.272042,13.8168,0.007519,0.178955,0.256348,0.013096,0.009598,0.178121
cosine_bump,obj_0026,0.507431,19.5624,0.005672,0.196289,0.227539,0.003516,0.003031,0.123759
cosine_bump,obj_0027,0.173797,13.2546,0.032013,0.177368,0.511719,0.015523,0.057704,0.298078
cosine_bump,obj_0028,0.140390,18.1615,0.005013,0.165039,0.264893,0.061201,0.011970,0.823865
cosine_bump,obj_0029,0.110241,49.9867,0.000966,0.132812,0.064148,0.021052,0.142881,1.560523
cosine_bump,obj_0030,0.246338,16.6951,0.009232,0.192993,0.352051,0.023637,0.068148,0.433541
cosine_bump,obj_0031,0.211425,26.5850,0.002752,0.125366,0.175537,0.046172,0.013991,0.742477
cosine_bump,obj_0032,0.170256,11.3094,0.035156,0.209106,0.507812,0.024911,0.023806,0.393314
cosine_bump,obj_0033,0.219941,15.7360,0.010582,0.168579,0.338379,0.029614,0.095242,0.549603
cosine_bump,obj_0034,0.155781,16.7171,0.011406,0.171509,0.350342,0.042785,0.048544,0.689939
cosine_bump,obj_0035,0.261708,15.6197,0.004021,0.200073,0.242920,0.036350,0.140595,0.541891
cosine_bump,obj_0036,0.390844,18.7088,0.004173,0.151611,0.244141,0.016214,0.072742,0.346903
cosine_bump,obj_0037,0.161427,13.9148,0.007408,0.166016,0.325684,0.074510,0.011588,0.691537
cosine_bump,obj_0038,0.568501,18.4627,0.005558,0.203003,0.198975,0.000989,0.001606,0.049787
cosine_bump,obj_0039,0.358589,14.6559,0.008179,0.186279,0.278809,0.011566,0.145921,0.283703
cosine_bump,obj_0040,0.338397,14.8989,0.006393,0.201538,0.251709,0.016054,0.019151,0.264784
cosine_bump,obj_0041,0.138359,10.6135,0.055084,0.210693,0.608887,0.013521,0.018698,0.219974
cosine_bump,obj_0042,0.201640,15.3430,0.016068,0.171875,0.404785,0.038065,0.044038,0.502944
cosine_bump,obj_0043,0.149721,10.2557,0.043243,0.191406,0.492676,0.010896,0.024039,0.199306
cosine_bump,obj_0044,0.202512,19.1158,0.008209,0.162964,0.315430,0.043150,0.051051,0.645594
cosine_bump,obj_0045,0.220784,13.4690,0.012299,0.164185,0.347900,0.018226,0.011428,0.285688
cosine_bump,obj_0046,0.227369,13.0338,0.008316,0.174927,0.286621,0.018600,0.043589,0.304342
cosine_bump,obj_0047,0.173067,16.1829,0.005329,0.156250,0.260986,0.027494,0.015520,0.454694
cosine_bump,obj_0048,0.518191,21.5198,0.003038,0.166016,0.223267,0.004555,0.003848,0.141279
cosine_bump,obj_0049,0.295124,16.7348,0.008118,0.192505,0.313721,0.026298,0.065672,0.445086
cosine_bump,obj_0050,0.089659,18.8235,0.007519,0.137207,0.295654,0.073496,0.038335,0.850659
cosine_bump,obj_0051,0.211840,11.5731,0.010406,0.161255,0.356934,0.022108,0.041149,0.341234
cosine_bump,obj_0052,0.315394,19.6388,0.006359,0.115540,0.248901,0.026754,0.087938,0.477072
cosine_bump,obj_0053,0.267022,14.8103,0.005836,0.166748,0.246216,0.019288,0.008141,0.375408
cosine_bump,obj_0054,0.521800,22.7248,0.002964,0.186279,0.193726,0.002689,0.001581,0.108972
cosine_bump,obj_0055,0.189530,16.7398,0.005226,0.170898,0.241821,0.062989,0.134137,0.725974
cosine_bump,obj_0056,0.189510,12.3846,0.014290,0.219604,0.359619,0.016235,0.036494,0.313845
cosine_bump,obj_0057,0.208193,14.6719,0.011124,0.208618,0.393066,0.017024,0.175335,0.273884
cosine_bump,obj_0058,0.251651,18.9392,0.005280,0.170532,0.254150,0.031104,0.026762,0.573737
cosine_bump,obj_0059,0.287823,13.5671,0.008041,0.195923,0.333252,0.014937,0.053752,0.306990
cosine_bump,obj_0060,0.307508,17.5504,0.013268,0.211060,0.372803,0.010842,0.040589,0.279710
cosine_bump,obj_0061,0.170087,14.6734,0.011887,0.178711,0.381592,0.031656,0.030186,0.511035
cosine_bump,obj_0062,0.229541,16.0275,0.005211,0.151733,0.233765,0.063954,0.146052,0.578097
cosine_bump,obj_0063,0.289877,12.2243,0.004265,0.161743,0.213379,0.017309,0.037154,0.313621
cosine_bump,obj_0064,0.419615,16.3688,0.003771,0.188354,0.220215,0.012484,0.184111,0.237518
cosine_bump,obj_0065,0.321239,20.0798,0.003494,0.176392,0.227417,0.018760,0.050869,0.397958
cosine_bump,obj_0066,0.495649,18.9136,0.005653,0.219116,0.244995,0.001163,0.001458,0.061010
cosine_bump,obj_0067,0.299642,16.9392,0.011597,0.183716,0.382324,0.009615,0.062524,0.344068
cosine_bump,obj_0068,0.489957,20.9304,0.003620,0.200439,0.216309,0.004931,0.001486,0.140852
cosine_bump,obj_0069,0.091005,14.6879,0.008736,0.204346,0.341064,0.070115,0.057225,0.694903
cosine_bump,obj_0070,0.479288,18.8080,0.005192,0.224976,0.222412,0.004139,0.028851,0.150958
cosine_bump,obj_0071,0.104884,20.2795,0.002874,0.111084,0.187622,0.062063,0.018332,1.086789
cosine_bump,obj_0072,0.317654,13.2668,0.024445,0.203735,0.404053,0.002865,0.099724,0.112215
cosine_bump,obj_0073,0.029311,11.4260,0.052795,0.258789,0.439941,0.010302,0.002147,0.080284
cosine_bump,obj_0074,0.326948,13.1237,0.004250,0.155273,0.246704,0.019268,0.064367,0.314965
cosine_bump,obj_0075,0.055144,12.0213,0.009460,0.182129,0.299561,0.077657,0.003347,0.765311
cosine_bump,obj_0076,0.178398,14.9658,0.004501,0.156494,0.284424,0.031893,0.013491,0.553979
cosine_bump,obj_0077,0.238410,11.3276,0.015808,0.187866,0.411621,0.008620,0.050093,0.245375
cosine_bump,obj_0078,0.478630,31.1240,0.001300,0.120483,0.136719,0.004251,0.001344,0.216545
cosine_bump,obj_0079,0.129719,12.4809,0.031616,0.216675,0.496094,0.012288,0.040025,0.226944
cosine_bump,obj_0080,0.167847,14.6910,0.003395,0.162109,0.227905,0.028549,0.025458,0.478131
cosine_bump,obj_0081,0.208469,14.7471,0.002045,0.169189,0.161987,0.023731,0.005986,0.371657
cosine_bump,obj_0082,0.534888,29.4976,0.002159,0.125244,0.159424,0.003320,0.001381,0.157163
cosine_bump,obj_0083,0.411171,18.3946,0.006908,0.197510,0.252197,0.008843,0.016540,0.222829
cosine_bump,obj_0084,0.175521,18.9634,0.009911,0.189087,0.292969,0.041135,0.043198,0.613893
cosine_bump,obj_0085,0.376627,17.3959,0.005508,0.163452,0.282715,0.010792,0.081023,0.248804
cosine_bump,obj_0086,0.285110,19.3058,0.004398,0.150635,0.272461,0.049357,0.118019,0.527816
cosine_bump,obj_0087,0.463386,22.2615,0.003838,0.190186,0.196533,0.009377,0.090577,0.257244
cosine_bump,obj_0088,0.270270,18.0196,0.003181,0.138306,0.202271,0.041327,0.025130,0.473785
cosine_bump,obj_0089,0.212064,17.9246,0.003536,0.163940,0.251709,0.029513,0.034785,0.544593
cosine_bump,obj_0090,0.189534,17.8097,0.006474,0.160889,0.250488,0.067273,0.048821,0.652758
cosine_bump,obj_0091,0.248979,14.3564,0.023056,0.208984,0.409668,0.009358,0.175683,0.267362
cosine_bump,obj_0092,0.302294,18.6411,0.004974,0.133789,0.292480,0.026724,0.076689,0.423871
cosine_bump,obj_0093,0.343817,16.3704,0.004856,0.178711,0.226318,0.019499,0.183595,0.436188
cosine_bump,obj_0094,0.271067,16.6797,0.015518,0.169556,0.366943,0.030410,0.020976,0.430805
cosine_bump,obj_0095,0.193593,14.2354,0.006977,0.173584,0.302002,0.026604,0.017374,0.438415
cosine_bump,obj_0096,0.427534,23.4714,0.004452,0.165039,0.250488,0.010207,0.036520,0.286032
cosine_bump,obj_0097,0.103568,21.0897,0.006821,0.111206,0.271973,0.087276,0.041269,1.090399
cosine_bump,obj_0098,0.289055,15.4239,0.016525,0.206055,0.408691,0.009924,0.009777,0.216112
cosine_bump,obj_0099,0.268444,13.7832,0.005745,0.191772,0.253906,0.011558,0.076275,0.231617
cosine_bump,obj_0100,0.136156,20.3036,0.003798,0.129028,0.238159,0.059775,0.013043,0.842542
cosine_bump,obj_0101,0.168433,14.3113,0.013206,0.187744,0.369873,0.035814,0.075823,0.571971
cosine_bump,obj_0102,0.177353,18.7965,0.003120,0.163940,0.221069,0.029063,0.015868,0.628078
cosine_bump,obj_0103,0.218158,12.9998,0.026352,0.231079,0.440430,0.026621,0.139617,0.417841
cosine_bump,obj_0104,0.170786,12.8224,0.014122,0.207520,0.350586,0.037244,0.048556,0.512132
cosine_bump,obj_0105,0.245849,15.0577,0.022980,0.212769,0.452393,0.014199,0.015066,0.275988
cosine_bump,obj_0106,0.128133,11.9713,0.024948,0.214966,0.479248,0.019321,0.007393,0.354784
cosine_bump,obj_0107,0.167560,15.3881,0.005005,0.189087,0.260254,0.023975,0.007687,0.404813
cosine_bump,obj_0108,0.296941,18.9303,0.001405,0.141846,0.147827,0.052290,0.050098,0.552431
cosine_bump,obj_0109,0.322119,14.3334,0.021866,0.220825,0.400879,0.006834,0.170872,0.197096
cosine_bump,obj_0110,0.664058,21.2592,0.001984,0.196899,0.140991,0.001130,0.001487,0.052878
cosine_bump,obj_0111,0.499810,19.8950,0.004623,0.217407,0.227417,0.004280,0.001502,0.114542
cosine_bump,obj_0112,0.049917,20.8082,0.004658,0.148560,0.264648,0.100967,0.011951,1.375340
cosine_bump,obj_0113,0.421003,16.5393,0.006947,0.201660,0.261963,0.004942,0.013240,0.195535
cosine_bump,obj_0114,0.238126,13.3166,0.026764,0.189941,0.462891,0.008281,0.021737,0.216553
cosine_bump,obj_0115,0.338101,15.9630,0.015617,0.199097,0.366943,0.004374,0.015313,0.178495
cosine_bump,obj_0116,0.375211,15.4473,0.010429,0.232056,0.265869,0.005830,0.020831,0.214125
cosine_bump,obj_0117,0.499801,18.9447,0.004265,0.187256,0.226074,0.003376,0.024380,0.135896
cosine_bump,obj_0118,0.524653,24.4347,0.001614,0.164062,0.149536,0.004609,0.021686,0.164218
cosine_bump,obj_0119,0.520523,19.9821,0.003275,0.178223,0.179688,0.005647,0.024797,0.176451
cosine_bump,obj_0120,0.432228,23.2430,0.002398,0.160400,0.200073,0.007336,0.013260,0.240663
cosine_bump,obj_0121,0.283127,16.1611,0.010735,0.218384,0.305664,0.021232,0.011593,0.388086
cosine_bump,obj_0122,0.436176,17.3692,0.005756,0.186768,0.268066,0.003909,0.036896,0.146436
cosine_bump,obj_0123,0.259402,13.2383,0.009514,0.223633,0.262207,0.011396,0.043393,0.268353
cosine_bump,obj_0124,0.453439,14.9065,0.003511,0.193237,0.202759,0.005900,0.095462,0.196615
cosine_bump,obj_0125,0.202337,22.6499,0.009430,0.136353,0.332031,0.045286,0.070778,0.719164
cosine_bump,obj_0126,0.397406,15.1647,0.008965,0.217529,0.239502,0.005627,0.024661,0.204700
cosine_bump,obj_0127,0.375009,18.5807,0.005730,0.162598,0.211426,0.007258,0.020696,0.317310
cosine_bump,obj_0128,0.435553,17.4964,0.006138,0.179199,0.236938,0.005705,0.036475,0.205700
cosine_bump,obj_0129,0.409160,20.3285,0.002317,0.189819,0.181885,0.014280,0.027504,0.340916
cosine_bump,obj_0130,0.483833,18.0245,0.005268,0.212524,0.206543,0.003568,0.018495,0.142014
cosine_bump,obj_0131,0.120043,25.4814,0.006939,0.171875,0.246582,0.102590,0.022258,1.386093
cosine_bump,obj_0132,0.410656,15.5142,0.005859,0.200073,0.231689,0.005522,0.031230,0.219333
cosine_bump,obj_0133,0.267292,17.8412,0.007782,0.164062,0.327393,0.012725,0.115692,0.311991
cosine_bump,obj_0134,0.353415,16.1009,0.005238,0.226562,0.237549,0.007754,0.040996,0.273276
cosine_bump,obj_0135,0.462882,17.5258,0.007435,0.176270,0.252197,0.004873,0.033838,0.221073
cosine_bump,obj_0136,0.414904,17.1478,0.004791,0.210571,0.224854,0.006628,0.035459,0.265765
cosine_bump,obj_0137,0.367181,16.3904,0.006924,0.207642,0.205688,0.005306,0.099699,0.227275
cosine_bump,obj_0138,0.490781,17.4984,0.002644,0.185059,0.191772,0.003877,0.016173,0.166296
cosine_bump,obj_0139,0.375322,14.4462,0.012764,0.218506,0.312012,0.002946,0.015997,0.154297
cosine_bump,obj_0140,0.417680,18.9978,0.004574,0.182495,0.235962,0.010631,0.036963,0.263094
cosine_bump,obj_0141,0.444415,18.5064,0.002710,0.174438,0.205566,0.005606,0.012019,0.206518
cosine_bump,obj_0142,0.493002,17.1174,0.003181,0.176147,0.204346,0.003497,0.023137,0.132866
cosine_bump,obj_0143,0.413738,21.3561,0.003975,0.203369,0.240967,0.008322,0.044493,0.233271
cosine_bump,obj_0144,0.370103,17.6410,0.004971,0.230835,0.181152,0.013157,0.045457,0.323749
cosine_bump,obj_0145,0.336727,19.1915,0.002691,0.171265,0.178345,0.020474,0.020154,0.454542
cosine_bump,obj_0146,0.317321,14.8645,0.015236,0.186279,0.386719,0.006052,0.042194,0.230227
cosine_bump,obj_0147,0.409295,17.2097,0.008614,0.214111,0.286621,0.004066,0.023372,0.195785
cosine_bump,obj_0148,0.398761,15.7999,0.013992,0.185059,0.322266,0.005674,0.082636,0.213541
cosine_bump,obj_0149,0.292186,19.4333,0.005505,0.175537,0.229614,0.025715,0.020418,0.516037
cosine_bump,obj_0150,0.315990,14.3569,0.011749,0.206909,0.330322,0.007146,0.012307,0.175853
cosine_bump,obj_0151,0.444700,16.3081,0.003645,0.188232,0.225220,0.005362,0.012725,0.196926
cosine_bump,obj_0152,0.407507,15.6010,0.010056,0.219849,0.259766,0.002851,0.011571,0.142235
cosine_bump,obj_0153,0.409754,19.8068,0.004040,0.177002,0.227783,0.006438,0.016707,0.222656
cosine_bump,obj_0154,0.485181,18.0234,0.003336,0.192749,0.178711,0.004067,0.021804,0.194360
cosine_bump,obj_0155,0.278189,14.4543,0.006496,0.180420,0.273438,0.009242,0.012923,0.323116
cosine_bump,obj_0156,0.366232,19.5076,0.004047,0.163452,0.200684,0.015401,0.068753,0.371839
cosine_bump,obj_0157,0.384309,20.6076,0.005001,0.176880,0.188232,0.012449,0.015329,0.329119
cosine_bump,obj_0158,0.377273,14.8536,0.005596,0.187378,0.252930,0.008212,0.041602,0.288646
cosine_bump,obj_0159,0.359699,18.4688,0.004490,0.201904,0.207642,0.013832,0.019535,0.338247
cosine_bump,obj_0160,0.527661,19.2605,0.003685,0.187500,0.195801,0.002790,0.004880,0.152643
cosine_bump,obj_0161,0.408505,18.5457,0.002480,0.172852,0.182373,0.013135,0.019656,0.294371
cosine_bump,obj_0162,0.412077,20.0534,0.005371,0.198853,0.296875,0.004036,0.033419,0.151788
cosine_bump,obj_0163,0.503181,17.9035,0.003824,0.192505,0.197998,0.002999,0.012810,0.161888
cosine_bump,obj_0164,0.567948,20.9456,0.001809,0.166504,0.157227,0.003953,0.006477,0.148136
cosine_bump,obj_0165,0.403037,15.0816,0.005829,0.205811,0.231201,0.006300,0.039601,0.232700
cosine_bump,obj_0166,0.556798,18.0118,0.002575,0.180542,0.182495,0.003497,0.014252,0.119574
cosine_bump,obj_0167,0.455949,17.1945,0.005840,0.179932,0.223511,0.004956,0.025849,0.216873
cosine_bump,obj_0168,0.281978,18.0330,0.006176,0.143188,0.272217,0.026117,0.037876,0.500557
cosine_bump,obj_0169,0.271266,14.4260,0.009315,0.167603,0.383545,0.017856,0.106189,0.383792
cosine_bump,obj_0170,0.288016,16.9417,0.002468,0.166870,0.195801,0.011199,0.077721,0.345191
cosine_bump,obj_0171,0.486290,16.8100,0.004597,0.185547,0.219116,0.004057,0.013930,0.167573
cosine_bump,obj_0172,0.406823,16.3976,0.009933,0.198730,0.310059,0.004088,0.017234,0.213156
cosine_bump,obj_0173,0.431579,16.5896,0.006878,0.211670,0.241577,0.004349,0.035786,0.181914
cosine_bump,obj_0174,0.510520,25.5220,0.001561,0.168579,0.133911,0.009882,0.009549,0.193214
cosine_bump,obj_0175,0.564971,21.2134,0.001913,0.188477,0.152710,0.003441,0.026035,0.144004
cosine_bump,obj_0176,0.332959,15.2829,0.011551,0.216553,0.338379,0.009379,0.212555,0.280753
cosine_bump,obj_0177,0.281252,16.0360,0.004257,0.178711,0.260498,0.014004,0.096053,0.408023
cosine_bump,obj_0178,0.122715,31.3287,0.004993,0.167236,0.252441,0.100744,0.030054,0.997549
cosine_bump,obj_0179,0.459584,16.4032,0.005081,0.218750,0.221558,0.005741,0.071723,0.148483
cosine_bump,obj_0180,0.210384,29.0434,0.006035,0.137939,0.266113,0.043674,0.036743,0.666273
cosine_bump,obj_0181,0.498691,17.6658,0.004524,0.205688,0.176270,0.003447,0.030914,0.118449
cosine_bump,obj_0182,0.461093,19.6619,0.003330,0.184204,0.192749,0.009052,0.094902,0.233280
cosine_bump,obj_0183,0.366006,17.2096,0.005367,0.240601,0.242920,0.006222,0.052709,0.290842
cosine_bump,obj_0184,0.359672,20.3836,0.005821,0.190552,0.267334,0.018374,0.158172,0.395238
cosine_bump,obj_0185,0.427966,23.7658,0.002264,0.161011,0.188843,0.011101,0.026100,0.286832
cosine_bump,obj_0186,0.283454,20.3479,0.003971,0.186157,0.185791,0.014575,0.058376,0.487173
cosine_bump,obj_0187,0.439964,17.5626,0.005852,0.213379,0.211426,0.003716,0.125362,0.155770
cosine_bump,obj_0188,0.218860,14.9571,0.007603,0.208740,0.279785,0.031210,0.047032,0.516613
cosine_bump,obj_0189,0.423904,19.0276,0.004620,0.199341,0.217651,0.008083,0.043236,0.264052
cosine_bump,obj_0190,0.428637,15.1669,0.010864,0.187866,0.284668,0.005878,0.048342,0.152987
cosine_bump,obj_0191,0.284654,17.9099,0.004925,0.210571,0.282227,0.012917,0.092639,0.389207
cosine_bump,obj_0192,0.320400,13.4320,0.009872,0.167969,0.354004,0.006654,0.153659,0.301869
cosine_bump,obj_0193,0.294810,20.2393,0.004547,0.194214,0.231323,0.011270,0.039531,0.445540
cosine_bump,obj_0194,0.314372,19.4354,0.003994,0.183716,0.192993,0.015212,0.088991,0.436138
cosine_bump,obj_0195,0.285503,19.8447,0.003225,0.203491,0.194214,0.012177,0.074859,0.413253
cosine_bump,obj_0196,0.306905,17.8500,0.009041,0.201660,0.286865,0.017213,0.045147,0.408843
cosine_bump,obj_0197,0.178328,15.1541,0.006844,0.226685,0.287354,0.025731,0.050064,0.538328
cosine_bump,obj_0198,0.229246,23.8241,0.003798,0.169922,0.221802,0.040033,0.034672,0.566637
cosine_bump,obj_0199,0.380129,18.4457,0.003086,0.190796,0.231201,0.005974,0.072055,0.216833
cosine_bump,obj_0200,0.360794,19.3065,0.006229,0.193848,0.249634,0.009192,0.052333,0.256198
cosine_bump,obj_0201,0.448059,17.3225,0.006214,0.194824,0.235352,0.006142,0.071439,0.213487
cosine_bump,obj_0202,0.188261,15.8387,0.006516,0.181396,0.321533,0.019003,0.036490,0.526568
cosine_bump,obj_0203,0.102020,26.1633,0.003765,0.152954,0.197876,0.060185,0.022697,1.156175
cosine_bump,obj_0204,0.260566,12.9674,0.009277,0.222534,0.292480,0.015653,0.049710,0.343620
cosine_bump,obj_0205,0.304666,20.4813,0.005459,0.180908,0.239868,0.016542,0.012682,0.426407
cosine_bump,obj_0206,0.313223,16.7704,0.006039,0.171387,0.216431,0.008913,0.008309,0.342165
cosine_bump,obj_0207,0.426594,20.2916,0.003254,0.171997,0.221680,0.007550,0.064277,0.239103
cosine_bump,obj_0208,0.128492,20.9850,0.003990,0.156006,0.198608,0.081441,0.011150,0.793587
cosine_bump,obj_0209,0.319390,14.0039,0.010223,0.234375,0.337158,0.002453,0.070699,0.124798
cosine_bump,obj_0210,0.162794,19.1655,0.004658,0.172485,0.249756,0.051100,0.025781,0.600656
cosine_bump,obj_0211,0.497292,18.4698,0.001813,0.199219,0.165405,0.006286,0.069348,0.209579
cosine_bump,obj_0212,0.291098,16.5641,0.018677,0.207886,0.418701,0.005748,0.048300,0.221229
cosine_bump,obj_0213,0.346985,17.2638,0.003628,0.153687,0.212769,0.008119,0.053121,0.283274
cosine_bump,obj_0214,0.393674,19.8296,0.003967,0.167969,0.222290,0.011189,0.103300,0.316143
cosine_bump,obj_0215,0.413116,19.0025,0.004990,0.218384,0.231201,0.012460,0.169297,0.311774
cosine_bump,obj_0216,0.390458,18.4943,0.003197,0.165527,0.227661,0.010863,0.017765,0.272213
cosine_bump,obj_0217,0.275405,22.5269,0.004246,0.173340,0.229126,0.021878,0.009649,0.431930
cosine_bump,obj_0218,0.313165,19.1068,0.005898,0.202759,0.258057,0.011286,0.074246,0.295290
cosine_bump,obj_0219,0.496505,19.5191,0.003548,0.171875,0.205200,0.003729,0.063650,0.111136
cosine_bump,obj_0220,0.478208,22.8078,0.001924,0.172607,0.159546,0.016315,0.055795,0.188679
cosine_bump,obj_0221,0.183695,26.1949,0.006554,0.147827,0.262939,0.042020,0.024045,0.718608
cosine_bump,obj_0222,0.450946,22.7424,0.002882,0.146240,0.187988,0.010930,0.006590,0.224379
cosine_bump,obj_0223,0.197806,21.4961,0.003296,0.177979,0.213379,0.036912,0.033377,0.645703
cosine_bump,obj_0224,0.294476,20.6056,0.006222,0.190918,0.291016,0.014549,0.056726,0.356016
cosine_bump,obj_0225,0.377405,21.9926,0.007046,0.180908,0.295654,0.006896,0.073784,0.199857
cosine_bump,obj_0226,0.099525,28.6798,0.006191,0.159424,0.253662,0.105581,0.030724,1.238611
cosine_bump,obj_0227,0.300260,12.8457,0.007584,0.184326,0.340576,0.008805,0.263993,0.291322
cosine_bump,obj_0228,0.372459,21.6119,0.002819,0.182129,0.195801,0.013973,0.017867,0.339462
cosine_bump,obj_0229,0.350412,20.7574,0.004158,0.184814,0.244629,0.016004,0.024654,0.374665
cosine_bump,obj_0230,0.280442,17.3882,0.005035,0.187988,0.253662,0.020448,0.084322,0.494196
cosine_bump,obj_0231,0.492822,18.2494,0.005131,0.213989,0.209229,0.005445,0.056775,0.165737
cosine_bump,obj_0232,0.374703,18.1566,0.007107,0.208984,0.256348,0.008481,0.047629,0.266765
cosine_bump,obj_0233,0.453376,23.1042,0.002068,0.164185,0.182495,0.008029,0.011828,0.227614
cosine_bump,obj_0234,0.157761,15.5393,0.004890,0.169922,0.269531,0.023186,0.015696,0.447392
cosine_bump,obj_0235,0.410466,21.1515,0.002386,0.145996,0.204712,0.008518,0.033440,0.235952
cosine_bump,obj_0236,0.477017,24.2399,0.001466,0.167358,0.156494,0.009414,0.034445,0.217330
cosine_bump,obj_0237,0.396539,23.3521,0.002430,0.154663,0.208862,0.015005,0.016765,0.272159
cosine_bump,obj_0238,0.271435,24.1433,0.003847,0.162476,0.223999,0.025133,0.043065,0.538753
cosine_bump,obj_0239,0.306339,18.5099,0.005676,0.180908,0.256592,0.015527,0.042497,0.348701
cosine_bump,obj_0240,0.233731,24.6748,0.001603,0.142090,0.148682,0.031022,0.040678,0.702888
cosine_bump,obj_0241,0.320719,16.5353,0.015083,0.264404,0.368164,0.003097,0.100936,0.130212
cosine_bump,obj_0242,0.397715,19.5435,0.004612,0.197632,0.263672,0.009554,0.064061,0.282764
cosine_bump,obj_0243,0.389968,14.1761,0.005356,0.177368,0.269775,0.003685,0.141173,0.248786
cosine_bump,obj_0244,0.275630,14.0558,0.022018,0.194824,0.423340,0.004787,0.024086,0.200946
cosine_bump,obj_0245,0.236139,26.0476,0.004940,0.158569,0.242554,0.042118,0.015042,0.575808
cosine_bump,obj_0246,0.387178,16.0558,0.011826,0.200439,0.298584,0.006705,0.033856,0.246244
cosine_bump,obj_0247,0.274216,20.2547,0.003536,0.167847,0.209961,0.022272,0.020491,0.518008
cosine_bump,obj_0248,0.485441,20.2537,0.003233,0.183105,0.169312,0.009032,0.018915,0.197522
cosine_bump,obj_0249,0.370518,21.8569,0.002447,0.166992,0.187012,0.014480,0.035191,0.381769
cosine_bump,obj_0250,0.502516,20.5069,0.002726,0.184082,0.170532,0.004243,0.038619,0.165666
cosine_bump,obj_0251,0.334076,20.0869,0.004971,0.178711,0.246582,0.018029,0.020915,0.359335
cosine_bump,obj_0252,0.296594,26.3261,0.003819,0.134521,0.213623,0.042380,0.025430,0.547501
cosine_bump,obj_0253,0.377791,17.3158,0.003708,0.179688,0.242188,0.007043,0.042064,0.286198
cosine_bump,obj_0254,0.483007,21.7055,0.002737,0.152954,0.174194,0.006519,0.009498,0.197111
cosine_bump,obj_0255,0.280687,26.6199,0.003941,0.165649,0.216553,0.020012,0.028662,0.524421
cosine_bump,obj_0256,0.386354,15.3424,0.010193,0.208862,0.294434,0.004580,0.016066,0.173197
cosine_bump,obj_0257,0.182876,27.1351,0.010689,0.148315,0.310059,0.030780,0.035673,0.741443
cosine_bump,obj_0258,0.329652,20.0628,0.002361,0.176025,0.185303,0.012474,0.029816,0.354330
cosine_bump,obj_0259,0.423642,21.5620,0.003498,0.186768,0.211426,0.009247,0.033325,0.231415
cosine_bump,obj_0260,0.294923,15.3956,0.018051,0.217529,0.383057,0.006654,0.055633,0.212850
cosine_bump,obj_0261,0.224330,27.2855,0.001581,0.143921,0.155884,0.023488,0.064170,0.482730
cosine_bump,obj_0262,0.436745,17.8300,0.007637,0.212891,0.262451,0.004139,0.028851,0.150958
cosine_bump,obj_0263,0.368289,17.8266,0.004620,0.183594,0.238159,0.009676,0.039294,0.291206
cosine_bump,obj_0264,0.391171,21.4893,0.003199,0.185791,0.221069,0.007192,0.042384,0.243262
cosine_bump,obj_0265,0.396794,14.2960,0.009247,0.225220,0.306641,0.007823,0.111763,0.226335
cosine_bump,obj_0266,0.409660,15.5629,0.003925,0.162964,0.222412,0.011052,0.025955,0.210034
cosine_bump,obj_0267,0.262817,22.1026,0.003998,0.188232,0.220825,0.055326,0.030614,0.521118
cosine_bump,obj_0268,0.507558,21.9591,0.003313,0.162354,0.229004,0.003972,0.059214,0.153881
cosine_bump,obj_0269,0.395238,21.5865,0.004044,0.184937,0.205322,0.013380,0.019739,0.325141
cosine_bump,obj_0270,0.288166,15.0299,0.013008,0.232056,0.315918,0.009897,0.033427,0.303461
cosine_bump,obj_0271,0.074579,25.8821,0.002537,0.174072,0.186279,0.097826,0.046332,1.057874
cosine_bump,obj_0272,0.298188,16.9416,0.009651,0.215454,0.327637,0.011796,0.073971,0.344682
cosine_bump,obj_0273,0.302134,16.5761,0.005795,0.199097,0.243408,0.008858,0.046724,0.357052
cosine_bump,obj_0274,0.405439,16.3994,0.005985,0.212646,0.258789,0.004587,0.029709,0.189380
cosine_bump,obj_0275,0.325861,22.7416,0.003443,0.148560,0.243042,0.033503,0.021835,0.389938
cosine_bump,obj_0276,0.417645,18.2414,0.007595,0.196045,0.250000,0.007807,0.051502,0.209666
cosine_bump,obj_0277,0.387089,17.0051,0.010345,0.202881,0.286133,0.003416,0.040464,0.175559
cosine_bump,obj_0278,0.445889,23.2378,0.002428,0.168457,0.166138,0.009903,0.026811,0.206886
cosine_bump,obj_0279,0.371075,22.6633,0.003937,0.179810,0.206787,0.024628,0.017218,0.333563
cosine_bump,obj_0280,0.387552,15.3827,0.007736,0.195435,0.270996,0.007606,0.070051,0.265398
cosine_bump,obj_0281,0.465563,21.6289,0.002451,0.146973,0.169189,0.007837,0.042459,0.220296
cosine_bump,obj_0282,0.333035,24.2421,0.004070,0.134399,0.226196,0.020891,0.059509,0.365241
cosine_bump,obj_0283,0.292291,13.3370,0.026123,0.220093,0.421631,0.003375,0.035892,0.149055
cosine_bump,obj_0284,0.115484,16.5859,0.009659,0.188354,0.344727,0.131415,0.023977,0.982595
cosine_bump,obj_0285,0.402567,20.4803,0.004490,0.210083,0.217651,0.004266,0.068849,0.187473
cosine_bump,obj_0286,0.308211,14.8048,0.008743,0.199463,0.311279,0.006944,0.056326,0.229819
cosine_bump,obj_0287,0.507809,23.0467,0.001859,0.172363,0.161987,0.006067,0.019390,0.169933
cosine_bump,obj_0288,0.426406,18.8775,0.018784,0.201538,0.274658,0.006497,0.026002,0.165318
cosine_bump,obj_0289,0.371586,14.5610,0.010185,0.177979,0.352051,0.005438,0.073741,0.166728
cosine_bump,obj_0290,0.463795,16.8661,0.006485,0.195557,0.226929,0.003477,0.021560,0.149283
cosine_bump,obj_0291,0.490302,21.3516,0.002087,0.156738,0.169556,0.007455,0.028998,0.188778
cosine_bump,obj_0292,0.344846,16.1567,0.007553,0.189087,0.281250,0.008399,0.031454,0.286391
cosine_bump,obj_0293,0.322004,26.0406,0.002575,0.167480,0.200562,0.018298,0.041409,0.368487
cosine_bump,obj_0294,0.380334,19.6754,0.004856,0.208862,0.235596,0.008569,0.032942,0.280819
cosine_bump,obj_0295,0.386016,16.8514,0.012650,0.182739,0.329590,0.004932,0.013023,0.199949
cosine_bump,obj_0296,0.365988,15.1765,0.014969,0.209229,0.310791,0.004655,0.045382,0.216247
cosine_bump,obj_0297,0.375771,21.3234,0.003225,0.174438,0.211060,0.007217,0.016731,0.298636
cosine_bump,obj_0298,0.181629,17.4198,0.013519,0.201416,0.367432,0.070726,0.033735,0.727601
cosine_bump,obj_0299,0.395175,15.5848,0.009514,0.212036,0.266846,0.008822,0.166634,0.229603
