object,method,raw_view,masked_psnr,ciede2000,silhouette_iou,gt_coverage,render_coverage,texture_coverage,cross_view_texel_variance,uv_seam_discontinuity,fg_lpips,dists
obj_0015,gt,1,42.3645081914833,0.4272043704986572,0.9999392226577932,0.25106048583984375,0.25104522705078125,0.6325483322143555,5.256470468708739e-05,0.0,,
obj_0015,gt,2,42.18189300970337,0.42171040177345276,0.9999339345291184,0.23095703125,0.23095703125,0.6325483322143555,5.256470468708739e-05,0.0,,
obj_0015,gt,3,44.91906395744553,0.1709246039390564,0.9998775428982535,0.24919509887695312,0.24919509887695312,0.6325483322143555,5.256470468708739e-05,0.0,,
obj_0015,gt,4,42.27816723883993,0.3898671567440033,0.9999240294765631,0.2510643005371094,0.25104522705078125,0.6325483322143555,5.256470468708739e-05,0.0,,
obj_0015,gt,5,42.13061344734382,0.40864670276641846,0.9999339356202619,0.23096466064453125,0.23095703125,0.6325483322143555,5.256470468708739e-05,0.0,,
obj_0015,gt,6,42.516877327033185,0.41233542561531067,0.9998904416419145,0.3133659362792969,0.3133392333984375,0.6325483322143555,5.256470468708739e-05,0.0,,
obj_0015,gt,7,42.04685169551254,0.4564104974269867,0.9999649393450669,0.21760177612304688,0.21760177612304688,0.6325483322143555,5.256470468708739e-05,0.0,,
obj_0015,gt,8,41.62185788012912,0.39281177520751953,0.9999185389139608,0.23414230346679688,0.23412322998046875,0.6325483322143555,5.256470468708739e-05,0.0,,
obj_0015,gt,9,42.012822015682836,0.3851439952850342,0.9998948447645837,0.2902107238769531,0.2901878356933594,0.6325483322143555,5.256470468708739e-05,0.0,,
obj_0015,gt,10,42.096839769599455,0.4084264934062958,0.999920555476111,0.240081787109375,0.24007034301757812,0.6325483322143555,5.256470468708739e-05,0.0,,
obj_0015,gt,11,41.73520393433988,0.4109019935131073,0.9998858577787924,0.23394012451171875,0.23392105102539062,0.6325483322143555,5.256470468708739e-05,0.0,,
