sample_id,uid,condition,source_sha256,observer_sha256,byte_identical,mode,size
freshc_panel_01,c76ac44df995482185077da81939b306,no_adapter,cb0081df423ed7173593130e0515e01a5a2f584bdc2d15c71f9fe54c7e772437,a5857fa5bd6c3790ec8a4d600709e7bc76f16f2a7003730befe8fe17869b9279,False,RGB,512x768
freshc_panel_01,c76ac44df995482185077da81939b306,native_gfl,8a7d5c30df97abd0bb4caf25f245252527549b90b41851a184111f526150d198,773b21bd82e52236d570a0f56ac3516fc30746ce49d9eefb3911a7b25125be52,False,RGB,512x768
freshc_panel_01,c76ac44df995482185077da81939b306,native_gfh,d5745ed55b8cdea3c7342a1432ed620857a1aba839365a3b9b85ad16b315f975,fe2cfc7393c27595390d901d6877d29df0d37d574f80eb7aa8b7e7cf9df7187a,False,RGB,512x768
freshc_panel_01,c76ac44df995482185077da81939b306,native_gc3,fd8cd204cf5b7b2ac2c7756ca56a2b8007c20fd81f2837b04b1b7936e1b4aa96,730e5efd754604e803e84734e7693456a19f56338fc3de6967291fd40c37f3eb,False,RGB,512x768
freshc_panel_01,c76ac44df995482185077da81939b306,gen_linear,7edb73fe0ff3583acf439c72272e6c2fc2c2db3d82275b770c9da67b97f9dc45,4258f7b51097c7e4a94de564cdb4f3b5c7c2c233eb4cc1978f360464738c476b,False,RGB,512x768
freshc_panel_01,c76ac44df995482185077da81939b306,layer_llh,eaaa86d9b4edb94a6e6dbdf2ae0787519f01db52f382cf93dc8fa0911aedc8af,225af3d596855ed7996240867116708b7a38044bde2c58c05991093c36a41eb5,False,RGB,512x768
freshc_panel_02,8bde8eb73dcb45c6a3880e85e7b3694b,no_adapter,e1fd0b6587b224abd9f2063b6191def0782c2dfd0f104f514a800a005bba4306,9a597292e7833e980a4c3ce76a98eed3a526415a1e53b5227d51829bd75b9da5,False,RGB,512x768
freshc_panel_02,8bde8eb73dcb45c6a3880e85e7b3694b,native_gfl,341f46509ba541c175aedfe07a34cb214eaf42fee52e41c6ffc1a5e20d8733a9,c59f7c9982a0e1f524308db5d460ea7e54786fe1f44dee9f8e5e4c9cc7fb8da9,False,RGB,512x768
freshc_panel_02,8bde8eb73dcb45c6a3880e85e7b3694b,native_gfh,f8ffcd606e1ea4ae47cafc2418ac05edabec76e919f672fb3fc240001af0d034,340f733343ac2ffadf8dd78cb75ef9a4a9db5997b15a73b43232ec4d3dd5cf30,False,RGB,512x768
freshc_panel_02,8bde8eb73dcb45c6a3880e85e7b3694b,native_gc3,aa73491611642317f3800021b08b847dfa92e7574e7df4661b80d7087ce108e0,5574f312901dbddb797d8c8f9931deacb840253fbb862c4d16fd15d72cd6ee1a,False,RGB,512x768
freshc_panel_02,8bde8eb73dcb45c6a3880e85e7b3694b,gen_linear,e74791f20db7c09c9899190bc5e2ad17ebde85e0c61f4195f5a5bc8f5310792f,ec5f3b3f77221327d3c5d0afbbf587254c97a2de57a420f5f02ae3ebe402aa91,False,RGB,512x768
freshc_panel_02,8bde8eb73dcb45c6a3880e85e7b3694b,layer_llh,92955eecc45c6092a0af8bcd418dce7f5895307056288a14c5d84ccf299eaefd,2d69ec7e2f2449cc814008c2034722066c9dce9ee2ade2b056d56cfa34f93894,False,RGB,512x768
freshc_panel_03,ca887928bb664bcba121219f0af41293,no_adapter,36eaf4c37fb9c5e138aa34c7949ed65c5db1f6d4a429ef4397bfe0756315da61,8fe6c9aad3f683d336c7f34ba29776ddbdf502d4686d70d41a1141f22b254b8b,False,RGB,512x768
freshc_panel_03,ca887928bb664bcba121219f0af41293,native_gfl,b73bab6acd628d11ff01e03b851b5f6254da58fcebb4aaa0a0182d104c85dd9b,ddfe23009598b4d80f35f40209cd5a14b566232afa0706c30252364bdc7b3d8f,False,RGB,512x768
freshc_panel_03,ca887928bb664bcba121219f0af41293,native_gfh,775b008b8cc157a45e63180967616068d6eb32d67860f92743317548d74e63b1,d950bb1bbdf55aca57906f910cdc5ac66bdc9f9ff1c6aef66cc530b518a97d20,False,RGB,512x768
freshc_panel_03,ca887928bb664bcba121219f0af41293,native_gc3,02870459e6a86469025425d20438bc6ae69d08490a8c7c865b1c2861dac9de3e,84de92d58a386cc1559426eaee719fc670b588665cf79aae3acf42c761e5e07b,False,RGB,512x768
freshc_panel_03,ca887928bb664bcba121219f0af41293,gen_linear,19d0c6e79aec4a4cc48a07a0cba665032284a980b7c01e351c307be43596b657,65c205796e926856455b2d13f2cc5f072e2a3a98ede5e4d9d46823becdb6596b,False,RGB,512x768
freshc_panel_03,ca887928bb664bcba121219f0af41293,layer_llh,8125bd819a443f8286eaec4f8771ca00f6e59a088b8bb7d84b5e36717503fbe2,70d023472288c8edb54cdcf1127456e4cc05b73918301588c09cf5e55edc7ced,False,RGB,512x768
freshc_panel_04,94168bf0403d4372ace896c9ff824f58,no_adapter,582a65def298e8b7f0e49d012f1bb4114fd88dd92f91d217bfd2d1a4a05a752e,57f6d1e98485da98001d6e32268106043168579d6207c785bcc54cff053d247d,False,RGB,512x768
freshc_panel_04,94168bf0403d4372ace896c9ff824f58,native_gfl,0ffd3ac8ceff5143cb3e6ba27dafca25533c00cccced10abc24410c7e807885e,412473398c4077548d68a482477870f627d95285be0404547d07ed5aa7b2de95,False,RGB,512x768
freshc_panel_04,94168bf0403d4372ace896c9ff824f58,native_gfh,4e5f1d91a6b709a1998cb40b6fea78f2915e94a61a7ba5597b30d12ad4c63046,bfa15b5e0a4e9b9a7b14b0e5f675d7364fdf5a23efc7437eabcfed2001c9cf5a,False,RGB,512x768
freshc_panel_04,94168bf0403d4372ace896c9ff824f58,native_gc3,97777c3adca8443512166a709d9609a94ffc2837ce501827f4b6d473e168105c,64903bb22303a929d36920103a6e5a06e3ab532f82e5e785cfc2c19ba4595101,False,RGB,512x768
freshc_panel_04,94168bf0403d4372ace896c9ff824f58,gen_linear,7829e47c47d30cb4343e66352652b1d99a2966370ce41cdbf07dcc8f3700f5e7,598e1cae48ef4bc47fad4bc47912e0fb6d16810f8d9682e778512cc29853b3da,False,RGB,512x768
freshc_panel_04,94168bf0403d4372ace896c9ff824f58,layer_llh,4b4a08acae69fea65e142019a681c465ddd673db8606430c182d6809207a6c5a,515afa48d944ca88292f30231065198440cdb068a24e11fb0aa6473f79cd9740,False,RGB,512x768
freshc_panel_05,d0e116a62bfc4cdd9edf60671073b306,no_adapter,0dced7a1d2d750b40f01b79d4c997ef189c572eb30f5537606cdd7468569e482,824c4d97711770fbb3e7b9390a1ad2acd239a43b26267cb1fd135c882e6d27fd,False,RGB,512x768
freshc_panel_05,d0e116a62bfc4cdd9edf60671073b306,native_gfl,f3659d1c41f1f2d5845d75f0c7b947558cd338afe6cd87d50f6824feb0d5c00e,c0ee8c1167b25b71aa984faadc92c95fb17c8f202eefa9589e3cc173544e3fb4,False,RGB,512x768
freshc_panel_05,d0e116a62bfc4cdd9edf60671073b306,native_gfh,00745c93d17f86f41c3846b34ef20e352461139db805d40c9d7220e15a7e8f8c,28684bcf4dcc610b3f537b12b8239d4bfc4ee41b1b22f307d90786a2dabbb308,False,RGB,512x768
freshc_panel_05,d0e116a62bfc4cdd9edf60671073b306,native_gc3,c061cbe69b121057cb01134f8327b756c573ecb448c4978ec563cf66a48fece4,6f07583e6564e5bfcd0c4d677b7abad09e59ab5e5ea36010e4c40f7fbd2da156,False,RGB,512x768
freshc_panel_05,d0e116a62bfc4cdd9edf60671073b306,gen_linear,eafb9329a03796a822f1e793d886767a4061601109716f5bb014c311b1e6c303,b6e0402d8b2568a284d48751f036af6b816846328ef4d7f09d8e0a534957db84,False,RGB,512x768
freshc_panel_05,d0e116a62bfc4cdd9edf60671073b306,layer_llh,21cf72ded2cbbe418478a8c1bf5c0d09a0ebb0ce1f5b9585c2c77a694e094bde,569b58c309949eb0e82c0b8c8033c157b8399c8ea4e95cde58bfa92ecbc1ff19,False,RGB,512x768
freshc_panel_06,033fc9d942504cb9b571dc088f6e68f2,no_adapter,468c23d68b2fca764e37eac0567534f5b7efebda9114117a1c2964b6a052c886,d083115a7d1250a5a6110ac5c11938c66925c3a55fbae0551a6937eb0dd24098,False,RGB,512x768
freshc_panel_06,033fc9d942504cb9b571dc088f6e68f2,native_gfl,46814afb86d2113ccdaaa673b069ea75b85a412a8f57f4dcdfd8968fbbd78b07,9bd3680de0d1eb2625d9ba7d226e4671a31577658abc443615a2e625863f9f70,False,RGB,512x768
freshc_panel_06,033fc9d942504cb9b571dc088f6e68f2,native_gfh,c6b08f720d1a7b394de2cfeaa4ac277b092480bfdc7a550cec39b1fbcd32a79e,5ed58ed0fdad3b15ab5898ff067c670ed7ed65ec688a145821a362ed08cde2f7,False,RGB,512x768
freshc_panel_06,033fc9d942504cb9b571dc088f6e68f2,native_gc3,e776d8f5ec16432093723918a8d8c557601a6dac7d32993de38338114a2a05b3,3a29b1b89cbfa44beac16d44048db1eef99934a708750869b09f19a449533bb7,False,RGB,512x768
freshc_panel_06,033fc9d942504cb9b571dc088f6e68f2,gen_linear,719c9447bb7985f16bb8620ca74f80a55c4e753d9977959810b9ab8d416b5df1,6cc80032ffc82adab41c1786da03b807d2a81880b112c5efcdf51a94324a9d1b,False,RGB,512x768
freshc_panel_06,033fc9d942504cb9b571dc088f6e68f2,layer_llh,f716ee0a44b95c3b4c8cf33d95fd4ac452484ae56b1ba54b954ccd5b651c94be,a977fe46a11fd093cf0171ebe83bbeefac5e45224ac8143e4130634911a44c76,False,RGB,512x768
freshc_panel_07,3c83796ca5f043f1beb8044dd2e51a0d,no_adapter,335e5bbca88beeaa04fc23859fa46bcca1242fef7b22eb8e6db0e45bff4d287a,6d02a6f8256f7432b978e33ec455df44ee6e41f9df62aea921a209e7c679c1a9,False,RGB,512x768
freshc_panel_07,3c83796ca5f043f1beb8044dd2e51a0d,native_gfl,a5202a55205339012cfc6b815a5529d848530cc92fdeedde8baa4431c3c33b09,591cec8621664d6b34c780298255abba607cf42370112375fcc14dbc56e247fe,False,RGB,512x768
freshc_panel_07,3c83796ca5f043f1beb8044dd2e51a0d,native_gfh,1655fc30e65bba8fa8d495deeca1ac2226c206fc4b256c09efee1a571c67e494,5b27178b01f9ae4c7bdb6643b724dcecbef5de57a5516acf701aa766afb0bb33,False,RGB,512x768
freshc_panel_07,3c83796ca5f043f1beb8044dd2e51a0d,native_gc3,5f904e3e31debde8077b3a5556d1728f88987be9896dfa12aa0e9af40c879d19,e4346786bec0bbfd908df7f8d5420386ea62046e9973525ca7bb2a048a792b85,False,RGB,512x768
freshc_panel_07,3c83796ca5f043f1beb8044dd2e51a0d,gen_linear,84fc201371184da9743eaec3ee6ee5e5a4441c5165bf93eebdb48770c7600884,2e08435db36ec8d2fcbc49b6277c69521fd47eb1e3087a17b83476d9d1f0e58e,False,RGB,512x768
freshc_panel_07,3c83796ca5f043f1beb8044dd2e51a0d,layer_llh,efd378d311572d50417ccedef6c764cbf83bcedb30efaf91a90a8937ac4488e7,6bdc17fef66f599d0dbe1c9a250a2e8978679d1762b14cedf001aad5f697e002,False,RGB,512x768
freshc_panel_08,0f1a74942b204c80a657fefe10e13050,no_adapter,ad6afc1928b34fbedeb937429e9b5b0828faa997b7d933da51e94fe0f74c4ac0,67b494e9866de63dedf019e2dcd0728cfde02614455ce8f1310dbe91f1f30447,False,RGB,512x768
freshc_panel_08,0f1a74942b204c80a657fefe10e13050,native_gfl,55a68fa3a8b32a6c5854975ecf4f02db90184c3cfaad3f89bbec6a62abc0a277,e313d4a5bc7e484921c9be11543da39b81927dc721180a1058fddb4c2d5fa3d0,False,RGB,512x768
freshc_panel_08,0f1a74942b204c80a657fefe10e13050,native_gfh,306c3fb834abccc7e857351f71116c05e5029af640f2416a8c116f3a8e083749,d2e1ca224ac4a5df57eab527407cab41557b7eb3b81536ed326ae3db84ff4967,False,RGB,512x768
freshc_panel_08,0f1a74942b204c80a657fefe10e13050,native_gc3,83bcf4bb767ab0f321bb12b44919563f0e03478cf858f36b63a44df61d99fe49,efc15d02afd557eed2e6c4e985786daffdef04b7d743580fd73e4435db384e13,False,RGB,512x768
freshc_panel_08,0f1a74942b204c80a657fefe10e13050,gen_linear,31e7cfe277e12411e2c52605008765cc67a1e3d2e1ddd07044b86102b7110a0a,84fb53d917206690a8c4fe289e0d71ccc37635eb1d7912cc601b7fa882c980bf,False,RGB,512x768
freshc_panel_08,0f1a74942b204c80a657fefe10e13050,layer_llh,ebb8b785289600eca5d3c1d905488f4f58d256c269cd0802a65f0f5830b32703,b02b761cad58c2e447cad9ebace5f821d8bde727aa3076f3db6b4728fe1d2ae0,False,RGB,512x768
freshc_panel_09,0c8e1199b7b64ad2ac1c6ff784139dec,no_adapter,32b4b9b1566570c639b91891c0aafe2bce693c02c8240142a954c5a76ecb0ffb,5dd41f06fa526710a69260da2b60305b30d2a3d55c0787ca907fc15872d38778,False,RGB,512x768
freshc_panel_09,0c8e1199b7b64ad2ac1c6ff784139dec,native_gfl,07f8e92e382722d40cf8eee86b38bcf9af4ebb14fc170fa5c34a29a94f14ba46,8b4f7c032dc320312e7324abb45a38abd694986f0038370cb903e5d9c255c7e6,False,RGB,512x768
freshc_panel_09,0c8e1199b7b64ad2ac1c6ff784139dec,native_gfh,f6bf48c81aa79bd218f90c567281fb0a0afff1f8ed567ea8c167f964e3c99947,397a13f4e6d6c61f800ff6b96d9745ac394d8b4217a48d6c9c2c1d19dba8ccb6,False,RGB,512x768
freshc_panel_09,0c8e1199b7b64ad2ac1c6ff784139dec,native_gc3,d5e1a7c335d83dc2e97097be06ef6379c67f5a421521719632ece13790ef4126,cca48f2217c5c1aaf8183c6113adcfa352f83b034f7cdda1225c07f9a09ddb87,False,RGB,512x768
freshc_panel_09,0c8e1199b7b64ad2ac1c6ff784139dec,gen_linear,a90478493c1eea15c05294e635876fdf2d860ac4e29a4f506e7af5a5cc6680a1,e9a4e22ed4af7beb9025896847e2cc601a63485ec39c3c3cc51c2fadb98309c2,False,RGB,512x768
freshc_panel_09,0c8e1199b7b64ad2ac1c6ff784139dec,layer_llh,8d5e0dbb857e7bd7c91b1c65cff7bb2dfd9b16780bec62240bbe940e8eb4bda3,26b981d74f1a67004b1ba4e9adb22430e3e1ec4080c884b50d6b9a84b21f01cf,False,RGB,512x768
freshc_panel_10,1d1bcb173c28475ba351eb604c7135dc,no_adapter,3d4185c0878aba835f4a36122fb95df7d703691825db5dde965e9a31770dd34c,320b89873a018650df15a159e3a6d0aaec1839e95c3e03a1db510a9e049ded58,False,RGB,512x768
freshc_panel_10,1d1bcb173c28475ba351eb604c7135dc,native_gfl,1ca406f7f455952c53849f9d6379d703babde978854f15df24f2b854de8c80f5,ccd76bc500b4d46f767bac9259ca800f6b66c46025c0ac562013d37a62c083c6,False,RGB,512x768
freshc_panel_10,1d1bcb173c28475ba351eb604c7135dc,native_gfh,3b5041a9a3103d97a2766b886e6ea836ae76731620a07956faf53dc84f5bfcd6,71069ce26108cf38f903181f17de67af5ee415de541ea84570dbf616d9bab83a,False,RGB,512x768
freshc_panel_10,1d1bcb173c28475ba351eb604c7135dc,native_gc3,1c3218ab1921ad3812cbac8426bfacf445847d5f1a264cf36a06aa572b9ff766,fc64298f82679bcdeaa11fc4665185ccebccc2a2268030a2583b5f7e2d27f797,False,RGB,512x768
freshc_panel_10,1d1bcb173c28475ba351eb604c7135dc,gen_linear,741e2942e08c2ef21bd9b62427e058fa9f3a05f41823752747289a97a115d8aa,1d3e217295b4eae2bc5a005110fc587db1e9d86bf4e2ff5c00338513cd229dc2,False,RGB,512x768
freshc_panel_10,1d1bcb173c28475ba351eb604c7135dc,layer_llh,ce64625283a9f9e1ec60117c56dff3e710151bef7c0edc3a12382fb0fdf72c25,8950ede84a41211eb39aad05fc82a1bf5b31404f080aa7bc581a2dc45e4740fd,False,RGB,512x768
freshc_panel_11,85a7df80b79a4ba9b8c3a175de0dbce6,no_adapter,9ad7e01ed387785b2913a0f7d1563fe829681e94169f10f2521157afe5fa25bf,a6d012e728ddb1bff30ed118b848c12a949ef551f65960181a3ce123cb75e2f1,False,RGB,512x768
freshc_panel_11,85a7df80b79a4ba9b8c3a175de0dbce6,native_gfl,d4d7327998f7f58261eff32184574ce73c535c1ae212d46f1f52319d05025074,2d22aaa80daf058734e63e15ede7ae53789d8f09620be576c04bd2a217a4b354,False,RGB,512x768
freshc_panel_11,85a7df80b79a4ba9b8c3a175de0dbce6,native_gfh,5ab75aa961b968650608f45be25ad86a3653bad2f01a9687063b834889a6efeb,37b7a8d1715d02697d868210d48ff5115d43778589afcd4080a2336d060d06cd,False,RGB,512x768
freshc_panel_11,85a7df80b79a4ba9b8c3a175de0dbce6,native_gc3,9caca6e51a35aa4be3c4a7cd1cd1363fc1e06ce6e72aa6bed1085f12d5ebf5f9,b05df2c7815b23d564da830b66807f4cc5607b224ae4ab8684e7281c08a349cd,False,RGB,512x768
freshc_panel_11,85a7df80b79a4ba9b8c3a175de0dbce6,gen_linear,aece449465337d6b0ee82d44ecac8f7e95da2e7cdc6504606e95c89586f91521,11a9baa3e8c94ead89761c43c98a4109edfdb477a952f413a3160519f3c620eb,False,RGB,512x768
freshc_panel_11,85a7df80b79a4ba9b8c3a175de0dbce6,layer_llh,778e7915f2c56a101dcd2dc4d996d339256add29fa08d3cd9cd0b5a3d56ff4cc,aba6061464c4a2b7a7545320dbb45050c1b6eca7e34c7553d065d5bb17df85ca,False,RGB,512x768
freshc_panel_12,dd5ead807a5b4630b1feb802f7b0276c,no_adapter,93825ab424508ee30339a432a7cdd1a4d8c41bdf20632b0d22940db6b7310625,b7fe8be9fb3f4d41401fbee8da550a895e4882f72d07e0d97289bbf1ea0e58e6,False,RGB,512x768
freshc_panel_12,dd5ead807a5b4630b1feb802f7b0276c,native_gfl,c61eef18d7c887f614b48d9ee3e431b820c3d41f5020720fdae8520979bf98d3,c0abfef64a6336d692538f0b8ecf3c0fb5434763c704172be177815f6bc9db4e,False,RGB,512x768
freshc_panel_12,dd5ead807a5b4630b1feb802f7b0276c,native_gfh,d4f6eb897934a2bcdc57afd4084ce04b2b5f7171657da097fff89894f5e83b3e,0e329bad7627133c88c693a851bd9e1fc36fde9b4b5db5bf0c45389f2f3493da,False,RGB,512x768
freshc_panel_12,dd5ead807a5b4630b1feb802f7b0276c,native_gc3,a42e3f2208d7f90c14b1695b755f0be37888584886037cfd529ac660b9eea5d8,5c1d45a2e6ba67edf52223e12ecada39543f3737031eaa31b5b3a4e520f59351,False,RGB,512x768
freshc_panel_12,dd5ead807a5b4630b1feb802f7b0276c,gen_linear,f8c275272c72235f15c890e6d7f1d158ce699c1f5ace2b5e2c9193ab82931569,edad7fe549f5ae031263cb3db1eb39a17d03eb944b48bed3258c6df5ee587e49,False,RGB,512x768
freshc_panel_12,dd5ead807a5b4630b1feb802f7b0276c,layer_llh,9261c549e6bf3ee0e7618ab87618708c54b66d27214ba65e7aa921eb934cd0b8,cbc25b775e8b731393d7217d3b6e701a2b898ae02b3a52675c438c57161714dc,False,RGB,512x768
freshc_panel_13,f6979d7ff8e54c4daf00fee46f09a139,no_adapter,5eb629428c1506b12ae998021679247289a0ea3f07b41e2a935862208211b91f,f30687ca2dc3d7127d701c8d0296a34271a7371baa22f528fb1ec75fb948a952,False,RGB,512x768
freshc_panel_13,f6979d7ff8e54c4daf00fee46f09a139,native_gfl,47c0a8996eb5f9658ec996f37b7c1ea236146e1ba1d9122c1867912d7d503f49,ad4d8e4c2ecaba9e6ad52ea8d527d80003694429f2663d230287861f6155ba4e,False,RGB,512x768
freshc_panel_13,f6979d7ff8e54c4daf00fee46f09a139,native_gfh,425c9b00d9c65aa0442e530b22b3b06310c7005438ae16bd85737a2aa93dbc42,02d0fc6b1b244e971dbd6ca6188d6dfadded7f9305603f6e2e82e3fb963c225d,False,RGB,512x768
freshc_panel_13,f6979d7ff8e54c4daf00fee46f09a139,native_gc3,60fa50a194ba4fb9439c3a9866e649f3b4ec597e4f8c96dc6411fd88df0e6f96,21c81ae421eea34ab98f7eddb2b08f66f14bf3d5dd3e6ec03e0ea77dc538c45a,False,RGB,512x768
freshc_panel_13,f6979d7ff8e54c4daf00fee46f09a139,gen_linear,a6f1130db3984ce1355ed7aef41ca7e0f806232f85f00d7ac1cd6dc1d585632c,40e7490e4f3215420200fde6a17ccf26dc8664203b31ede7e804e508614a6fda,False,RGB,512x768
freshc_panel_13,f6979d7ff8e54c4daf00fee46f09a139,layer_llh,62288dfee520f2f47c56885ec29f8cbad7ceca21e390154b3e39bb3e12ca9cae,b8579920fb0bd1dab21692e61d45fafd62378ac7779d65f289f36e94b7b76478,False,RGB,512x768
freshc_panel_14,b09220089d0e486bb1d11a5fd80d8fd3,no_adapter,481947b62e1180fb174b09ba90b415fbc0eb690119428a936f27095b52fbf66e,7ff7a52bd0597dc2da032976205ffb62ad1e6c309aa1f88edd27ec26db47d698,False,RGB,512x768
freshc_panel_14,b09220089d0e486bb1d11a5fd80d8fd3,native_gfl,d14265af917d9c9bbc634c2342d20ccfc03edc9dc91162bdae15707fc6779759,113c5194ad6255a8c16ef4d63da24212986f6d13265695cef5cc4bf27bc00bbc,False,RGB,512x768
freshc_panel_14,b09220089d0e486bb1d11a5fd80d8fd3,native_gfh,e32b5a9474977d95b5143f34002c0419f384a1e770378eb2d5cb3d804043819f,4ac65cc5a75c46c967e544eb7b48c689467c0e0f1a0352439bef5c6c59d0766e,False,RGB,512x768
freshc_panel_14,b09220089d0e486bb1d11a5fd80d8fd3,native_gc3,acce7facd0f84bd387b7bd71b1c4a9f94bb5c1a3be59f1f87b6ddadb38e27bf8,00f7d69b0f5fdc693a78de163d4faef6158a72c89fcdd630ce6b8e057b26fbf5,False,RGB,512x768
freshc_panel_14,b09220089d0e486bb1d11a5fd80d8fd3,gen_linear,28bf6e6cf59a545714a60bd9c6f06c29db8f55cbb3690c240f4ed0bc94044805,24a9f83fd19b1a204fd16c91af630de9a75fb1812404312998634f55a675f23c,False,RGB,512x768
freshc_panel_14,b09220089d0e486bb1d11a5fd80d8fd3,layer_llh,f9827fdc985833059466367e9fc5a177806201c4ac91c7519aa3d379ac4ceb61,7ac0f6edc8f39cc404078020c4dc82b1fe93fccae1772036f9c7761ac0b97ef5,False,RGB,512x768
freshc_panel_15,ebc5938fe6a04b5bbd5312fa2abb9ba5,no_adapter,3861433188ca14932a4f343dfe5ea5d9cd4994210c9f04f4b57aa91842fa1a52,41593e37ca6d536c0eed2e6fab2d269b646bdfa9629ddf5a123883d258c98625,False,RGB,512x768
freshc_panel_15,ebc5938fe6a04b5bbd5312fa2abb9ba5,native_gfl,c94351535f1f0b90fa0695a726397315102c8f141719def64786eac55f2853be,c41353227c82296182af85e1be8f911c643d7375f5b1569051d074434a728e90,False,RGB,512x768
freshc_panel_15,ebc5938fe6a04b5bbd5312fa2abb9ba5,native_gfh,c897ada5724ab14332b071596b993b1f274cf2959b37abba8bcd3f1a65e1f3c4,558fff6c603c3f3d9df796c910fd3ad29ac8f6e59c873553ee775f4c8ab703b1,False,RGB,512x768
freshc_panel_15,ebc5938fe6a04b5bbd5312fa2abb9ba5,native_gc3,70ce7b1cb87d1db19ad6dde1cb0327d35abf10e876f32ca1d739c3d8ed5a7513,27adae520f2b6e6fbb3969c28ed187a61897756db8d174e85b8cc455ad49e3f9,False,RGB,512x768
freshc_panel_15,ebc5938fe6a04b5bbd5312fa2abb9ba5,gen_linear,1d4c23397443afaa409f3260e7816b7c6849ff4f67f30f9e6676a1f51c422420,70bd299761ac764c0d8b230d6f8de68dbb12408b69ffada99471967a23ec1268,False,RGB,512x768
freshc_panel_15,ebc5938fe6a04b5bbd5312fa2abb9ba5,layer_llh,3cfb38a6a2a457eb3015451b1bc488225effec29cab3ab1cfe2d404dc0f66a4b,be0bd7b8c54a9af72144e8e6af7be0ef7d3c73cb69d2f9c9b1070377f64f261c,False,RGB,512x768
freshc_panel_16,0571e6db30c84b1593bc55a8e145a430,no_adapter,ab180c723fc7c0466310744f532f11881da1c367e10788e8b0cc5f629910d958,5d7547a3b93a9e861c71d9f7dfd2774ba2db26a31c116ad14b14d745b3527f28,False,RGB,512x768
freshc_panel_16,0571e6db30c84b1593bc55a8e145a430,native_gfl,77e5c4e613aaaefcc121a6a1772a4565b676609ffd346db0d888559604a1ae56,5144e3ca3d1842ca30177c7ef1576059dcd3db70c202c4bd41fad032546e88e3,False,RGB,512x768
freshc_panel_16,0571e6db30c84b1593bc55a8e145a430,native_gfh,62e8a933a0c864fecf177fb0b45762cf1a66ff91ea5a5d2d946b226a432932d7,ec7a692bb708ce249b671c19712320fc009a404aaac7811e7f8c5a09538c10f5,False,RGB,512x768
freshc_panel_16,0571e6db30c84b1593bc55a8e145a430,native_gc3,decc57913c11ac698ab66717a9aadbfb582391e915536caa4a48458c45d2430d,7b314348967c8758289168f904681f62e24f2f99dfb25435e879d61c381543e6,False,RGB,512x768
freshc_panel_16,0571e6db30c84b1593bc55a8e145a430,gen_linear,626b3f7c23402f162411d54f6cf959421871e9d67a91fcff947f64a3ebbd4136,1d5e0434d74c6d85c11fa98d1814493e9268c196fc8e9566d26ca9d241c12c62,False,RGB,512x768
freshc_panel_16,0571e6db30c84b1593bc55a8e145a430,layer_llh,5a3046726a4a7efd32d47c67b6a7331c7beabdf8b2c948e2da87ed88ddd6356d,c8f1cd6ec96dec0843fa432efde46b283e25bdb098a925f2a4dbf4b14963ccb6,False,RGB,512x768
freshc_panel_17,0e96435a23ee42f9b0e76860066c62ff,no_adapter,2ceba1abeaf92fa1190f2d3d953b7c9f86d407285e7a0f9f36a7a89a9cb6840f,c289d99c6bc932bbd8065cd61d0b2202d58b378712c848971326d32d826a41bf,False,RGB,512x768
freshc_panel_17,0e96435a23ee42f9b0e76860066c62ff,native_gfl,9cef8e60683d022fd8230767b948acd82aacb169af1aba9facebec45bd731b2b,61b5d956844868ee5708768432ca69f5443a835d2228dfab8366f4cad30da375,False,RGB,512x768
freshc_panel_17,0e96435a23ee42f9b0e76860066c62ff,native_gfh,cc04ab5ea855a4ef362fce1663c3dd6c5c429f98096a4df1f577718c61f0814a,a7242d3e5b79988be12da89313cced06147855516b668ef20bd79fcf415da06b,False,RGB,512x768
freshc_panel_17,0e96435a23ee42f9b0e76860066c62ff,native_gc3,575e9f76cd4746b3425314cbb2828512aa0aef643b9e53473aafd0359a27965e,3af59ae162ba54a09a52d2082a7038f8a48b4914ed61e46bc00bd206d5ef66d1,False,RGB,512x768
freshc_panel_17,0e96435a23ee42f9b0e76860066c62ff,gen_linear,9f3f5b8cdfa7d4d65345ce34fab1318b7072915df65a5b7215238ae8d641630c,d598980181104952bc20e27648a8352f4a49ee666990c13d36951658505d1fd3,False,RGB,512x768
freshc_panel_17,0e96435a23ee42f9b0e76860066c62ff,layer_llh,1c4e56e4b05c5b839c1fb54256f5901e63bd7772f0b7ef6ac2216e06c635c3cb,284ece42d6e129234be3ea31dea89ae5c977874214e4a4ea93fd86d7790414f5,False,RGB,512x768
freshc_panel_18,0f9579e2d298480aa26a0d9fed9307a9,no_adapter,4f22db81e318a44944bcb47a32096ba6300245f689c34eec04aaec1f17294d6d,7adbf7c558d1dc4941635863ec19e41059709a3370edf0426449af2d83532f6f,False,RGB,512x768
freshc_panel_18,0f9579e2d298480aa26a0d9fed9307a9,native_gfl,c8e085f362a43ad22f2175f7d86179150c7ef28cee0d8e2421118a01f816ed53,9e5d67bacc07c89d6f67b363c72c1bc4f73126673af3e27b0b3c76f440550226,False,RGB,512x768
freshc_panel_18,0f9579e2d298480aa26a0d9fed9307a9,native_gfh,cb5acd643df4e7ffc5a9a42a5b76e069bed8eef77005402d294e50f8c4497095,1f762f88a3d0dfd46c46b827f9ef0fa6346f3f110778040f9f2cc92b4437d756,False,RGB,512x768
freshc_panel_18,0f9579e2d298480aa26a0d9fed9307a9,native_gc3,102d6b4b6db3e7be33332b9d46267002f7942f04261acb3da7cad05202bbfe82,e5f84d943286379107795f311ba046bf44fa8c101eca60410e48d3ce6885a486,False,RGB,512x768
freshc_panel_18,0f9579e2d298480aa26a0d9fed9307a9,gen_linear,4ef9d35451fb2b2a68451382c032a067e6b8ca2417ae871ee5066ecd704d468e,baa1601d31df74f1d57539bad4734c9680aca98798a627cf55bd8a16c690fd3c,False,RGB,512x768
freshc_panel_18,0f9579e2d298480aa26a0d9fed9307a9,layer_llh,458d2fc3fe32ca3d864a68c40fd1d670028289913ff2262e340d070507214e3d,cf5216440add4649dc7c3dcab26253fbb056312fb907b449d67f5b82a1785206,False,RGB,512x768
freshc_panel_19,067aa0a948074dda86ad9fdad1fcef9d,no_adapter,f125e44860824da08db797835edf11c2bb8c44f1a68805a733bd884197cb43cc,b1c48dbbafa8e958b914b8d038d315d57e9847fc7f5635efb57c9081c57d05ae,False,RGB,512x768
freshc_panel_19,067aa0a948074dda86ad9fdad1fcef9d,native_gfl,1711b361aefe4fd7e0ea5c29534b67b52cc8e1fd59edc226b739fc83f2da6c46,ff3cd44a2e553096d4113cffb313cbc4e9f6a030ccb7d5ce680af15440c86fc8,False,RGB,512x768
freshc_panel_19,067aa0a948074dda86ad9fdad1fcef9d,native_gfh,126fefa933cf9c92d910213fe607ff819ba26a9e807049b059c36add263a5f0f,eaa0bcc66957948bb3de8a6766fea9581dab1572c233a10e51b88308c8beb7e8,False,RGB,512x768
freshc_panel_19,067aa0a948074dda86ad9fdad1fcef9d,native_gc3,e1b69d41cb15b98259f4cd709e14afc7b60eea517747bfcd6866dadecc1c8a72,f3ae178c732abee2154a9ad3e2720f1fea18aa0365caac58c204c2f34390d33e,False,RGB,512x768
freshc_panel_19,067aa0a948074dda86ad9fdad1fcef9d,gen_linear,3022effd8da0c25e55d31ee9234452ef592b125a13a26f6ea09fc4a48da53484,499730b6948318574cd11dfa733828bef60779ca2911a2ad76388c8a85dcac17,False,RGB,512x768
freshc_panel_19,067aa0a948074dda86ad9fdad1fcef9d,layer_llh,3dec4852a7181290081bf07dc2c11070c7dc7407f100e6cd22f62f0b19871de1,625837035cc008b944d9ca93bded06eb9e19bfd3240d60eab1cc1ea0426c2f74,False,RGB,512x768
freshc_panel_20,06fa4974f8cd4d4ea792e98fa1521457,no_adapter,7a84b9d42f53f1d2b26696395facf143faa417436e1ad446b48d68ace71f64b6,3b2064de0c64f370e3cccb8b92179f3b4ddbc9d2e8fcbe13e0c08323e85bfa3b,False,RGB,512x768
freshc_panel_20,06fa4974f8cd4d4ea792e98fa1521457,native_gfl,a123c75f7feaadcd941bb4cd1c2b227fd6cad9201aeb53e9cf8cee2508cba2e9,3f1c140d39e76eefa205c1d15d7a58574d2f1363e591be89b8fdcefe9a328346,False,RGB,512x768
freshc_panel_20,06fa4974f8cd4d4ea792e98fa1521457,native_gfh,9bf0de63c51b80373f1029b1b9cade1d5f9803f22f5f44a513f6f9e132605278,7979b496d504ea4e4e4b00df3615018a09198fd32ea59ef0f4ca9ad70cebcc5f,False,RGB,512x768
freshc_panel_20,06fa4974f8cd4d4ea792e98fa1521457,native_gc3,2c88b85daee4c10111dec0ce03a6bb039f09c27da3e50f534e0b72b7c9052c4c,1f3cec697383f96162e08982d4fe8de9e7b033ffb7e9b9a6b33d4d193c0d0f72,False,RGB,512x768
freshc_panel_20,06fa4974f8cd4d4ea792e98fa1521457,gen_linear,3be6c5adf844b0b2d78a11645e5ffb66894a15d665a244089306660e6a70cf64,6d345484931e0fab69bbea413eb844b8ef30b69ea2746d014d436fbf267eab3b,False,RGB,512x768
freshc_panel_20,06fa4974f8cd4d4ea792e98fa1521457,layer_llh,acb7c7dbcf6ae4586263f83437361d5a2dee0aa566ccb11434199efffe5ea00f,39ab77059376bf3e7336d1150de4c76ead5a2cef63467a7c07aeda8660c73e50,False,RGB,512x768
