sample_id,uid,method,mode,mean_fg_ciede2000,mean_delta_a_star,mean_delta_b_star,fg_psnr,fg_lpips,edge_ssim,fourth_tile_equals_second_tile
fig4_row1,eac4b392b7b448a2b6ec77e8936abe1b,No Adapter,unique6,55.15730857849121,-15.531017780303955,-11.38248872756958,3.63921195268631,0.32867008447647095,0.3470398187637329,False
fig4_row1,eac4b392b7b448a2b6ec77e8936abe1b,GFL,unique6,22.0319922765096,1.9772667288780212,-0.6387166281541189,11.58684492111206,0.23049324750900269,0.432325541973114,False
fig4_row1,eac4b392b7b448a2b6ec77e8936abe1b,GFH,unique6,35.96337413787842,-6.430041253566742,-6.110521157582601,8.136398792266846,0.25266966223716736,0.4271574914455414,False
fig4_row1,eac4b392b7b448a2b6ec77e8936abe1b,C3,unique6,28.269195556640625,-2.28693480292956,-2.7611732309063277,9.838719367980957,0.23775847256183624,0.4271167814731598,False
fig4_row1,eac4b392b7b448a2b6ec77e8936abe1b,Generic Linear,unique6,36.04538059234619,-4.694397052129109,-3.509652554988861,8.138454556465149,0.2514195144176483,0.41803789138793945,False
fig4_row1,eac4b392b7b448a2b6ec77e8936abe1b,LLH,unique6,32.261586825052895,-2.659312069416046,-1.9684335788091023,8.974990844726562,0.24951373040676117,0.4225797653198242,False
fig4_row1,eac4b392b7b448a2b6ec77e8936abe1b,No Adapter,legacy_duplicate_top,56.7028382619222,-14.75111468633016,-11.780227502187094,3.4405291080474854,0.32898202538490295,0.3130415976047516,True
fig4_row1,eac4b392b7b448a2b6ec77e8936abe1b,GFL,legacy_duplicate_top,22.677073796590168,2.737915277481079,-0.9954181052744389,11.176098585128784,0.2325613796710968,0.38981005549430847,True
fig4_row1,eac4b392b7b448a2b6ec77e8936abe1b,GFH,legacy_duplicate_top,36.49480183919271,-5.94180213411649,-6.397721568743388,7.800390124320984,0.25654682517051697,0.3871442377567291,True
fig4_row1,eac4b392b7b448a2b6ec77e8936abe1b,C3,legacy_duplicate_top,28.848780314127605,-1.600804289182027,-3.2834192713101706,9.42728579044342,0.24222278594970703,0.3880334198474884,True
fig4_row1,eac4b392b7b448a2b6ec77e8936abe1b,Generic Linear,legacy_duplicate_top,36.65463352203369,-4.125563422838847,-3.904953259974718,7.787339091300964,0.2540571987628937,0.3794565200805664,True
fig4_row1,eac4b392b7b448a2b6ec77e8936abe1b,LLH,legacy_duplicate_top,32.46389865875244,-1.9209609429041545,-2.1721798181533813,8.713822960853577,0.24994254112243652,0.38493719696998596,True
fig4_row2,ea7601dbeb2c46188571cb86e8fdb5bf,No Adapter,unique6,52.06861941019694,-4.5974810520807905,-7.148943901062012,3.6934715509414673,0.24463777244091034,0.40364572405815125,False
fig4_row2,ea7601dbeb2c46188571cb86e8fdb5bf,GFL,unique6,20.990079879760742,2.199632167816162,0.9092629378040632,11.481302976608276,0.16651099920272827,0.46715351939201355,False
fig4_row2,ea7601dbeb2c46188571cb86e8fdb5bf,GFH,unique6,30.313873926798504,1.3940487504005432,-0.9206737307831645,9.176480770111084,0.18576230108737946,0.465077668428421,False
fig4_row2,ea7601dbeb2c46188571cb86e8fdb5bf,C3,unique6,25.619674682617188,1.618437518676122,0.32631180187066394,10.199452638626099,0.17197033762931824,0.46272867918014526,False
fig4_row2,ea7601dbeb2c46188571cb86e8fdb5bf,Generic Linear,unique6,33.47422409057617,1.0453823407491047,-0.95770746221145,8.413472175598145,0.18335740268230438,0.4560178220272064,False
fig4_row2,ea7601dbeb2c46188571cb86e8fdb5bf,LLH,unique6,31.588221232096355,1.3077971239884694,-0.3881441516180833,8.861520886421204,0.17910555005073547,0.45860886573791504,False
fig4_row2,ea7601dbeb2c46188571cb86e8fdb5bf,No Adapter,legacy_duplicate_top,49.82787895202637,-4.637636065483093,-7.231617609659831,3.880890905857086,0.2436504364013672,0.40974223613739014,True
fig4_row2,ea7601dbeb2c46188571cb86e8fdb5bf,GFL,legacy_duplicate_top,19.62574831644694,1.9133822123209636,1.4508064122249682,11.92840576171875,0.16809654235839844,0.4767146408557892,True
fig4_row2,ea7601dbeb2c46188571cb86e8fdb5bf,GFH,legacy_duplicate_top,28.78201961517334,1.3659333884716034,-0.9209563611075282,9.452348351478577,0.18480069935321808,0.4698098301887512,True
fig4_row2,ea7601dbeb2c46188571cb86e8fdb5bf,C3,legacy_duplicate_top,24.1752192179362,1.483751227458318,0.6164951634903749,10.574979782104492,0.1738714873790741,0.47329455614089966,True
fig4_row2,ea7601dbeb2c46188571cb86e8fdb5bf,Generic Linear,legacy_duplicate_top,31.831472396850586,0.9799550722042719,-0.8544477984160039,8.668293356895447,0.1836118847131729,0.4625994563102722,True
fig4_row2,ea7601dbeb2c46188571cb86e8fdb5bf,LLH,legacy_duplicate_top,29.9772793451945,1.2463728090127308,-0.32662135859330493,9.139697551727295,0.1786300539970398,0.46477118134498596,True
fig4_row3,ed600cc9d91448939edeeb3a6d858448,No Adapter,unique6,49.35718091328939,-11.102363268534342,19.18933900197347,4.542591571807861,0.30896055698394775,0.3687276542186737,False
fig4_row3,ed600cc9d91448939edeeb3a6d858448,GFL,unique6,25.764768600463867,1.5430801312128704,13.700884819030762,11.8088698387146,0.27396416664123535,0.4200762212276459,False
fig4_row3,ed600cc9d91448939edeeb3a6d858448,GFH,unique6,32.89603614807129,-1.6183792998393376,18.02259620030721,9.975032806396484,0.275226891040802,0.42043742537498474,False
fig4_row3,ed600cc9d91448939edeeb3a6d858448,C3,unique6,29.14757251739502,-0.48418473452329636,15.676424821217855,10.813778638839722,0.2721691131591797,0.4164189398288727,False
fig4_row3,ed600cc9d91448939edeeb3a6d858448,Generic Linear,unique6,34.73163318634033,-2.0236664513746896,17.086620330810547,9.32387113571167,0.27714309096336365,0.4129892587661743,False
fig4_row3,ed600cc9d91448939edeeb3a6d858448,LLH,unique6,33.236257235209145,-1.8764879703521729,16.76529836654663,9.771425127983093,0.2749476134777069,0.41931381821632385,False
fig4_row3,ed600cc9d91448939edeeb3a6d858448,No Adapter,legacy_duplicate_top,48.64044380187988,-12.426685889561972,17.184943517049152,4.773476719856262,0.3129984736442566,0.3401653468608856,True
fig4_row3,ed600cc9d91448939edeeb3a6d858448,GFL,legacy_duplicate_top,24.542690594991047,0.1167571743329366,11.841105461120605,12.441046237945557,0.2726479470729828,0.38523533940315247,True
fig4_row3,ed600cc9d91448939edeeb3a6d858448,GFH,legacy_duplicate_top,31.522837320963543,-2.95402983824412,15.936546484629313,10.526626110076904,0.277585506439209,0.38365140557289124,True
fig4_row3,ed600cc9d91448939edeeb3a6d858448,C3,legacy_duplicate_top,27.848299344380695,-1.9089883031944435,13.734704494476318,11.401584148406982,0.27154678106307983,0.38212135434150696,True
fig4_row3,ed600cc9d91448939edeeb3a6d858448,Generic Linear,legacy_duplicate_top,33.3860133488973,-3.340222269296646,15.020504315694174,9.816117882728577,0.279987096786499,0.3773798644542694,True
fig4_row3,ed600cc9d91448939edeeb3a6d858448,LLH,legacy_duplicate_top,31.888210932413738,-3.206498106320699,14.712506453196207,10.299766063690186,0.277062326669693,0.38233688473701477,True
fig6_row1,ea2fe260ba5844d8be4fe34ce48e8af6,No Adapter,unique6,37.710320154825844,1.0946082329998414,16.78423611323039,5.695081353187561,0.36402708292007446,0.3370705544948578,False
fig6_row1,ea2fe260ba5844d8be4fe34ce48e8af6,GFL,unique6,21.0264089902242,3.6567273139953613,17.947116533915203,12.433604001998901,0.34066760540008545,0.42575526237487793,False
fig6_row1,ea2fe260ba5844d8be4fe34ce48e8af6,GFH,unique6,23.761266231536865,2.7658764123916626,16.23178203900655,10.634301900863647,0.32404810190200806,0.41942915320396423,False
fig6_row1,ea2fe260ba5844d8be4fe34ce48e8af6,C3,unique6,21.563557306925457,3.0948097904523215,16.20331573486328,11.677526235580444,0.3186987340450287,0.4206288158893585,False
fig6_row1,ea2fe260ba5844d8be4fe34ce48e8af6,Generic Linear,unique6,24.243526299794514,2.2607384522755942,15.499648809432983,10.305780172348022,0.32237300276756287,0.411090612411499,False
fig6_row1,ea2fe260ba5844d8be4fe34ce48e8af6,LLH,unique6,24.126827398935955,2.9854306976000466,17.164974848429363,10.676568746566772,0.32894179224967957,0.40935254096984863,False
fig6_row1,ea2fe260ba5844d8be4fe34ce48e8af6,No Adapter,legacy_duplicate_top,41.040395736694336,1.4844964742660522,20.96877924601237,5.210287570953369,0.37039515376091003,0.3340210020542145,True
fig6_row1,ea2fe260ba5844d8be4fe34ce48e8af6,GFL,legacy_duplicate_top,23.803988456726074,3.9978553652763367,21.937987327575684,11.836605072021484,0.344768762588501,0.440026193857193,True
fig6_row1,ea2fe260ba5844d8be4fe34ce48e8af6,GFH,legacy_duplicate_top,27.312527020772297,3.0954811175664267,20.26955556869507,9.96674120426178,0.33003154397010803,0.4270663857460022,True
fig6_row1,ea2fe260ba5844d8be4fe34ce48e8af6,C3,legacy_duplicate_top,24.79422410329183,3.446091373761495,20.184065024058025,11.033529043197632,0.326034277677536,0.43325546383857727,True
fig6_row1,ea2fe260ba5844d8be4fe34ce48e8af6,Generic Linear,legacy_duplicate_top,27.782067616780598,2.587596674760183,19.465574741363525,9.651342034339905,0.32620343565940857,0.4186834990978241,True
fig6_row1,ea2fe260ba5844d8be4fe34ce48e8af6,LLH,legacy_duplicate_top,27.62732760111491,3.345348536968231,21.137356917063396,10.010111331939697,0.3327561914920807,0.41665971279144287,True
fig6_row2,eda4277e-9984-5ff7-9891-ad816c3f09fc,No Adapter,unique6,11.957571347554525,-0.4101613312959671,0.3466817482064168,13.326386213302612,0.08221887052059174,0.6683671474456787,False
fig6_row2,eda4277e-9984-5ff7-9891-ad816c3f09fc,GFL,unique6,3.6594326893488565,0.760080099105835,-0.42576882367332775,23.88589859008789,0.07556340843439102,0.7034223079681396,False
fig6_row2,eda4277e-9984-5ff7-9891-ad816c3f09fc,GFH,unique6,6.1151338418324785,2.4548920392990112,3.5136258204778037,22.918426990509033,0.09267452359199524,0.7172698378562927,False
fig6_row2,eda4277e-9984-5ff7-9891-ad816c3f09fc,C3,unique6,3.6009008089701333,0.9277324775854746,0.052352425176650286,24.303791522979736,0.07810837030410767,0.7035083174705505,False
fig6_row2,eda4277e-9984-5ff7-9891-ad816c3f09fc,Generic Linear,unique6,4.636321306228638,0.7220665216445923,-0.5030567745367686,21.750218868255615,0.05441441014409065,0.7226540446281433,False
fig6_row2,eda4277e-9984-5ff7-9891-ad816c3f09fc,LLH,unique6,4.845177869002025,0.6493477523326874,-0.5533615996440252,21.291828155517578,0.053574711084365845,0.7239710092544556,False
fig6_row2,eda4277e-9984-5ff7-9891-ad816c3f09fc,No Adapter,legacy_duplicate_top,10.694340546925863,-0.40718670189380646,0.3600900812695424,14.410762786865234,0.07496149092912674,0.6519495844841003,True
fig6_row2,eda4277e-9984-5ff7-9891-ad816c3f09fc,GFL,legacy_duplicate_top,4.223882118860881,0.7031248013178507,-0.5783427829543749,22.34394073486328,0.08211958408355713,0.6963871717453003,True
fig6_row2,eda4277e-9984-5ff7-9891-ad816c3f09fc,GFH,legacy_duplicate_top,6.798200527826945,2.6749058961868286,3.314311385154724,21.253373622894287,0.09649542719125748,0.7011693716049194,True
fig6_row2,eda4277e-9984-5ff7-9891-ad816c3f09fc,C3,legacy_duplicate_top,3.9580843846003213,0.9631919960180918,0.008668934305508932,23.015804290771484,0.08394337445497513,0.6935211420059204,True
fig6_row2,eda4277e-9984-5ff7-9891-ad816c3f09fc,Generic Linear,legacy_duplicate_top,3.8147414127985635,0.7972642580668131,-0.4886883224050204,23.651552200317383,0.05373792722821236,0.704943835735321,True
fig6_row2,eda4277e-9984-5ff7-9891-ad816c3f09fc,LLH,legacy_duplicate_top,3.910281260808309,0.6790348390738169,-0.5412878692150116,23.191661834716797,0.05276228487491608,0.7050237655639648,True
fig6_row3,eb6010a0aeb04a03abd728db04a45f01,No Adapter,unique6,73.70663324991862,-3.111240883668264,0.6917396088441213,1.901412308216095,0.2469204068183899,0.3655865490436554,False
fig6_row3,eb6010a0aeb04a03abd728db04a45f01,GFL,unique6,24.391584396362305,2.5346094630658627,-0.10618745411435764,10.063525438308716,0.20828084647655487,0.4462655484676361,False
fig6_row3,eb6010a0aeb04a03abd728db04a45f01,GFH,unique6,41.45453071594238,2.7690166433652244,1.5871947904427846,6.781659722328186,0.23067307472229004,0.43737950921058655,False
fig6_row3,eb6010a0aeb04a03abd728db04a45f01,C3,unique6,32.25729846954346,3.355385442574819,0.4723214403687355,8.303412795066833,0.2260366827249527,0.43858131766319275,False
fig6_row3,eb6010a0aeb04a03abd728db04a45f01,Generic Linear,unique6,42.96312459309896,2.61441578467687,1.998689333597819,6.502709984779358,0.22674691677093506,0.43094402551651,False
fig6_row3,eb6010a0aeb04a03abd728db04a45f01,LLH,unique6,39.97223472595215,2.799156735340754,2.6402228275934854,7.051228284835815,0.2275877147912979,0.43512752652168274,False
fig6_row3,eb6010a0aeb04a03abd728db04a45f01,No Adapter,legacy_duplicate_top,75.32739893595378,-3.306897282600403,0.4533410519361496,1.7588864266872406,0.25118833780288696,0.35861095786094666,True
fig6_row3,eb6010a0aeb04a03abd728db04a45f01,GFL,legacy_duplicate_top,23.924216906229656,2.769700731461247,-0.48806509375572205,9.959726929664612,0.21281462907791138,0.4484484791755676,True
fig6_row3,eb6010a0aeb04a03abd728db04a45f01,GFH,legacy_duplicate_top,40.660128911336265,2.8288009762763977,1.4514093895753224,6.817696690559387,0.24032863974571228,0.4327777624130249,True
fig6_row3,eb6010a0aeb04a03abd728db04a45f01,C3,legacy_duplicate_top,31.567639032999676,3.2044299443562827,0.2664905674755573,8.269961476325989,0.2310718297958374,0.4429682493209839,True
fig6_row3,eb6010a0aeb04a03abd728db04a45f01,Generic Linear,legacy_duplicate_top,41.76962407430013,2.6749644676844277,1.921021560827891,6.584190726280212,0.23649084568023682,0.42714086174964905,True
fig6_row3,eb6010a0aeb04a03abd728db04a45f01,LLH,legacy_duplicate_top,38.60440889994303,2.7005375226338706,2.640088160832723,7.160884141921997,0.23341533541679382,0.43275222182273865,True
