object,global_fixed_low:dist_fg_rgb_std,global_fixed_low:dist_fg_grad_mag,global_fixed_low:dist_fg_lap_var,global_fixed_low:dist_fg_hf_energy,layer_fixed_mean:dist_fg_rgb_std,layer_fixed_mean:dist_fg_grad_mag,layer_fixed_mean:dist_fg_lap_var,layer_fixed_mean:dist_fg_hf_energy,layer_lhl:dist_fg_rgb_std,layer_lhl:dist_fg_grad_mag,layer_lhl:dist_fg_lap_var,layer_lhl:dist_fg_hf_energy,layer_llh:dist_fg_rgb_std,layer_llh:dist_fg_grad_mag,layer_llh:dist_fg_lap_var,layer_llh:dist_fg_hf_energy
obj_0024,0.05860522377770394,0.3592674136161804,0.016640310874208808,0.02261391282081604,0.06684496987145394,0.2525779604911804,0.006172781577333808,0.007332414388656616,0.06324389565270394,0.23597639799118042,0.005821829428896308,0.005449056625366211,0.05625537026207894,0.21449202299118042,0.004021292319521308,0.011647284030914307
obj_0025,0.04259779991116375,0.46891912817955017,0.030347727239131927,0.025291919708251953,0.05269911827053875,0.39079412817955017,0.010297678411006927,0.0022712647914886475,0.05156996787991375,0.37272772192955017,0.010358713567256927,0.0005070865154266357,0.04799941123928875,0.33244451880455017,0.008108042180538177,0.010349273681640625
obj_0026,0.07973294158000499,0.21482989564538002,0.008407232351601124,0.036796048283576965,0.07704739470500499,0.14158770814538002,0.002776739187538624,0.01900370419025421,0.07076077361125499,0.14854571595788002,0.003558752126991749,0.01515527069568634,0.07485012908000499,0.11497638002038002,0.0017391415312886238,0.019747957587242126
obj_0027,0.05908481031656265,0.15637755393981934,0.016223380342125893,0.04159778356552124,0.05719272047281265,0.26282286643981934,0.024665305390954018,0.054349690675735474,0.05401889234781265,0.24500060081481934,0.023761222139000893,0.055685609579086304,0.05389682203531265,0.26331114768981934,0.024165580049157143,0.05111849308013916
obj_0028,0.06789281812962145,0.3217870816588402,0.017418497474864125,0.048469290137290955,0.07607152906712145,0.2504980191588402,0.007156961830332875,0.023965701460838318,0.06941869703587145,0.2502538785338402,0.007134073646739125,0.01696254312992096,0.07094457594212145,0.23780270665884018,0.006226175697520375,0.028523340821266174
obj_0029,0.05262547975871712,0.3526991382241249,0.01623085024766624,0.027602344751358032,0.06306249147746712,0.2591932788491249,0.00603034975938499,0.01096007227897644,0.05994969850871712,0.2489393725991249,0.00560310366563499,0.008674860000610352,0.05509740358684212,0.2174452319741249,0.00431373598985374,0.014844179153442383
obj_0030,0.047932784422300756,0.46070925891399384,0.02435818105004728,0.023092061281204224,0.058797042234800756,0.37233035266399384,0.009999660542234778,0.005295664072036743,0.056752364500425756,0.35646121203899384,0.009541896870359778,0.0033507347106933594,0.052846114500425756,0.33082644641399384,0.008351711323484778,0.010418295860290527
obj_0031,0.04358831502031535,0.5812323242425919,0.05133479740470648,0.05733686685562134,0.04847112752031535,0.46648623049259186,0.025120197795331478,0.02481982111930847,0.05500188923906535,0.5143377929925919,0.03357356693595648,0.029069364070892334,0.03717962361406535,0.41472841799259186,0.019474445842206478,0.025455355644226074
obj_0032,0.062386556062847376,0.37285660207271576,0.02294707717373967,0.03572246432304382,0.06928352871909738,0.26323746144771576,0.008039240259677172,0.015180766582489014,0.06482796231284738,0.25640152394771576,0.008924250025302172,0.014595955610275269,0.060311360750347376,0.22808121144771576,0.005307917017489672,0.015584945678710938
obj_0033,0.10545332357287407,0.06539171934127808,0.0046224817633628845,0.001569300889968872,0.10728437826037407,0.048377811908721924,0.016448043286800385,0.017804622650146484,0.09733564779162407,0.029334843158721924,0.016127608716487885,0.019192487001419067,0.09996015951037407,0.058631718158721924,0.015982650220394135,0.015011817216873169
obj_0034,0.040743261692114174,0.3792577236890793,0.021846486255526543,0.029440343379974365,0.054872900363989174,0.2820897549390793,0.008830739185214043,0.011733710765838623,0.049684912082739174,0.2747655361890793,0.008655263110995293,0.007596433162689209,0.048830419895239174,0.23228506743907928,0.005939198657870293,0.014740198850631714
obj_0035,0.07485390827059746,0.3112643286585808,0.014278629794716835,0.038737595081329346,0.07564736530184746,0.22264128178358078,0.00598166324198246,0.01869124174118042,0.06936074420809746,0.22166471928358078,0.006954411044716835,0.016232818365097046,0.07357216998934746,0.18968229740858078,0.004299381747841835,0.021382272243499756
obj_0036,0.06982037972193211,0.1456432342529297,0.005160875269211829,0.03836788237094879,0.06481549690943211,0.09290885925292969,0.0013290118658915162,0.015265479683876038,0.06243512581568211,0.10401725769042969,0.0017963122809305787,0.012907221913337708,0.06212995003443211,0.08241081237792969,0.0008798312628641725,0.01698078215122223
obj_0037,0.08338907908182591,0.23470865935087204,0.006394441123120487,0.02654801309108734,0.07917765330057591,0.15597330778837204,0.0019312453223392367,0.012149766087532043,0.07417277048807591,0.16110026091337204,0.0023890089942142367,0.009582534432411194,0.07551554392557591,0.12289225310087204,0.0014010024024173617,0.015976950526237488
obj_0038,0.06832995801232755,0.19380497187376022,0.0061322072288021445,0.030750393867492676,0.06326404004357755,0.14119266718626022,0.002582631423138082,0.014125198125839233,0.06222644238732755,0.15095829218626022,0.002845845534466207,0.010955721139907837,0.06326404004357755,0.11238407343626022,0.0017414906760677695,0.017143279314041138
obj_0039,0.06947169557679445,0.18035338446497917,0.006595666345674545,0.04044099152088165,0.06916651979554445,0.11614440008997917,0.001958901819307357,0.01917828619480133,0.06349025026429445,0.12737486883997917,0.0025597166386432946,0.01532338559627533,0.06519923463929445,0.09820006415247917,0.0013161253300495446,0.020365849137306213
obj_0040,0.0661818099906668,0.19631026312708855,0.005731696495786309,0.026279911398887634,0.0649000717094168,0.13637373968958855,0.0018788522575050592,0.012838229537010193,0.06154313811566681,0.14174483343958855,0.0021821206901222467,0.007911160588264465,0.0634352279594168,0.10707686468958855,0.0011597818229347467,0.015583649277687073
obj_0041,0.09523424925282598,0.2754942700266838,0.01289701834321022,0.03655394911766052,0.09242663206532598,0.2068907544016838,0.00546598806977272,0.016870737075805664,0.08253893675282598,0.2232481762766838,0.00622892752289772,0.012379169464111328,0.08797106565907598,0.1628233715891838,0.0031886138021945953,0.01966780424118042
obj_0042,0.05791718862019479,0.34871551394462585,0.021422491874545813,0.03404456377029419,0.06609589955769479,0.24812957644462585,0.006568060722202063,0.01162630319595337,0.05941254994831979,0.24422332644462585,0.007613287772983313,0.009522736072540283,0.05913789174519479,0.21907684206962585,0.004218207206577063,0.012372404336929321
obj_0043,0.09059747552964836,0.30822739005088806,0.010488759027794003,0.0239458829164505,0.08302911615464836,0.21374496817588806,0.0041067705024033785,0.010774657130241394,0.07460626459214836,0.23864731192588806,0.0050375566352158785,0.006823495030403137,0.08125909662339836,0.15820297598838806,0.002453099237754941,0.015605613589286804
obj_0044,0.06384458194952458,0.455577589571476,0.02018397324718535,0.032251983880996704,0.07226743351202458,0.344249464571476,0.0079540538135916,0.009365439414978027,0.06805600773077458,0.361583448946476,0.0087475108448416,0.002461552619934082,0.06451596866827458,0.280528761446476,0.0053257273975759745,0.01720413565635681
obj_0045,0.06795436819083989,0.1554449424147606,0.003565021906979382,0.03153398633003235,0.06459743459708989,0.1285894736647606,0.0016633953200653195,0.015145272016525269,0.06282741506583989,0.12297423928976059,0.001650043879635632,0.011009246110916138,0.06502468069083989,0.10429748147726059,0.0010654415236786008,0.016036659479141235
obj_0046,0.04819136648438871,0.4887176901102066,0.02539157262071967,0.02418634295463562,0.05942183523438871,0.3852020651102066,0.009247773792594671,0.004861682653427124,0.05517989187501371,0.3861786276102066,0.009835237171500921,0.0037487447261810303,0.05374556570313871,0.3263641744852066,0.007317536976188421,0.012276381254196167
obj_0047,0.0013941973447799683,0.22431689500808716,0.013500464148819447,0.01830393075942993,0.009164884686470032,0.13227587938308716,0.00035451631993055344,0.045346856117248535,0.010324552655220032,0.15376025438308716,0.0020716311410069466,0.050115734338760376,0.0023899823427200317,0.11201220750808716,0.0023534176871180534,0.03994518518447876
obj_0048,0.08704883698374033,0.26546379923820496,0.015576801728457212,0.08651341497898102,0.09058887604624033,0.16097161173820496,0.0052084545604884624,0.047162845730781555,0.08460743073374033,0.16438958048820496,0.0062231640331447124,0.051374390721321106,0.08527881745249033,0.14510247111320496,0.0033087353222072124,0.04506196081638336
obj_0049,0.04691282566636801,0.4353672116994858,0.025533987442031503,0.029367595911026,0.05872312840074301,0.3191562741994858,0.009283377090469003,0.009072333574295044,0.05539671238511801,0.3162265866994858,0.009298635879531503,0.0052040815353393555,0.05078855808824301,0.2730136960744858,0.006803823867812753,0.013060390949249268
obj_0050,0.040633879019878805,0.41904935240745544,0.02081628586165607,0.026433467864990234,0.046859464957378805,0.30503568053245544,0.00683160568587482,0.009157687425613403,0.045608244254253805,0.30674466490745544,0.00825067306868732,0.007553786039352417,0.043105802848003805,0.24229153990745544,0.00512262131087482,0.013130009174346924
obj_0051,0.06869905744679272,0.23171811178326607,0.007761269109323621,0.03381352126598358,0.07162874494679272,0.15872006490826607,0.002565651433542371,0.01469413936138153,0.06637972150929272,0.16702084615826607,0.003073006169870496,0.01253412663936615,0.06558626447804272,0.12368588522076607,0.0016329579520970583,0.015635624527931213
obj_0052,0.07535608566831797,0.26357419043779373,0.010320639819838107,0.03163047134876251,0.07358606613706797,0.18093258887529373,0.0035724403569474816,0.01405094563961029,0.06821497238706797,0.18654782325029373,0.004262900562025607,0.010265424847602844,0.07065637863706797,0.14638669043779373,0.002304053516127169,0.01703910529613495
obj_0053,0.05543148098513484,0.32659702003002167,0.013385067693889141,0.02523002028465271,0.06284725246950984,0.22234897315502167,0.003993283025920391,0.009479612112045288,0.05927669582888484,0.20940952003002167,0.003577481023967266,0.006061077117919922,0.05634700832888484,0.18523959815502167,0.002986202947795391,0.014596313238143921
obj_0054,0.06841684901155531,0.36134349554777145,0.01534550148062408,0.023575931787490845,0.07024790369905531,0.23683177679777145,0.00475590187124908,0.009627670049667358,0.06554819666780531,0.23829662054777145,0.004874157486483455,0.007250666618347168,0.062008157605305314,0.19459544867277145,0.0031766172032803297,0.012334585189819336
obj_0055,0.0903416114160791,0.16997060924768448,0.005890753120183945,0.02647218108177185,0.0876560645410791,0.10576162487268448,0.0005387328565120697,0.009726852178573608,0.0793552832910791,0.11418447643518448,0.0010918639600276947,0.006167232990264893,0.0811863379785791,0.08574209362268448,0.0001727081835269928,0.012187331914901733
obj_0056,0.07463400380220264,0.14344632625579834,0.003438578569330275,0.023991376161575317,0.06730978505220264,0.09376370906829834,0.0009418592089787126,0.012227267026901245,0.06621115223970264,0.09376370906829834,0.0009208783740177751,0.007732123136520386,0.06663839833345264,0.08839261531829834,0.0007845029467716813,0.014634966850280762
obj_0057,0.05079332983586937,0.564183235168457,0.056356172543019056,0.06012392044067383,0.05939928686711937,0.45822620391845703,0.026174287777394056,0.0289900004863739,0.06190172827336937,0.49631214141845703,0.033284883480519056,0.029333412647247314,0.04908434546086937,0.41769886016845703,0.019536714535206556,0.028727203607559204
obj_0058,0.04398262104950845,0.497512623667717,0.032431687228381634,0.03297591209411621,0.05539619526825845,0.418411061167717,0.012366379611194134,0.0041526854038238525,0.05228340229950845,0.404250904917717,0.014853562228381634,0.006334155797958374,0.05188667378388345,0.360305592417717,0.009139145724475384,0.010522395372390747
obj_0059,0.04961809527594596,0.399851031601429,0.019009201787412167,0.026360034942626953,0.06386980426032096,0.292185015976429,0.007267563603818417,0.010532379150390625,0.05721697222907096,0.282663531601429,0.007702439092099667,0.008723825216293335,0.05465349566657096,0.24750728160142899,0.005421250127255917,0.015476018190383911
obj_0060,0.07273317966610193,0.18174295872449875,0.00774685328360647,0.032105326652526855,0.07303835544735193,0.13181620091199875,0.0022002834593877196,0.014007598161697388,0.06608034763485193,0.13413553684949875,0.0031959194457158446,0.013412952423095703,0.06742312107235193,0.10447245091199875,0.0013457912718877196,0.015146315097808838
obj_0061,0.04955270863138139,0.3730688765645027,0.018434434197843075,0.028371810913085938,0.06075265980325639,0.2739477828145027,0.007173447869718075,0.010293543338775635,0.05565622425638139,0.2680884078145027,0.006845383904874325,0.0068221986293792725,0.05379465199075639,0.23464114218950272,0.004953294061124325,0.013108104467391968
obj_0062,0.055546119809150696,0.023456215858459473,0.0006907209753990173,0.036640942096710205,0.060917213559150696,0.06248128414154053,0.008777879178524017,0.07906711101531982,0.062015846371650696,0.03733479976654053,0.007290147244930267,0.07882881164550781,0.054325416684150696,0.03367269039154053,0.006069444119930267,0.06665933132171631
obj_0063,0.058701035915873945,0.34574203193187714,0.016440975945442915,0.020623594522476196,0.06669664138462394,0.20682601630687714,0.004180538933724165,0.00465664267539978,0.061203477322123945,0.22611312568187714,0.005790341179817915,0.0033428966999053955,0.057083604275248945,0.14847640693187714,0.00115548400208354,0.00643351674079895
obj_0064,0.07375555124599487,0.17993896454572678,0.00443001271924004,0.02905106544494629,0.06789617624599487,0.12000244110822678,0.001136021630372852,0.011373341083526611,0.06643133249599487,0.12964599579572678,0.0013477373286150396,0.008736491203308105,0.06649236765224487,0.09802978485822678,0.0008260774775408208,0.014026224613189697
obj_0065,0.08327405457384884,0.24918517470359802,0.012569304555654526,0.026829779148101807,0.08272473816759884,0.15226134657859802,0.0029219351708889008,0.009104311466217041,0.07491223816759884,0.16446837782859802,0.0038870535790920258,0.006622344255447388,0.07723157410509884,0.11588439345359802,0.0013807974755764008,0.012000322341918945
obj_0066,0.06600685964804143,0.21468324214220047,0.006395943579263985,0.03204059600830078,0.06734963308554143,0.14095277339220047,0.001993782934732735,0.012952953577041626,0.06216164480429143,0.15132874995470047,0.002604134497232735,0.01105448603630066,0.06289406667929143,0.11421937495470047,0.0013815240235999227,0.01506197452545166
obj_0067,0.07514724461361766,0.19342495873570442,0.006766700651496649,0.027074873447418213,0.07581863133236766,0.12616421654820442,0.0018457411788403988,0.011991828680038452,0.06849441258236766,0.13678433373570442,0.0025419234298169613,0.009378641843795776,0.06983718601986766,0.10358120873570442,0.0013231276534497738,0.015579640865325928
obj_0068,0.08396676718257368,0.19576293230056763,0.008985516149550676,0.02878648042678833,0.08048776327632368,0.12166625261306763,0.0020313230343163013,0.011166483163833618,0.07346872030757368,0.12471801042556763,0.0029735532589256763,0.009394347667694092,0.07279733358882368,0.08980590105056763,0.00036048563197255135,0.0122908353805542
obj_0069,0.03916122321970761,0.3041168451309204,0.003864235244691372,0.006442278623580933,0.03775741462595761,0.4300934076309204,0.009342140518128872,0.0046613216400146484,0.04172469978220761,0.4008575677871704,0.00860018189996481,0.004803597927093506,0.027335661696270108,0.4523102045059204,0.009589619003236294,0.004528254270553589
obj_0070,0.08804989838972688,0.26405853033065796,0.00782434397842735,0.029326260089874268,0.08817196870222688,0.18471282720565796,0.0037883942713961005,0.01567375659942627,0.07590390229597688,0.18739837408065796,0.0036472504725679755,0.010697990655899048,0.08182431245222688,0.14491790533065796,0.002443713485263288,0.01708453893661499
obj_0071,0.0875902830157429,0.19732891023159027,0.009624750819057226,0.028257161378860474,0.0857592283282429,0.11480937898159027,0.0019114329479634762,0.009748995304107666,0.0752001462969929,0.12970195710659027,0.002804072108119726,0.007517218589782715,0.0815478025469929,0.08770976960659027,0.0005534007214009762,0.013216853141784668
obj_0072,0.026242022751830518,0.45884011685848236,0.03947998443618417,0.06023383140563965,0.030468707322143018,0.37973855435848236,0.015264286193996668,0.026374757289886475,0.03538203740026802,0.41294167935848236,0.017781986389309168,0.023737698793411255,0.025311236619018018,0.38120339810848236,0.018255008850246668,0.030540019273757935
obj_0073,0.04166928248014301,0.4139867126941681,0.03701558499597013,0.04764565825462341,0.05558529810514301,0.3373265564441681,0.01623311429284513,0.020195811986923218,0.05231991724576801,0.3260960876941681,0.01672139554284513,0.01866975426673889,0.04890194849576801,0.3072972595691681,0.01094594388268888,0.020397335290908813
obj_0074,0.08010446524713188,0.16410529986023903,0.006263431045226753,0.04619872570037842,0.07784616446588188,0.11735237017273903,0.0018822512356564403,0.021838366985321045,0.07253610587213188,0.11991584673523903,0.0020748934475705028,0.0191592276096344,0.07357370352838188,0.09708869829773903,0.0013634524075314403,0.021853387355804443
obj_0075,0.030073076486587524,0.016171038150787354,0.005144219845533371,0.027417659759521484,0.027387529611587524,0.11382728815078735,0.013959985226392746,0.04784122109413147,0.022809892892837524,0.10967689752578735,0.013605218380689621,0.05118095874786377,0.023603349924087524,0.12261635065078735,0.014330010861158371,0.04464736580848694
obj_0076,0.06516829261090606,0.21421513333916664,0.006898088147863746,0.022344917058944702,0.06748762854840606,0.15147099271416664,0.002234620740637183,0.008407920598983765,0.061017901985906065,0.15769657865166664,0.0030070969369262457,0.00664857029914856,0.06327620276715606,0.11777958646416664,0.0014487931039184332,0.012604892253875732
obj_0077,0.038802432478405535,0.5245198458433151,0.05629442119970918,0.0771017074584961,0.046920108259655535,0.4556721895933151,0.026722887996584177,0.0390496551990509,0.051436709822155535,0.4864339083433151,0.03697679424658418,0.044993579387664795,0.040633487165905535,0.4317464083433151,0.019703845027834177,0.03636103868484497
obj_0078,0.039686467265710235,0.42311152815818787,0.032519192434847355,0.06561174988746643,0.040937687968835235,0.36354121565818787,0.014056057669222355,0.027998358011245728,0.048414494609460235,0.38795527815818787,0.016451687552034855,0.026671886444091797,0.037336613750085235,0.33277949690818787,0.014559597708284855,0.02541273832321167
obj_0079,0.0843931605340913,0.16458387672901154,0.0060061076655983925,0.023447364568710327,0.0827452113153413,0.10208387672901154,0.0010393718257546425,0.009117722511291504,0.0733457972528413,0.10782118141651154,0.0017679790034890175,0.007029205560684204,0.0780455042840913,0.08145399391651154,0.0001886943355202675,0.010145902633666992
obj_0080,0.030752167105674744,0.011968493461608887,0.007847040891647339,0.09383612871170044,0.029897674918174744,0.10033619403839111,0.01753637194633484,0.106556236743927,0.026845917105674744,0.08080494403839111,0.01607152819633484,0.10743740200996399,0.028249725699424744,0.11400806903839111,0.01818487048149109,0.10223719477653503
obj_0081,0.060555568896234035,0.18873608484864235,0.006432183436118066,0.031106561422348022,0.06324111577123404,0.12135327234864235,0.0014540035044774413,0.011204361915588379,0.058571926318109035,0.12391674891114235,0.0017038661753758788,0.009105503559112549,0.058297268114984035,0.10108960047364235,0.0009580928599461913,0.012017399072647095
obj_0082,0.04444040067028254,0.603623703122139,0.05251820292323828,0.07526791095733643,0.05048288113903254,0.467881515622139,0.025113417766988277,0.03729000687599182,0.05564035184215754,0.516709640622139,0.03207142557948828,0.037604451179504395,0.03861154324840754,0.432725265622139,0.021268202923238277,0.03888481855392456
obj_0083,0.10303855873644352,0.1678517460823059,0.012928499840199947,0.014849424362182617,0.09333396889269352,0.08044940233230591,0.0022397181019186974,0.005567103624343872,0.08405662514269352,0.09802752733230591,0.0038113733753561974,0.01177409291267395,0.08912254311144352,0.06750994920730591,0.0011563440784811974,0.003857523202896118
obj_0084,0.08878783485852182,0.235619455575943,0.00889793410897255,0.027002573013305664,0.08555297157727182,0.147972971200943,0.0027906037867069244,0.010983198881149292,0.07560424110852182,0.157494455575943,0.0033551789820194244,0.00974687933921814,0.08091429970227182,0.111718088388443,0.0011502839624881744,0.013520389795303345
obj_0085,0.0563320554792881,0.394501768052578,0.02336789551191032,0.029651015996932983,0.0656704343855381,0.300019346177578,0.00945950928144157,0.009336799383163452,0.0584072507917881,0.289521299302578,0.00922299805097282,0.0057749152183532715,0.0585293211042881,0.257538877427578,0.006773962406441569,0.012706160545349121
obj_0086,0.06043432652950287,0.02509218454360962,0.0026860227808356285,0.022507041692733765,0.05091284215450287,0.03252500295639038,0.0047755250707268715,0.05003315210342407,0.05066870152950287,0.01860898733139038,0.0036501893773674965,0.050863683223724365,0.05457495152950287,0.02227109670639038,0.0035815248265862465,0.04349231719970703
obj_0087,0.08652777620591223,0.21281211078166962,0.006527563091367483,0.02675965428352356,0.08829779573716223,0.12980429828166962,0.0016218624077737331,0.011109024286270142,0.07877631136216223,0.13834922015666962,0.002091070171445608,0.007933974266052246,0.08042426058091223,0.10624472796916962,0.0005728206597268581,0.013663649559020996
obj_0088,0.07089742843527347,0.17948077991604805,0.005943393800407648,0.04059898853302002,0.06693014327902347,0.12857745960354805,0.0020123482681810856,0.01947149634361267,0.06436666671652347,0.13394855335354805,0.0022221566177904606,0.014458328485488892,0.06619772140402347,0.10465167835354805,0.0012341500259935856,0.01966121792793274
obj_0089,0.02524150733370334,0.5238050520420074,0.06450279429554939,0.0929785668849945,0.03329814795870334,0.45495739579200745,0.03245933726429939,0.04864194989204407,0.04068340186495334,0.48523083329200745,0.03966148570179939,0.05337432026863098,0.02916301612276584,0.42224255204200745,0.024982530623674393,0.043079644441604614
obj_0090,0.04864429635927081,0.4061088338494301,0.021025292808189988,0.02932766079902649,0.06155323190614581,0.2935600057244301,0.007536523276939988,0.01047515869140625,0.05407642526552081,0.3089408650994301,0.008154504233971238,0.005964398384094238,0.05731128854677081,0.22983930259943008,0.004709832603111863,0.013606816530227661
obj_0091,0.024043446173891425,0.18713554739952087,0.021908548194915056,0.05661889910697937,0.031550770392641425,0.12414726614952087,0.008679178077727556,0.023641616106033325,0.036097889533266425,0.14074882864952087,0.011669900733977556,0.023602038621902466,0.029963856330141425,0.14807304739952087,0.011517312843352556,0.023286819458007812
obj_0092,0.07111898681614548,0.4342311844229698,0.028035718481987715,0.053479909896850586,0.07771078369114548,0.3473171219229698,0.014638501685112715,0.028975337743759155,0.07465902587864548,0.3568386062979698,0.015523511450737715,0.022737503051757812,0.06947103759739548,0.3202175125479698,0.010579663794487715,0.02861642837524414
obj_0093,0.0588305868441239,0.34700220823287964,0.01613074284978211,0.023356765508651733,0.0661548055941239,0.24885767698287964,0.005754766287282109,0.006698876619338989,0.0597461141878739,0.24202173948287964,0.005197820486500859,0.004048466682434082,0.0603564657503739,0.20515650510787964,0.004442510427907109,0.012259125709533691
obj_0094,0.08064807811751962,0.2766955941915512,0.008606185088865459,0.024578139185905457,0.08015979686751962,0.1730578988790512,0.002735365997068584,0.011379078030586243,0.07088245311751962,0.1830676645040512,0.003322829375974834,0.008349254727363586,0.07509387889876962,0.1397327035665512,0.0020964042050763965,0.015302672982215881
obj_0095,0.03384642954915762,0.49874602258205414,0.03551353979855776,0.05226457118988037,0.03540282603353262,0.43087492883205414,0.01698936987668276,0.02280658483505249,0.04339843150228262,0.46603117883205414,0.01990379858762026,0.018397390842437744,0.02800231333822012,0.39767180383205414,0.01564659643918276,0.02860283851623535
obj_0096,0.034833021461963654,0.041305482387542725,0.0038674622774124146,0.03841075301170349,0.041974134743213654,0.043411314487457275,0.013572052121162415,0.06471201777458191,0.038678236305713654,0.032669126987457275,0.011557891964912415,0.0672166645526886,0.037030287086963654,0.06758123636245728,0.015067413449287415,0.062486737966537476
obj_0097,0.044106088345870376,0.4808712750673294,0.05725566577166319,0.08517682552337646,0.060402475064620376,0.4134884625673294,0.02798930834978819,0.04949468374252319,0.057228646939620376,0.4247189313173294,0.03073589038103819,0.04871830344200134,0.055061898892745376,0.4012814313173294,0.02206889819353819,0.045933425426483154
obj_0098,0.06553636654280126,0.3953799083828926,0.023887423565611243,0.06102202832698822,0.07298265560530126,0.2925967052578926,0.009704379132017493,0.029742762446403503,0.07621751888655126,0.3043154552578926,0.010307101299986243,0.026190921664237976,0.06388841732405126,0.2823427990078926,0.007835177471861243,0.02880053222179413
obj_0099,0.07932452252134681,0.21186259016394615,0.010389166884124279,0.044503822922706604,0.07914141705259681,0.14972880110144615,0.003347235731780529,0.021065697073936462,0.07151202252134681,0.15509989485144615,0.004113989882171154,0.02007599174976349,0.07291583111509681,0.11152079328894615,0.001630621962249279,0.017753347754478455
obj_0100,0.06512447714339942,0.15150314569473267,0.004055718774907291,0.02356395125389099,0.06262203573714942,0.10792404413223267,0.0011775296879932284,0.011209696531295776,0.05841060995589942,0.11475998163223267,0.001320580835454166,0.006487011909484863,0.05960079550277442,0.07874923944473267,0.0005185407353565097,0.012536197900772095
obj_0101,0.07856387121137232,0.2386721484363079,0.007278714678250253,0.029848188161849976,0.07410830480512232,0.1673830859363079,0.0024168830132111907,0.014328330755233765,0.06806582433637232,0.1701907031238079,0.003078732988797128,0.012299686670303345,0.07117861730512232,0.1290530078113079,0.0015681128716096282,0.018233299255371094
obj_0102,0.07297077763359994,0.15716582164168358,0.0047358793672174215,0.027314722537994385,0.06686726200859994,0.10650664195418358,0.001167230075225234,0.012145191431045532,0.06338825810234994,0.11553984507918358,0.001544885104522109,0.009400516748428345,0.06686726200859994,0.08795195445418358,0.000724725192412734,0.01410609483718872
obj_0103,0.03722750721499324,0.47042299807071686,0.055662821512669325,0.07888025045394897,0.04308688221499324,0.41085268557071686,0.025313090067356825,0.04205894470214844,0.05041110096499324,0.43575502932071686,0.032255839090794325,0.043023377656936646,0.03167330799624324,0.37179018557071686,0.019285868387669325,0.037792593240737915
obj_0104,0.045974237378686666,0.3641018271446228,0.023403503699228168,0.04384171962738037,0.06886242097243667,0.2913479208946228,0.012783386511728168,0.020713776350021362,0.06446788972243667,0.2754787802696228,0.011852600378915668,0.016613394021987915,0.06410167878493667,0.2810940146446228,0.012005188269540668,0.023083597421646118
obj_0105,0.07295880501624197,0.16939131915569305,0.006246793316677213,0.027782440185546875,0.07039532845374197,0.11043135821819305,0.0019705176819115877,0.01183369755744934,0.06667218392249197,0.11861006915569305,0.0022566199768334627,0.008632779121398926,0.06539044564124197,0.09468428790569305,0.0013010383117944002,0.01399269700050354
obj_0106,0.0980027629993856,0.1163037121295929,0.0024573877453804016,0.1368197202682495,0.1039231731556356,0.023041993379592896,0.008452646434307098,0.1641547679901123,0.0934251262806356,0.033540040254592896,0.007224313914775848,0.16620615124702454,0.0986131145618856,0.012788087129592896,0.009116403758525848,0.15610119700431824
obj_0107,0.039519129204563797,0.46505318582057953,0.023442299338057637,0.018975019454956055,0.050169763970188797,0.37862740457057953,0.008450539084151387,0.001277536153793335,0.050230799126438797,0.37325631082057953,0.008160622091963887,0.001283794641494751,0.043944178032688797,0.33077584207057953,0.006634743185713887,0.007641047239303589
obj_0108,0.04764470655936748,0.43454669415950775,0.02606413676403463,0.031310707330703735,0.05994329054374248,0.33493731915950775,0.010248401900753379,0.010996103286743164,0.05686101515311748,0.33054278790950775,0.010706165572628379,0.008564680814743042,0.05319890577811748,0.29904864728450775,0.007478931685909629,0.015005946159362793
obj_0109,0.08979300316423178,0.22256895899772644,0.006104329600930214,0.01430577039718628,0.08991507347673178,0.12466856837272644,0.0007332358509302139,0.004710763692855835,0.07844046410173178,0.12906309962272644,0.001332143321633339,0.002133965492248535,0.08350638207048178,0.09683653712272644,0.0005828347057104111,0.007512211799621582
obj_0110,0.0749260219745338,0.1652422435581684,0.005960882757790387,0.036802589893341064,0.0734611782245338,0.1254473216831684,0.0019420991884544492,0.01773250102996826,0.0672355922870338,0.1282549388706684,0.0023865114198997617,0.016671091318130493,0.0680290493182838,0.09859185293316841,0.0012916933046653867,0.01926720142364502
obj_0111,0.09408777335193008,0.18270930647850037,0.006216409150511026,0.03244984149932861,0.08761804678943008,0.12240657210350037,0.0011276029981672764,0.014893859624862671,0.08011072257068008,0.12374934554100037,0.0014251493848860264,0.011238545179367065,0.08267419913318008,0.09884700179100037,0.0003036283887922764,0.016621887683868408
obj_0112,0.07478459633421153,0.17993149533867836,0.007541721104644239,0.03627648949623108,0.07252629555296153,0.12145981565117836,0.002433841465972364,0.015108108520507812,0.06654485024046153,0.12341294065117836,0.003208225010894239,0.014842331409454346,0.06959660805296153,0.09460434690117836,0.001354282139800489,0.015748679637908936
obj_0113,0.0966657567769289,0.102747842669487,0.004102984443306923,0.022816359996795654,0.0870832372456789,0.024134561419487,0.0008866395801305771,0.0047782063484191895,0.0825056005269289,0.029017373919487,0.0004136171191930771,0.0030939877033233643,0.0877546239644289,0.025965616106987,0.0005700197070837021,0.010236501693725586
obj_0114,0.0770371463149786,0.14848566055297852,0.00462149316444993,0.020552605390548706,0.0709336306899786,0.030199527740478516,0.002386105712503195,0.012881249189376831,0.0673935916274786,0.042284488677978516,0.002424252685159445,0.02023833990097046,0.0662949588149786,0.040087223052978516,0.0016613132320344448,0.003277212381362915
obj_0115,0.07756680995225906,0.15435948967933655,0.009111444000154734,0.057645827531814575,0.07488126307725906,0.07696691155433655,0.0022640624083578587,0.02278849482536316,0.06712979823350906,0.08453527092933655,0.0029888548888266087,0.02287307381629944,0.07286710292100906,0.05951085686683655,0.0019779601134359837,0.02693656086921692
obj_0116,0.0772570576518774,0.060139015316963196,0.0018200739286839962,0.022935986518859863,0.0694445576518774,0.003703758120536804,0.0019850865937769413,0.0015943646430969238,0.0674914326518774,0.011921241879463196,0.0016474858857691288,0.005406588315963745,0.0694445576518774,0.005046531558036804,0.0017829076386988163,0.0049200356006622314
obj_0117,0.06926512904465199,0.1454484760761261,0.009664648910984397,0.07173602283000946,0.06413817591965199,0.0673234760761261,0.002187842270359397,0.03394882380962372,0.061879875138401985,0.0874650776386261,0.003400916000828147,0.035987868905067444,0.062062980607151985,0.0607316792011261,0.001615637680515647,0.03137727081775665
obj_0118,0.06507055461406708,0.1920725256204605,0.014637076761573553,0.09693999588489532,0.06970922648906708,0.11516822874546051,0.005268180277198553,0.0484994500875473,0.05890600383281708,0.11980690062046051,0.006122672464698553,0.048621341586112976,0.06555883586406708,0.10491432249546051,0.004276358988136053,0.04256613552570343
obj_0119,0.061063650995492935,0.27237577736377716,0.012188185472041368,0.02477094531059265,0.062284354120492935,0.18814726173877716,0.0036890399642288685,0.008933275938034058,0.057462576776742935,0.19083280861377716,0.0037729633040726185,0.0014302432537078857,0.059293631464242935,0.15299101173877716,0.0021211993880569935,0.01315036416053772
obj_0120,0.05545417685061693,0.21727301180362701,0.014910558238625526,0.021880626678466797,0.06186286825686693,0.14134527742862701,0.0036419425159692764,0.004609882831573486,0.05405036825686693,0.14451910555362701,0.004725316539406776,0.0020040273666381836,0.05746833700686693,0.11668707430362701,0.0018566641956567764,0.007838070392608643
obj_0121,0.06975814886391163,0.0032859742641448975,0.005345210433006287,0.0004963278770446777,0.07012435980141163,0.1019187867641449,0.014065608382225037,0.02819758653640747,0.06475326605141163,0.0928855836391449,0.013840541243553162,0.031281888484954834,0.06676742620766163,0.1177879273891449,0.013733729720115662,0.022125214338302612
obj_0122,0.056410595774650574,0.10886844992637634,0.005395812913775444,0.03789976239204407,0.052565380930900574,0.027081340551376343,0.000783996656537056,0.004903644323348999,0.047560498118400574,0.05173954367637634,0.00032989494502544403,0.0036151111125946045,0.052748486399650574,0.020123332738876343,0.001058654859662056,0.009499013423919678
obj_0123,0.03472729027271271,0.0027168989181518555,0.004808628000319004,0.003703773021697998,0.03191967308521271,0.054840922355651855,0.008245670236647129,0.023625224828720093,0.027830317616462708,0.06289756298065186,0.007906162180006504,0.024047493934631348,0.03149242699146271,0.029694437980651855,0.007078372873365879,0.017568856477737427
obj_0124,0.023585401475429535,0.02778966724872589,0.003907800652086735,0.01455959677696228,0.017664991319179535,0.03373377025127411,0.0020507564768195152,0.02402016520500183,0.014552198350429535,0.01725427806377411,0.0008033504709601402,0.022749096155166626,0.013758741319179535,0.04520837962627411,0.0028747310861945152,0.02804642915725708
obj_0125,0.01435854285955429,0.18831312656402588,0.024017207324504852,0.017409950494766235,0.01100160926580429,0.3579908609390259,0.0363997146487236,0.033832430839538574,0.01551821082830429,0.3096510171890259,0.03286730498075485,0.03184214234352112,0.0023956522345542908,0.4038892984390259,0.0373610183596611,0.03357025980949402
obj_0126,0.08510909974575043,0.13041886687278748,0.002003217115998268,0.007180720567703247,0.07339034974575043,0.035936444997787476,0.002021288499236107,0.007466942071914673,0.07339034974575043,0.046922773122787476,0.0015177484601736069,0.008237570524215698,0.07509933412075043,0.031786054372787476,0.0016588922590017319,0.00020828843116760254
obj_0127,0.043137041851878166,0.18956655263900757,0.02041611075401306,0.04979553818702698,0.048569170758128166,0.10680288076400757,0.0067060887813568115,0.01599368453025818,0.045639483258128166,0.11754506826400757,0.009826511144638062,0.01896721124649048,0.044357744976878166,0.08165639638900757,0.0042570531368255615,0.016439855098724365
obj_0128,0.05925985798239708,0.05442191660404205,0.0027962331660091877,0.03555789589881897,0.05456015095114708,0.017477497458457947,0.0024604196660220623,0.008058369159698486,0.05193563923239708,0.0009551197290420532,0.0015143747441470623,0.005447030067443848,0.05718466266989708,0.028952106833457947,0.00306886387988925,0.010044604539871216
obj_0129,0.03500930406153202,0.14597415924072266,0.005583486519753933,0.0153561532497406,0.04193679429590702,0.020974159240722656,0.005975046195089817,0.011129438877105713,0.03601638413965702,0.052224159240722656,0.004304208792746067,0.01180124282836914,0.03449050523340702,0.012717247009277344,0.006173410452902317,0.008280426263809204
obj_0130,0.058045100420713425,0.1762329787015915,0.008320365566760302,0.042463675141334534,0.058716487139463425,0.08626715838909149,0.0019994121976196766,0.015930071473121643,0.052063655108213425,0.09920661151409149,0.0033498150296509266,0.01893042027950287,0.052857112139463425,0.07344977557659149,0.0014462810941040516,0.018780812621116638
obj_0131,0.02036818489432335,0.7034428119659424,0.06593576073646545,0.060683757066726685,0.01991042122244835,0.9998295307159424,0.08842721581459045,0.07568752765655518,0.02293166145682335,0.9458744525909424,0.08330026268959045,0.07369762659072876,0.011334981769323349,1.0601322650909424,0.0901438295841217,0.07764095067977905
obj_0132,0.07905606552958488,0.10859006643295288,0.0061708176508545876,0.03219690918922424,0.07130460068583488,0.03424924612045288,0.00017792824655771255,0.0006431937217712402,0.06446866318583488,0.03144162893295288,7.874611765146255e-05,0.0022339224815368652,0.06898526474833488,0.03705686330795288,0.0005632126703858376,0.006500542163848877
obj_0133,0.018160276114940643,0.11541223526000977,0.016120742075145245,0.08351156115531921,0.009493283927440643,0.022638797760009766,0.0009843604639172554,0.019571691751480103,0.015230588614940643,0.020929813385009766,0.0004197852686047554,0.020393431186676025,0.009798459708690643,0.031916141510009766,0.0002290504053235054,0.02126908302307129
obj_0134,0.02697872370481491,0.05703350901603699,0.007175142411142588,0.03269347548484802,0.03424190729856491,0.004245787858963013,0.0013888529501855373,0.0062042176723480225,0.02508663386106491,0.0020485222339630127,0.0005915812216699123,0.004926115274429321,0.02868770807981491,9.53972339630127e-05,0.0015185526572167873,0.012171506881713867
obj_0135,0.09060219675302505,0.1049100011587143,0.009643277153372765,0.040096938610076904,0.08022622019052505,0.019094571471214294,0.0021016206592321396,0.0145796537399292,0.07558754831552505,0.041555508971214294,0.0036923494189977646,0.014353781938552856,0.08315590769052505,0.016286954283714294,0.0019108857959508896,0.016878187656402588
obj_0136,0.08857787027955055,0.07263854146003723,0.0035845935344696045,0.01403924822807312,0.07362425699830055,0.02221009135246277,0.0020993053913116455,0.005048602819442749,0.07093871012330055,0.0030450522899627686,0.0015957653522491455,0.008212387561798096,0.07362425699830055,0.03893372416496277,0.0021221935749053955,0.0008749663829803467
obj_0137,0.012005917727947235,0.09758356213569641,0.003902669996023178,0.027737528085708618,0.0007754489779472351,0.01713922619819641,0.0007321871817111969,0.0054236650466918945,0.004839785397052765,0.01982477307319641,0.0007321871817111969,0.0016816556453704834,0.002850644290447235,0.007617741823196411,0.0007245577871799469,0.010448843240737915
obj_0138,0.07389635592699051,0.10092978179454803,0.005902417236939073,0.041968733072280884,0.07163805514574051,0.025490328669548035,0.0003749208990484476,0.01543685793876648,0.06883043795824051,0.044533297419548035,0.0011569338385015726,0.014372825622558594,0.07176012545824051,0.024147555232048035,3.159814514219761e-05,0.01908135414123535
obj_0139,0.07987548969686031,0.09476359188556671,0.0031331598293036222,0.042291656136512756,0.06833984516561031,0.015051677823066711,0.00038399104960262775,0.014841780066490173,0.06571533344686031,0.02298624813556671,0.00044502620585262775,0.011823698878288269,0.06724121235311031,0.01724894344806671,0.00019897823221981525,0.01906876266002655
obj_0140,0.052294980734586716,0.22606712579727173,0.013869792222976685,0.03172659873962402,0.054919492453336716,0.13036400079727173,0.0018077194690704346,0.004576891660690308,0.052111875265836716,0.13060814142227173,0.0026011765003204346,0.002684295177459717,0.054065000265836716,0.10179954767227173,9.962916374206543e-05,0.007895052433013916
obj_0141,0.0801524892449379,0.08032166957855225,0.00483235577121377,0.038245707750320435,0.0795421376824379,0.007567763328552246,0.00144663592800498,0.004387021064758301,0.0729503408074379,0.029906630516052246,0.0003022267483174801,0.004663139581680298,0.0778941884636879,0.003661513328552246,0.00205698749050498,0.004425078630447388
obj_0142,0.07183980196714401,0.14772674441337585,0.007098115514963865,0.057968318462371826,0.06549214571714401,0.07375213503837585,0.0015744338743388653,0.02235850691795349,0.06347798556089401,0.09438201785087585,0.0025014053098857403,0.020607054233551025,0.06799458712339401,0.06325408816337585,0.0010327468626201153,0.02308523654937744
obj_0143,0.03306150808930397,0.08723382651805878,0.007580573670566082,0.06059235334396362,0.03965330496430397,0.013747498393058777,0.001403038389980793,0.016217738389968872,0.02787351980805397,0.015212342143058777,0.000384514220058918,0.01789805293083191,0.02921629324555397,0.010329529643058777,0.002238457091152668,0.017291605472564697
obj_0144,0.0028526820242404938,0.03919622302055359,0.002133428119122982,0.008221328258514404,0.014540914446115494,0.03404596447944641,0.005991877056658268,0.034461408853530884,0.008681539446115494,0.02452448010444641,0.004900873638689518,0.03649130463600159,0.0033409632742404938,0.05846002697944641,0.006834925152361393,0.03164359927177429
obj_0145,0.038152310997247696,0.04635390639305115,0.0026649832725524902,0.029225081205368042,0.046971891075372696,0.08670273423194885,0.01204913854598999,0.04231584072113037,0.039006803184747696,0.06863632798194885,0.01009601354598999,0.0441628098487854,0.041112516075372696,0.13138046860694885,0.01217883825302124,0.03558230400085449
obj_0146,0.11644516885280609,0.10705877840518951,0.004697802942246199,0.027277737855911255,0.10155259072780609,0.041873231530189514,5.1501672714948654e-05,0.002172112464904785,0.09850083291530609,0.051638856530189514,0.00024605123326182365,0.0037640035152435303,0.10277329385280609,0.053836122155189514,0.0012683901004493237,0.011941790580749512
obj_0147,0.08659380860626698,0.12356480956077576,0.005956794135272503,0.03186407685279846,0.08451861329376698,0.04714879393577576,0.001321936957538128,0.013846248388290405,0.07774371095001698,0.05544957518577576,0.001352454535663128,0.007352173328399658,0.08073443360626698,0.04397496581077576,0.001264716498553753,0.019523024559020996
obj_0148,0.028537563979625702,0.15144126117229462,0.0069793774746358395,0.02397039532661438,0.020908169448375702,0.07087485492229462,0.0005516125820577145,0.0002726614475250244,0.018039517104625702,0.07356040179729462,0.0019744946621358395,0.0005328953266143799,0.022373013198375702,0.05158774554729462,0.00014647701755166054,0.006924837827682495
obj_0149,0.050967538729310036,0.05884087085723877,0.0003873109817504883,0.029908984899520874,0.058413827791810036,0.09936225414276123,0.013647198677062988,0.04170915484428406,0.052310312166810036,0.07861030101776123,0.012441754341125488,0.04388132691383362,0.053225839510560036,0.10570991039276123,0.013807415962219238,0.039394766092300415
obj_0150,0.07476870808750391,0.18306522071361542,0.0043449364602565765,0.02377539873123169,0.06622378621250391,0.08858279883861542,0.0014610327780246735,0.001403898000717163,0.06304995808750391,0.07869510352611542,0.0013351477682590485,0.0035384297370910645,0.06268374715000391,0.10103397071361542,0.0010643042623996735,0.0026540160179138184
obj_0151,0.08193145506083965,0.08421331644058228,0.0046661896631121635,0.04152494668960571,0.07955108396708965,0.007064878940582275,0.0021430449560284615,0.006362259387969971,0.07558379881083965,0.029647886753082275,0.0007392363622784615,0.006321430206298828,0.07790313474833965,0.004898011684417725,0.0029403166845440865,0.007153987884521484
obj_0152,0.08581314608454704,0.10648339986801147,0.003621751442551613,0.04752768576145172,0.07885513827204704,0.040809571743011475,0.00032013095915317535,0.020519539713859558,0.07623062655329704,0.048500001430511475,0.0006424728780984879,0.018381908535957336,0.07836685702204704,0.036537110805511475,0.00013321079313755035,0.02623744308948517
obj_0153,0.054997362196445465,0.05989652872085571,0.008091794792562723,0.04304024577140808,0.060490526258945465,0.010904252529144287,0.00032342737540602684,0.00046128034591674805,0.053715623915195465,0.011068403720855713,0.0012863748706877232,0.0006908774375915527,0.054997362196445465,0.024942338466644287,0.0012580282054841518,0.0005614161491394043
obj_0154,0.04497695527970791,0.08589385449886322,0.0030613248236477375,0.01828676462173462,0.04607558809220791,0.01851104199886322,0.0010051424615085125,0.0016647577285766602,0.03814101777970791,0.02888701856136322,0.000427215825766325,9.986758232116699e-05,0.03927016817033291,0.00297333300113678,0.0014552767388522625,0.0019083917140960693
obj_0155,0.0567706935107708,0.10324078798294067,0.010429070331156254,0.0003687143325805664,0.0631183497607708,0.019256412982940674,0.00024382863193750381,0.02683311700820923,0.0566486231982708,0.030486881732940674,0.002067253924906254,0.02715003490447998,0.0622028224170208,0.003143131732940674,0.0016330024227499962,0.02411752939224243
obj_0156,0.0006702244281768799,0.18016153573989868,0.010927204042673111,0.0001239776611328125,0.00713995099067688,0.06053262948989868,0.002729412168264389,0.018821507692337036,0.00469854474067688,0.07444864511489868,0.00030326470732688904,0.019834160804748535,0.00311163067817688,0.02195841073989868,0.004018779844045639,0.016101986169815063
obj_0157,0.053437537513673306,0.17899543046951294,0.0083768917247653,0.011273741722106934,0.057160682044923306,0.06815558671951294,0.0022432254627346992,0.01030007004737854,0.052705115638673306,0.09086066484451294,0.0007474971935153008,0.009896159172058105,0.050385779701173306,0.02665168046951294,0.0030061649158596992,0.006992340087890625
obj_0158,0.10043768584728241,0.06700468063354492,0.00501068402081728,0.02217656373977661,0.09042792022228241,0.012096881866455078,0.0018939180299639702,0.01751464605331421,0.08993963897228241,0.009387493133544922,0.0012721223756670952,0.020908832550048828,0.09140448272228241,0.012951374053955078,0.0014208955690264702,0.007299602031707764
obj_0159,0.06568950973451138,0.05654311180114746,0.004579503089189529,0.029116779565811157,0.07209820114076138,0.03037095069885254,0.004598658531904221,0.004173785448074341,0.061356013640761375,0.03085923194885254,0.003995936363935471,0.0024173855781555176,0.06452984176576138,0.04477524757385254,0.004873316735029221,0.008159667253494263
obj_0160,0.09007896110415459,0.20059695839881897,0.007478912128135562,0.03784525394439697,0.08513511344790459,0.12003055214881897,0.002969939960166812,0.01974770426750183,0.07964194938540459,0.12320438027381897,0.003114898456260562,0.014725983142852783,0.08428062126040459,0.09146609902381897,0.002176482928916812,0.023834794759750366
obj_0161,0.05486806482076645,0.13394540548324585,0.01632432732731104,0.07331958413124084,0.06261952966451645,0.04019540548324585,0.000673963688313961,0.01656702160835266,0.05224355310201645,0.03873056173324585,0.000582410953938961,0.015863388776779175,0.05639394372701645,0.04800790548324585,0.00022382941097021103,0.0165693461894989
obj_0162,0.07544141635298729,0.18264354765415192,0.010375181213021278,0.04605475068092346,0.06939893588423729,0.07619823515415192,0.0011283550411462784,0.015834778547286987,0.06091504916548729,0.09292186796665192,0.0022536907345056534,0.015595406293869019,0.06109815463423729,0.06997264921665192,0.0008384380489587784,0.01802128553390503
obj_0163,0.060477172024548054,0.06863313913345337,0.003504382446408272,0.03156965970993042,0.059317504055798054,0.01150423288345337,0.0001272093504667282,0.011682271957397461,0.051871214993298054,0.02310091257095337,0.0003229249268770218,0.009451597929000854,0.054068480618298054,0.005888998508453369,0.0003923308104276657,0.01240628957748413
obj_0164,0.0685688303783536,0.1620142161846161,0.006842346396297216,0.03849297761917114,0.0699726389721036,0.11074468493461609,0.0013987733982503414,0.012211203575134277,0.0641132639721036,0.10500738024711609,0.0017268373630940914,0.011427819728851318,0.0650898264721036,0.08864995837211609,0.0004946901462972164,0.013724356889724731
obj_0165,0.06783519685268402,0.07170222699642181,0.005236456636339426,0.021376192569732666,0.06069408357143402,0.002150312066078186,0.001580407377332449,0.0034747719764709473,0.05465160310268402,0.010422930121421814,0.000752618070691824,0.004475772380828857,0.05825267732143402,0.000929608941078186,0.001446892973035574,4.7087669372558594e-05
obj_0166,0.0877915807068348,0.15985295176506042,0.00847117742523551,0.06786894798278809,0.0825425572693348,0.08917424082756042,0.0011049970053136349,0.027982652187347412,0.0797349400818348,0.11102482676506042,0.00313060125336051,0.034588366746902466,0.0833360143005848,0.08319279551506042,0.00044886907562613487,0.029344409704208374
obj_0167,0.08947944641113281,0.12012642621994019,0.0071149710565805435,0.041128844022750854,0.07953071594238281,0.035775840282440186,0.0007329825311899185,0.009363651275634766,0.07873725891113281,0.050668418407440186,0.0014234427362680435,0.004511833190917969,0.08044624328613281,0.035287559032440186,0.0010190848261117935,0.017316430807113647
obj_0168,0.02969656139612198,0.03828516602516174,0.0012188870459794998,0.009696662425994873,0.02847585827112198,0.10868749022483826,0.01471891812980175,0.03334173560142517,0.02621755748987198,0.05668553709983826,0.01143827848136425,0.034000664949417114,0.02426443248987198,0.17045506834983826,0.01654997281730175,0.03381699323654175
obj_0169,0.01918111741542816,0.07217392325401306,0.005020285025238991,0.02549844980239868,0.014237269759178162,0.13369736075401306,0.01211562193930149,0.061074405908584595,0.010819301009178162,0.13479599356651306,0.011951589956879616,0.06185799837112427,0.01893697679042816,0.12759384512901306,0.01088728941977024,0.05462750792503357
obj_0170,0.0080275759100914,0.1698189377784729,0.009359239600598812,0.018435031175613403,0.0006394162774085999,0.0584908127784729,0.002107740379869938,0.011488467454910278,0.0047927126288414,0.0902290940284729,0.001390577293932438,0.014704793691635132,0.0062575563788414,0.0169869065284729,0.002840162254869938,0.007455766201019287
obj_0171,0.08754853531718254,0.14876775443553925,0.004782330244779587,0.041641220450401306,0.08449677750468254,0.07039861381053925,0.0003954283893108368,0.013588503003120422,0.07808808609843254,0.07760076224803925,0.0005518309772014618,0.01046280562877655,0.08229951187968254,0.06881169974803925,0.0008493773639202118,0.025094524025917053
obj_0172,0.06677030399441719,0.0352773517370224,0.0032451231963932514,0.02068188786506653,0.05969022586941719,0.0440683513879776,0.001372567843645811,0.005917727947235107,0.05792020633816719,0.0288095623254776,0.0008137146942317486,0.007482945919036865,0.06066678836941719,0.0568857342004776,0.001864663790911436,0.004123300313949585
obj_0173,0.043229490518569946,0.13317734003067017,0.00652065547183156,0.04263406991958618,0.041825681924819946,0.047728121280670166,0.0005506542511284351,0.016881734132766724,0.037125974893569946,0.044920504093170166,0.0005582836456596851,0.013902783393859863,0.040360838174819946,0.054319918155670166,0.0006574657745659351,0.022227823734283447
obj_0174,0.05178175028413534,0.21055874228477478,0.008941303007304668,0.0480140745639801,0.06249342020601034,0.11656460165977478,0.0019878046587109566,0.025455445051193237,0.06011304911226034,0.14097866415977478,0.0003506047651171684,0.02709794044494629,0.05687818583101034,0.08800014853477478,0.0027888910844922066,0.026219457387924194
obj_0175,0.07732028141617775,0.21522293984889984,0.008787973318248987,0.027566462755203247,0.07628268375992775,0.14637528359889984,0.002955301199108362,0.010149985551834106,0.06560153141617775,0.15516434609889984,0.002806528005748987,0.0051295459270477295,0.06999606266617775,0.11976395547389984,0.002375467214733362,0.014733970165252686
obj_0176,0.06478337943553925,0.004262298345565796,0.00154873076826334,0.002826303243637085,0.08443669974803925,0.0700785219669342,0.00453952606767416,0.02203032374382019,0.08541326224803925,0.048350006341934204,0.00334171112626791,0.022688239812850952,0.07747869193553925,0.0799662172794342,0.005367315374314785,0.02034240961074829
obj_0177,0.03511150926351547,0.040829867124557495,0.0036482056602835655,0.0025260448455810547,0.024430356919765472,0.045351773500442505,0.0058275023475289345,0.028612643480300903,0.028214536607265472,0.024599820375442505,0.0053392210975289345,0.03368854522705078,0.028214536607265472,0.058047086000442505,0.0058275023475289345,0.022740602493286133
obj_0178,0.003490183502435684,0.49208515882492065,0.07532855123281479,0.033848851919174194,0.003627512603998184,0.6698195338249207,0.08619280904531479,0.047994762659072876,0.0004689432680606842,0.6192824244499207,0.08450671285390854,0.04776275157928467,0.007121775299310684,0.7354933619499207,0.08882113546133041,0.052234649658203125
obj_0179,0.0770932286977768,0.15165959298610687,0.004657060373574495,0.019557923078536987,0.061834439635276794,0.07487736642360687,0.0012061293236911297,0.002961099147796631,0.056768521666526794,0.08732853829860687,0.0006873304955661297,0.005865722894668579,0.058233365416526794,0.07463322579860687,0.0007369215600192547,0.0031473934650421143
obj_0180,0.00648445263504982,0.07937031984329224,0.02492976188659668,0.0085219144821167,0.00984138622879982,0.26906758546829224,0.03757166862487793,0.0047103166580200195,0.01341194286942482,0.23098164796829224,0.03600764274597168,0.004756152629852295,0.00181526318192482,0.29714375734329224,0.03726649284362793,0.006941407918930054
obj_0181,0.043668193742632866,0.16776099056005478,0.005436983658000827,0.03703613579273224,0.046475810930132866,0.11942114681005478,0.0006762414705008268,0.015055760741233826,0.039884014055132866,0.11319556087255478,0.00035962159745395184,0.009901061654090881,0.041531963273882866,0.10709204524755478,0.0005541711580008268,0.020100995898246765
obj_0182,0.011034384369850159,0.10647326707839966,0.006338845938444138,0.039126187562942505,0.007677450776100159,0.026639282703399658,0.0020191557705402374,0.004844695329666138,0.012987509369850159,0.03567248582839966,0.0015118010342121124,0.004153221845626831,0.009386435151100159,0.03225451707839966,0.0021335966885089874,0.006218552589416504
obj_0183,0.028335336595773697,0.08420944213867188,0.00448132399469614,0.03681829571723938,0.0362088717520237,0.003643035888671875,0.0003671562299132347,0.013014346361160278,0.027480844408273697,0.008769989013671875,6.390456110239029e-05,0.012474119663238525,0.028518442064523697,0.002910614013671875,0.0003500068560242653,0.023911356925964355
obj_0184,0.07848706841468811,0.15646851062774658,0.006045706570148468,0.0017393529415130615,0.06927075982093811,0.05832397937774658,0.004925362765789032,0.013518422842025757,0.07390943169593811,0.07101929187774658,0.003681771457195282,0.015034317970275879,0.07061353325843811,0.016575932502746582,0.006397835910320282,0.010742783546447754
obj_0185,0.05163427069783211,0.12783151865005493,0.004072597250342369,0.004930764436721802,0.05377050116658211,0.005957543849945068,0.005414554849267006,0.013915657997131348,0.04968114569783211,0.03383737802505493,0.004052707925438881,0.015003174543380737,0.04730077460408211,0.04086965322494507,0.005448887124657631,0.011634469032287598
obj_0186,0.01083362102508545,0.06269064545631409,0.008059599436819553,0.039483100175857544,0.01089465618133545,0.1732863485813141,0.005799195729196072,0.0001710653305053711,0.005645632743835449,0.1322707235813141,0.0031174635514616966,0.0008678734302520752,0.0009459257125854492,0.1644972860813141,0.005597016774117947,0.0016426146030426025
obj_0187,0.054701611399650574,0.11610841751098633,0.004869179101660848,0.020851999521255493,0.051344677805900574,0.05421876907348633,0.00039835390634834766,0.0011748969554901123,0.058302685618400574,0.06752443313598633,0.0008866351563483477,0.004103034734725952,0.055128857493400574,0.04164552688598633,0.00014658388681709766,0.001719832420349121
obj_0188,0.029132671654224396,0.15362870693206787,0.01753302849829197,0.01588234305381775,0.028156109154224396,0.25030839443206787,0.024128640070557594,0.03699213266372681,0.021320171654224396,0.24469316005706787,0.02340003289282322,0.03607341647148132,0.025348491966724396,0.25250566005706787,0.023907387629151344,0.031527191400527954
obj_0189,0.06159859895706177,0.18597567081451416,0.008567284792661667,0.005162924528121948,0.05891305208206177,0.08807528018951416,0.0010904781520366669,0.011190146207809448,0.05030709505081177,0.11639559268951416,0.002105187624692917,0.015209555625915527,0.05250436067581177,0.07025301456451416,0.0009912960231304169,0.006847113370895386
obj_0190,0.08193955197930336,0.15975399315357208,0.0040990873239934444,0.01556047797203064,0.07162461057305336,0.08236141502857208,0.0017717317678034306,0.0020883381366729736,0.06393418088555336,0.09871883690357208,0.0005433992482721806,0.005858868360519409,0.06845078244805336,0.09371395409107208,0.0009401277638971806,0.005940139293670654
obj_0191,0.03522507846355438,0.23770973086357117,0.02437460981309414,0.007406026124954224,0.025734111666679382,0.11954566836357117,0.004858618602156639,0.023610442876815796,0.03543870151042938,0.13370582461357117,0.007467871531844139,0.02508777379989624,0.03275315463542938,0.09244605898857117,0.003561621531844139,0.01629739999771118
obj_0192,0.030580148100852966,0.013383090496063232,0.008566658943891525,0.029935508966445923,0.042237862944602966,0.04716378450393677,0.0009754113852977753,0.0008212625980377197,0.042115792632102966,0.04545480012893677,0.0015628747642040253,0.0013779401779174805,0.034730538725852966,0.05399972200393677,0.0005252771079540253,0.0072040557861328125
obj_0193,0.007017359137535095,0.15820053219795227,0.0015107374638319016,0.0006070435047149658,0.014311060309410095,0.22875717282295227,0.0073586683720350266,0.0250701904296875,0.012480005621910095,0.20715072751045227,0.0060158949345350266,0.024418413639068604,0.007505640387535095,0.21557357907295227,0.0067635755985975266,0.02264225482940674
obj_0194,0.021598875522613525,0.12951773405075073,0.012706944718956947,0.026895225048065186,0.018058836460113525,0.019166171550750732,0.004115870222449303,0.009930074214935303,0.012260496616363525,0.04773062467575073,0.0028951670974493027,0.01021602749824524,0.024101316928863525,0.009398281574249268,0.0028875377029180527,0.006360083818435669
obj_0195,0.015201553702354431,0.012936145067214966,0.014896593056619167,0.04201647639274597,0.01874159276485443,0.11352208256721497,0.0022313976660370827,0.009916365146636963,0.010990127921104431,0.09594395756721497,2.6903115212917328e-05,0.010706067085266113,0.006961807608604431,0.12987950444221497,0.004329481162130833,0.008166104555130005
obj_0196,0.0584227591753006,0.011701852083206177,0.0005733463913202286,0.0083065927028656,0.0601927787065506,0.05372783541679382,0.007218549028038979,0.015651673078536987,0.0501219779253006,0.04445049166679382,0.007409283891320229,0.01842951774597168,0.0568358451128006,0.07130596041679382,0.007470319047570229,0.010043889284133911
obj_0197,0.02446729689836502,0.028130292892456055,0.006275871768593788,0.0032849907875061035,0.03575880080461502,0.07524943351745605,0.005488654598593712,0.030788302421569824,0.03099805861711502,0.06816935539245605,0.006541511043906212,0.03915145993232727,0.03276807814836502,0.060356855392456055,0.004191657528281212,0.022776246070861816
obj_0198,0.02284831553697586,0.04921853542327881,0.0038050711154937744,0.00267067551612854,0.02461833506822586,0.07187521457672119,0.026494890451431274,0.02731269598007202,0.02147502452135086,0.03720724582672119,0.023229509592056274,0.026945561170578003,0.01412028819322586,0.09970724582672119,0.025121599435806274,0.025059103965759277
obj_0199,0.006074853241443634,0.14811788499355316,0.005295467097312212,0.018122851848602295,0.010713525116443634,0.05558858811855316,0.001273441594094038,0.0032465457916259766,0.00045590847730636597,0.06779561936855316,0.001056003849953413,0.005358666181564331,0.002962060272693634,0.03825460374355316,0.000850010197609663,0.000802159309387207
obj_0200,0.017540227621793747,0.14670595526695251,0.011379026807844639,0.024900376796722412,0.028282415121793747,0.06345400214195251,0.0002858871594071388,0.0016184747219085693,0.019005071371793747,0.07444033026695251,0.0013387436047196388,0.004402786493301392,0.017784368246793747,0.07590517401695251,0.0005452865734696388,0.0020027756690979004
obj_0201,0.040481213480234146,0.09351374208927155,0.007392259780317545,0.029448986053466797,0.035293225198984146,0.012443289160728455,0.0007254160009324551,0.0010521113872528076,0.033645275980234146,0.017952218651771545,0.00045332545414566994,0.0009095370769500732,0.034865979105234146,0.019401296973228455,0.001244214829057455,0.0003345310688018799
obj_0202,0.06695272400975227,0.05757409334182739,0.010755481198430061,0.01420632004737854,0.07214071229100227,0.1439998745918274,0.004404125735163689,0.01805323362350464,0.061886806041002274,0.11860924959182739,0.0010853391140699387,0.017506927251815796,0.06268026307225227,0.1647518277168274,0.006837902590632439,0.01972252130508423
obj_0203,0.02777181938290596,0.4965282678604126,0.03836867958307266,0.006590664386749268,0.03088461235165596,0.5966259241104126,0.05970046669244766,0.029349207878112793,0.03445516899228096,0.5482860803604126,0.05568740516901016,0.027875930070877075,0.01693807914853096,0.6239696741104126,0.05904433876276016,0.03211098909378052
obj_0204,0.06124962493777275,0.05994027853012085,0.009768644347786903,0.0013774335384368896,0.05136192962527275,0.11584848165512085,0.013106504455208778,0.024427413940429688,0.05258263275027275,0.10168832540512085,0.012797513976693153,0.028600215911865234,0.05600060150027275,0.09924691915512085,0.012007871642708778,0.017132163047790527
obj_0205,0.05601711291819811,0.02509826421737671,0.011176081374287605,0.02366676926612854,0.06840724963694811,0.09404236078262329,0.005852727219462395,0.0057242512702941895,0.06260890979319811,0.06840759515762329,0.0037393849343061447,0.006611943244934082,0.06199855823069811,0.09062439203262329,0.006096867844462395,0.005797386169433594
obj_0206,0.09374039201065898,0.003807574510574341,0.007131524384021759,0.04032990336418152,0.08720963029190898,0.07204487919807434,0.000497870147228241,0.006468236446380615,0.08067886857315898,0.05336812138557434,0.001020379364490509,0.0019639134407043457,0.08873550919815898,0.08339741826057434,0.001039557158946991,0.009397268295288086
obj_0207,0.048588164150714874,0.07654830813407898,0.005471435375511646,0.0341397225856781,0.048771269619464874,0.02147415280342102,0.0028026429936289787,0.00467073917388916,0.040348418056964874,0.00818893313407898,0.0012805787846446037,0.005671977996826172,0.043827421963214874,0.04051712155342102,0.0027721254155039787,0.004689335823059082
obj_0208,0.03313977178186178,0.2513982653617859,0.061025701463222504,0.024241000413894653,0.03921276982873678,0.3304998278617859,0.070440374314785,0.047387152910232544,0.03924328740686178,0.2836248278617859,0.06988342851400375,0.047933220863342285,0.03408581670373678,0.3883611559867859,0.0685635432600975,0.04844847321510315
obj_0209,0.011460624635219574,0.1525466963648796,0.005849538836628199,0.047336071729660034,0.007737480103969574,0.07722931355237961,0.0007988796569406986,0.013392746448516846,0.005235038697719574,0.10261993855237961,0.0017678127624094486,0.01080659031867981,0.011643730103969574,0.08394318073987961,0.0011612758971750736,0.018152236938476562
obj_0210,0.031182875856757164,0.09790825843811035,0.02968183159828186,0.0804634690284729,0.037591567263007164,0.19019341468811035,0.04535260796546936,0.10020875930786133,0.040094008669257164,0.18213677406311035,0.04414716362953186,0.10105887055397034,0.034570327028632164,0.18775200843811035,0.04368939995765686,0.09660148620605469
obj_0211,0.02739972621202469,0.2187129110097885,0.006879638880491257,0.0024528801441192627,0.01641339808702469,0.1608515828847885,0.0003717653453350067,0.018877476453781128,0.01845807582139969,0.1657343953847885,0.0005090944468975067,0.02214488387107849,0.02050275355577469,0.12203322350978851,0.0003949888050556183,0.011399835348129272
obj_0212,0.09304188191890717,0.15979456901550293,0.014339807908982038,0.053018391132354736,0.08681629598140717,0.06750941276550293,0.0047115120105445385,0.0180070698261261,0.08315418660640717,0.08557581901550293,0.0061153206042945385,0.015164762735366821,0.08608387410640717,0.07190394401550293,0.0054668220691382885,0.02765423059463501
obj_0213,0.03511996939778328,0.21085062623023987,0.018247857689857483,0.04991385340690613,0.03774448111653328,0.10391703248023987,0.005712762475013733,0.020545274019241333,0.02584262564778328,0.09610453248023987,0.006513848900794983,0.02003273367881775,0.03365512564778328,0.09171000123023987,0.004858270287513733,0.02303364872932434
obj_0214,0.04693005234003067,0.09915140271186829,0.006764810532331467,0.02655687928199768,0.04085705429315567,0.034209996461868286,0.0009027309715747833,0.0019383430480957031,0.04201672226190567,0.005645543336868286,0.0013452358543872833,0.005184561014175415,0.03899548202753067,0.034454137086868286,0.0005136318504810333,0.00021830201148986816
obj_0215,0.03141459822654724,0.015948057174682617,0.0026683295145630836,0.0046041011810302734,0.04777202010154724,0.03532147407531738,0.005144170485436916,0.016990751028060913,0.05253276228904724,0.03751873970031738,0.005670598708093166,0.019799917936325073,0.04551371932029724,0.03727459907531738,0.004976323805749416,0.013723015785217285
obj_0216,0.05479798838496208,0.09921178221702576,0.00474394578486681,0.02552551031112671,0.06114564463496208,0.008879750967025757,0.005384075455367565,0.0012772679328918457,0.05754457041621208,0.03280553221702576,0.004567730240523815,0.003958463668823242,0.05528626963496208,0.019684702157974243,0.005643474869430065,0.0011068284511566162
obj_0217,0.052347040735185146,0.08199426531791687,0.0020225849002599716,0.03620648384094238,0.06293664034456015,0.06766393780708313,0.01666943170130253,0.006798505783081055,0.056100702844560146,0.03006628155708313,0.015402952209115028,0.010750681161880493,0.057626581750810146,0.09012487530708313,0.015578428283333778,0.002634495496749878
obj_0218,0.010426230728626251,0.1357249617576599,0.003931330516934395,0.0187835693359375,0.0022170022130012512,0.05247300863265991,0.002156926319003105,0.0007230639457702637,0.007954306900501251,0.06028550863265991,0.0014092456549406052,0.0004971027374267578,0.010395713150501251,0.016340196132659912,0.003431035205721855,0.005738973617553711
obj_0219,0.010447114706039429,0.1859898567199707,0.009925012476742268,0.06040771305561066,0.013681977987289429,0.1033482551574707,0.0016013430431485176,0.02304033935070038,0.02051791548728943,0.1254429817199707,0.0028907107189297676,0.02494029700756073,0.010019868612289429,0.0900425910949707,0.0008193301036953926,0.023919180035591125
obj_0220,0.011847272515296936,0.2298164814710617,0.00334152951836586,0.03463509678840637,0.004723772406578064,0.1421699970960617,0.00687422975897789,0.015805333852767944,0.002661481499671936,0.1468086689710617,0.00655379518866539,0.010696828365325928,0.000921979546546936,0.1275215595960617,0.00771346315741539,0.017911642789840698
obj_0221,0.01119382493197918,0.052436769008636475,0.006234027445316315,0.012518763542175293,0.01683957688510418,0.06328588724136353,0.017859600484371185,0.014640629291534424,0.01903684251010418,0.0027390122413635254,0.013144634664058685,0.013781875371932983,0.01140744797885418,0.12871557474136353,0.018088482320308685,0.014006197452545166
obj_0222,0.03087699506431818,0.20361068844795227,0.00895319040864706,0.03430846333503723,0.04509818647056818,0.09594467282295227,0.0038336748257279396,0.010767996311187744,0.03810966107994318,0.11352279782295227,0.0027960771694779396,0.008886337280273438,0.04695975873619318,0.06689193844795227,0.004531764425337315,0.014333277940750122
obj_0223,0.02468760311603546,0.0867803692817688,0.004769213497638702,0.009961873292922974,0.02325327694416046,0.2120245099067688,0.024536974728107452,0.021064400672912598,0.02340586483478546,0.1754034161567688,0.021813280880451202,0.023271292448043823,0.01574595272541046,0.2454717755317688,0.026696093380451202,0.023654818534851074
obj_0224,0.025888200849294662,0.02307504415512085,0.002970942296087742,0.05873388051986694,0.03602003678679466,0.09314340353012085,0.006756535731256008,0.0210321843624115,0.025338884443044662,0.09094613790512085,0.006733647547662258,0.0204276442527771,0.029306169599294662,0.09314340353012085,0.006153813563287258,0.023080259561538696
obj_0225,0.015884771943092346,0.2660159170627594,0.017126932740211487,0.03836852312088013,0.012161627411842346,0.1480959951877594,0.003394022583961487,0.0072286128997802734,0.019546881318092346,0.1795901358127594,0.005789652466773987,0.0073983073234558105,0.015579596161842346,0.1214846670627594,0.0014180094003677368,0.010569512844085693
obj_0226,0.013121392577886581,0.9110935926437378,0.07787158340215683,0.021891146898269653,0.010771539062261581,1.0912693738937378,0.09656360000371933,0.025206536054611206,0.01574590429663658,1.0292576551437378,0.09292437881231308,0.025814741849899292,0.0037219785153865814,1.1608494520187378,0.10067584365606308,0.025683045387268066
obj_0227,0.10154613852500916,0.1070479154586792,0.009301775135099888,0.0008404254913330078,0.11094555258750916,0.0267256498336792,0.0005477732047438622,0.03629305958747864,0.11546215415000916,0.0352705717086792,0.00045930687338113785,0.04027825593948364,0.10972484946250916,0.0296553373336792,0.00016630347818136215,0.029309093952178955
obj_0228,0.060290729627013206,0.025649964809417725,0.003280417062342167,0.021769315004348755,0.0640749093145132,0.07518011331558228,0.007183297537267208,0.00010079145431518555,0.056079303845763206,0.056869566440582275,0.005348428152501583,0.0007984042167663574,0.055591022595763206,0.09812933206558228,0.008381112478673458,0.0013016760349273682
obj_0229,0.02471799962222576,0.058863312005996704,0.006007123738527298,0.03506097197532654,0.03579588048160076,0.035863250494003296,0.004582475870847702,0.007240116596221924,0.03347654454410076,0.015355437994003296,0.003613542765378952,0.006065785884857178,0.03274412266910076,0.0746816098690033,0.006505083292722702,0.004080861806869507
obj_0230,0.0409083217382431,0.004072964191436768,0.0073616113513708115,0.00017401576042175293,0.0396265834569931,0.08747977018356323,0.0065772924572229385,0.02759900689125061,0.0327296108007431,0.06672781705856323,0.0058067236095666885,0.030097246170043945,0.0388941615819931,0.10530203580856323,0.0064704809337854385,0.025977134704589844
obj_0231,0.0748913623392582,0.14481768012046814,0.007126976270228624,0.032682836055755615,0.0644543506205082,0.06559404730796814,0.00025289179757237434,0.009444981813430786,0.057374272495508194,0.06730303168296814,0.00026433588936924934,0.006239771842956543,0.060670170933008194,0.06791338324546814,0.00020868657156825066,0.01289418339729309
obj_0232,0.03600424528121948,0.1133708506822586,0.0075212931260466576,0.04166707396507263,0.03936117887496948,0.011075928807258606,0.0013478780165314674,0.006042748689651489,0.028680026531219482,0.045988038182258606,0.00024666544049978256,0.0031429529190063477,0.03557699918746948,0.001619383692741394,0.0015271687880158424,0.014234274625778198
obj_0233,0.06423604395240545,0.11654520034790039,0.009675956331193447,0.05392977595329285,0.07302510645240545,0.02279520034790039,0.0011654132977128029,0.02528202533721924,0.06045186426490545,0.04427957534790039,0.00010492745786905289,0.02165624499320984,0.06478536035865545,0.0016188621520996094,0.002504372037947178,0.023660749197006226
obj_0234,0.03197992965579033,0.03365778923034668,0.0037496816366910934,0.0021041035652160645,0.04946650192141533,0.06766057014465332,0.010921644046902657,0.03531965613365173,0.04476679489016533,0.04397892951965332,0.009151624515652657,0.0379369854927063,0.04879511520266533,0.08084416389465332,0.011257337406277657,0.02974584698677063
obj_0235,0.02210991084575653,0.25949472188949585,0.012359458953142166,0.024868547916412354,0.03590385615825653,0.16550058126449585,0.002235252410173416,0.009731292724609375,0.02821342647075653,0.17892831563949585,0.0018385238945484161,0.003531128168106079,0.02848808467388153,0.14059823751449585,0.0018614120781421661,0.012588560581207275
obj_0236,0.044873327016830444,0.30586443841457367,0.017421061173081398,0.04947444796562195,0.045788854360580444,0.18354998528957367,0.002894693985581398,0.022866874933242798,0.042004674673080444,0.21626482903957367,0.004527384415268898,0.022505909204483032,0.042981237173080444,0.13569842278957367,3.499351441860199e-05,0.02235013246536255
obj_0237,0.05131608061492443,0.10927867889404297,0.0030594607815146446,0.02945438027381897,0.05625992827117443,0.005030632019042969,0.00974662508815527,0.010019361972808838,0.05119401030242443,0.006739616394042969,0.009346081875264645,0.009559482336044312,0.05113297514617443,0.008152961730957031,0.00962455477565527,0.010933995246887207
obj_0238,0.021062791347503662,0.05481761693954468,0.005252795293927193,0.013011395931243896,0.024236619472503662,0.18055003881454468,0.017246203497052193,0.006153911352157593,0.022771775722503662,0.17420238256454468,0.016307787969708443,0.006315320730209351,0.023809373378753662,0.18152660131454468,0.015621142461895943,0.005165129899978638
obj_0239,0.02738533541560173,0.13256657123565674,0.011564278975129128,0.030651718378067017,0.03898201510310173,0.02221500873565674,0.0019855257123708725,0.001862168312072754,0.02671394869685173,0.04369938373565674,2.8634443879127502e-05,0.0027366280555725098,0.03129158541560173,0.004881024360656738,0.0036029573529958725,4.6372413635253906e-05
obj_0240,0.003203902393579483,0.1465931534767151,0.0038450323045253754,0.020524203777313232,0.003631148487329483,0.2410755753517151,0.014495667070150375,0.03315034508705139,0.007781539112329483,0.2078724503517151,0.011504944413900375,0.03475058078765869,0.004180464893579483,0.2606068253517151,0.013656433671712875,0.03190159797668457
obj_0241,0.01453101634979248,0.14279013872146606,0.003824699902907014,0.0124606192111969,0.01556861400604248,0.06661826372146606,0.0003523936029523611,0.004975080490112305,0.02368628978729248,0.06954795122146606,0.0001425852533429861,0.007800102233886719,0.01855933666229248,0.06637412309646606,3.289082087576389e-05,0.0006822645664215088
obj_0242,0.05121757090091705,0.09431064128875732,0.003394925035536289,0.0025408565998077393,0.04865409433841705,0.0037344694137573242,0.003204501233994961,0.014695435762405396,0.04230643808841705,0.026683688163757324,0.0016328459605574608,0.01700204610824585,0.04401542246341705,0.020923733711242676,0.004310763441026211,0.010001927614212036
obj_0243,0.012079231441020966,0.07546880841255188,0.009599297074601054,0.06976892054080963,0.020685188472270966,0.00918462872505188,0.003034203080460429,0.02748723328113556,0.021112434566020966,0.02493169903755188,0.003949730424210429,0.025744393467903137,0.011957161128520966,0.00198248028755188,0.002549736527726054,0.033290937542915344
obj_0244,0.06733471155166626,0.20135647058486938,0.012897969223558903,0.04133012890815735,0.06464916467666626,0.07586818933486938,0.0031018266454339027,0.003554224967956543,0.05903393030166626,0.09613186120986938,0.004574299789965153,0.004572123289108276,0.06654125452041626,0.08245998620986938,0.0029492387548089027,0.008833169937133789
obj_0245,0.0421766210347414,0.029213011264801025,0.001852329820394516,0.023368120193481445,0.0546277929097414,0.09358972311019897,0.023351963609457016,0.0008777081966400146,0.0504163671284914,0.06453698873519897,0.020208653062582016,0.001893550157546997,0.0501111913472414,0.12630456686019897,0.023367222398519516,0.0030333399772644043
obj_0246,0.08819493278861046,0.1456207036972046,0.008610909804701805,0.021394044160842896,0.08605870231986046,0.06261289119720459,0.0011569913476705551,0.0018468797206878662,0.08178624138236046,0.07774960994720459,0.002179330214858055,0.004797786474227905,0.08239659294486046,0.03917539119720459,0.00014991126954555511,0.0005707442760467529
obj_0247,0.0350804328918457,0.08243697881698608,0.004288870841264725,0.014294266700744629,0.0455174446105957,0.048422396183013916,0.007674019783735275,0.026606768369674683,0.0411839485168457,0.016684114933013916,0.005492012947797775,0.028762757778167725,0.0395359992980957,0.08577591180801392,0.008276741951704025,0.022859662771224976
obj_0248,0.04236719757318497,0.24735529720783234,0.012866655364632607,0.029096543788909912,0.05323145538568497,0.14969904720783234,0.0011326465755701065,0.002276211977005005,0.04773829132318497,0.16507990658283234,0.0024067554622888565,0.0009421110153198242,0.04969141632318497,0.11381037533283234,0.0008052196353673935,0.003126859664916992
obj_0249,0.008161686360836029,0.26592645049095154,0.023680011741816998,0.03271445631980896,0.02366461604833603,0.15459832549095154,0.0055373115465044975,0.006062030792236328,0.02589239925146103,0.17950066924095154,0.007887165062129498,0.004031002521514893,0.02030768245458603,0.11895379424095154,0.0037367744371294975,0.0040056705474853516
obj_0250,0.038244809955358505,0.22164051234722137,0.012657854706048965,0.046001166105270386,0.044226255267858505,0.15132801234722137,0.0040290094912052155,0.01393929123878479,0.033972349017858505,0.14986316859722137,0.0043494440615177155,0.011833786964416504,0.038000669330358505,0.14278309047222137,0.0035025812685489655,0.018682748079299927
obj_0251,0.06533700600266457,0.14240413904190063,0.005699785426259041,0.01855728030204773,0.06362802162766457,0.022042810916900635,0.007338849827647209,0.014615744352340698,0.060759369283914566,0.051827967166900635,0.005614606663584709,0.015893608331680298,0.061735931783914566,0.011892735958099365,0.007636396214365959,0.01415666937828064
obj_0252,0.0051096901297569275,0.132279634475708,0.001549452543258667,0.007212430238723755,0.008863352239131927,0.03706479072570801,0.023354262113571167,0.023954719305038452,0.014051340520381927,0.129349946975708,0.017861098051071167,0.02729809284210205,0.0031107887625694275,0.022017240524291992,0.024529188871383667,0.028639286756515503
obj_0253,0.04943139851093292,0.02410590648651123,0.003970084246248007,0.026900917291641235,0.05107934772968292,0.04339897632598877,0.0012179040350019932,0.0018435120582580566,0.04613550007343292,0.03351128101348877,0.0008669518865644932,0.001095592975616455,0.04735620319843292,0.05035698413848877,0.001957955304533243,0.002497375011444092
obj_0254,0.08790338225662708,0.10897253453731537,0.006970780901610851,0.07479943335056305,0.08985650725662708,0.01815222203731537,0.0008684219792485237,0.03282792866230011,0.08106744475662708,0.03499792516231537,0.0001245560124516487,0.031280383467674255,0.08680474944412708,0.013757690787315369,0.0012804092839360237,0.02987004816532135
obj_0255,0.016493499279022217,0.2751994729042053,0.0186776015907526,0.026438504457473755,0.019545257091522217,0.10527759790420532,0.0034493301063776016,0.0017655789852142334,0.015028655529022217,0.13262134790420532,0.005555042997002602,0.0015684962272644043,0.017470061779022217,0.020316660404205322,0.0030831191688776016,0.004716664552688599
obj_0256,0.09670759364962578,0.18815921247005463,0.00709094014018774,0.027086228132247925,0.08651472255587578,0.08854983747005463,0.0010408302769064903,0.00991925597190857,0.08456159755587578,0.09550784528255463,0.0005906959995627403,0.0015556812286376953,0.08688093349337578,0.08513186872005463,0.0010255714878439903,0.017469465732574463
obj_0257,0.013651993125677109,0.3201969861984253,0.017588075250387192,0.017778486013412476,0.015452530235052109,0.4166325330734253,0.026567872613668442,0.03208401799201965,0.01893153414130211,0.3953922986984253,0.025324281305074692,0.032848089933395386,0.007395889610052109,0.4442204236984253,0.025927003473043442,0.030734211206436157
obj_0258,0.018005145713686943,0.2023012340068817,0.016153989359736443,0.03564658761024475,0.028472675010561943,0.11831685900688171,0.00018817372620105743,0.000996917486190796,0.025695575401186943,0.1481020152568817,0.0026041846722364426,0.0021531879901885986,0.024535907432436943,0.07632467150688171,0.0016530174762010574,0.008208811283111572
obj_0259,0.06701580435037613,0.03939990699291229,0.0024805674329400063,0.0614369660615921,0.06701580435037613,0.021146968007087708,0.004088341258466244,0.031575605273246765,0.05639568716287613,0.018461421132087708,0.0033215871080756187,0.03289814293384552,0.06054607778787613,0.023344233632087708,0.0036572804674506187,0.031558260321617126
obj_0260,0.05567736178636551,0.2004488855600357,0.007835946045815945,0.031023412942886353,0.04969591647386551,0.0871676355600357,0.0006643151864409447,0.007631629705429077,0.04591173678636551,0.0864352136850357,0.00019129272550344467,0.0029426217079162598,0.04994005709886551,0.1159762293100357,0.0028081750497221947,0.019334733486175537
obj_0261,0.03110436350107193,0.11708623170852661,0.014124566689133644,0.02447935938835144,0.02548912912607193,0.03306025266647339,0.007390325888991356,0.002925187349319458,0.02603844553232193,0.006693065166473389,0.004933660849928856,0.0022428035736083984,0.03555992990732193,0.05771845579147339,0.005513494834303856,0.0032741427421569824
obj_0262,0.08612535148859024,0.21020609140396118,0.014462373219430447,0.09746375679969788,0.08533189445734024,0.11987406015396118,0.004460236988961697,0.04856196045875549,0.07806871086359024,0.13794046640396118,0.005711457692086697,0.04427453875541687,0.08539292961359024,0.12719827890396118,0.005352876149117947,0.05649256706237793
obj_0263,0.06370415166020393,0.050599873065948486,0.006979841738939285,0.031860560178756714,0.06565727666020393,0.032530009746551514,0.0015421919524669647,0.0023459196090698242,0.056746143847703934,0.005552470684051514,0.0007237382233142853,0.0011725127696990967,0.060042042285203934,0.039610087871551514,0.0020495466887950897,0.0006390511989593506
obj_0264,0.037829864770174026,0.3177413046360016,0.018995971884578466,0.0131702721118927,0.043567169457674026,0.2152022421360016,0.005926819052547216,0.003996163606643677,0.039538849145174026,0.2332686483860016,0.006231994833797216,0.009229421615600586,0.043872345238924026,0.1849288046360016,0.005469055380672216,0.0015067756175994873
obj_0265,0.00587889552116394,0.04261380434036255,0.0003635445609688759,0.014687418937683105,0.00809815526008606,0.01854342222213745,0.003989025019109249,0.03212699294090271,0.01359131932258606,0.010486781597137451,0.003428264521062374,0.033644288778305054,0.0033374130725860596,0.015125453472137451,0.003824993036687374,0.026513218879699707
obj_0266,0.0473915059119463,0.08455049991607666,0.0038754716515541077,0.01361095905303955,0.0504432637244463,0.01338350772857666,0.004272721707820892,0.01848292350769043,0.0470252949744463,0.03596651554107666,0.0013506636023521423,0.016510486602783203,0.0481849629431963,0.0010544061660766602,0.005672715604305267,0.018855571746826172
obj_0267,0.047285767272114754,0.0427510142326355,0.03660768270492554,0.006728649139404297,0.053999634459614754,0.1811787486076355,0.05220216512680054,0.02291908860206604,0.048994751647114754,0.1445576548576355,0.05105775594711304,0.024181127548217773,0.047529907897114754,0.2163349986076355,0.05130952596664429,0.021562427282333374
obj_0268,0.047586604952812195,0.23416198790073395,0.020611656364053488,0.08000552654266357,0.049600765109062195,0.12771667540073395,0.006031883414834738,0.039535850286483765,0.040994808077812195,0.13504089415073395,0.007626426871865988,0.040326207876205444,0.052530452609062195,0.13626159727573395,0.005413902457803488,0.03924143314361572
obj_0269,0.060775067657232285,0.18565908074378967,0.011361763812601566,0.007163822650909424,0.06358268484473228,0.06944814324378967,0.0009063025936484337,0.01373988389968872,0.057845380157232285,0.10191884636878967,0.00023810658603906631,0.018153071403503418,0.056014325469732285,0.026479393243789673,0.0021498939022421837,0.010580241680145264
obj_0270,0.05588696524500847,0.09920567274093628,0.003914130851626396,0.006962120532989502,0.05472729727625847,0.01163417100906372,0.003070579841732979,0.0070390403270721436,0.04996655508875847,0.01448887586593628,0.0017888415604829788,0.01197633147239685,0.05112622305750847,0.004065811634063721,0.002197014167904854,0.000514984130859375
obj_0271,0.023940857499837875,0.48616790771484375,0.06637018918991089,0.0504496693611145,0.015670593827962875,0.6922225952148438,0.08550471067428589,0.060457587242126465,0.026809509843587875,0.6404647827148438,0.07955378293991089,0.06054392457008362,0.004043761640787125,0.7383651733398438,0.08756464719772339,0.05837905406951904
obj_0272,0.035317473113536835,0.11623331904411316,0.008080468513071537,0.004155367612838745,0.030739836394786835,0.02443644404411316,0.000716223381459713,0.0202009379863739,0.023476652801036835,0.03517863154411316,0.000342383049428463,0.02496868371963501,0.031533293426036835,0.02614542841911316,0.000946984626352787,0.011102050542831421
obj_0273,0.038871653378009796,0.08690974116325378,0.01221423503011465,0.049683958292007446,0.045829661190509796,0.013667553663253784,0.0023799454793334007,0.007557600736618042,0.034355051815509796,0.054439038038253784,0.004851869307458401,0.0012431144714355469,0.039970286190509796,0.005131274461746216,0.0011592423543334007,0.008112460374832153
obj_0274,0.09130696579813957,0.16727255284786224,0.00692463293671608,0.03810235857963562,0.08379964157938957,0.08817099034786224,0.0017786063253879547,0.013694345951080322,0.07867268845438957,0.09940145909786224,0.0020265616476535797,0.009498268365859985,0.08410481736063957,0.08524130284786224,0.0021371878683567047,0.019000351428985596
obj_0275,0.046271227300167084,0.08845964074134827,0.01023140549659729,0.02303546667098999,0.053595446050167084,0.06144270300865173,0.02453652024269104,0.0071575939655303955,0.044684313237667084,0.04166731238365173,0.02317848801612854,0.006519705057144165,0.049628160893917084,0.09391340613365173,0.026241689920425415,0.007022678852081299
obj_0276,0.04925880953669548,0.18665115535259247,0.006042511202394962,0.024748682975769043,0.04413185641169548,0.07629959285259247,0.0017203977331519127,0.0024497807025909424,0.03546486422419548,0.08679763972759247,0.0008353879675269127,0.0004798769950866699,0.03625832125544548,0.07874099910259247,0.0005645444616675377,0.007905036211013794
obj_0277,0.0778447836637497,0.19885201752185822,0.012666209833696485,0.061941564083099365,0.0744268149137497,0.13854928314685822,0.0045409046579152346,0.022650957107543945,0.0672246664762497,0.15270943939685822,0.0063872181344777346,0.021277934312820435,0.0730230063199997,0.12243600189685822,0.0040526234079152346,0.03137388825416565
obj_0278,0.06865016371011734,0.13177604973316193,0.007384856231510639,0.058910369873046875,0.06462184339761734,0.051697924733161926,0.002289216034114361,0.026760518550872803,0.05607692152261734,0.06952019035816193,0.0009617013856768608,0.02602866291999817,0.05992213636636734,0.022767260670661926,0.003628174774348736,0.02590683102607727
obj_0279,0.0655689537525177,0.2752867043018341,0.0023836512118577957,0.030833303928375244,0.0692310631275177,0.1517515480518341,0.011547623202204704,0.004095137119293213,0.0658130943775177,0.2049742043018341,0.009106216952204704,0.0009467601776123047,0.0635547935962677,0.1051206886768341,0.011311111971735954,0.007787108421325684
obj_0280,0.05718626081943512,0.07894261181354523,0.003540218807756901,0.021918803453445435,0.04827512800693512,0.006676986813545227,0.0013959994539618492,0.0006549358367919922,0.04510129988193512,0.011315658688545227,0.0015180697664618492,0.0041779279708862305,0.04699338972568512,0.021813705563545227,0.0003507724031805992,0.0074051618576049805
obj_0281,0.011766534298658371,0.10525493323802948,0.005372984334826469,0.05154260993003845,0.02443132922053337,0.02493266761302948,0.0028858352452516556,0.020129621028900146,0.01606951281428337,0.03762798011302948,0.0016498733311891556,0.022537529468536377,0.02668963000178337,0.00930766761302948,0.0034084487706422806,0.019315987825393677
obj_0282,0.006619762629270554,0.17940282821655273,0.00907057523727417,0.024248212575912476,0.008364368230104446,0.07320165634155273,0.00779801607131958,0.0021299123764038086,0.006411243230104446,0.09077978134155273,0.00579911470413208,0.0006032586097717285,0.010622669011354446,0.048299312591552734,0.00772172212600708,0.005828946828842163
obj_0283,0.07420879602432251,0.0853073000907898,0.0041017113253474236,0.03447195887565613,0.06529766321182251,0.016947925090789795,0.00042633432894945145,0.007222503423690796,0.06249004602432251,0.019023120403289795,3.7235207855701447e-05,0.006253927946090698,0.06780010461807251,0.014994800090789795,0.00043396372348070145,0.012766212224960327
obj_0284,0.036371976137161255,0.343317449092865,0.08825752139091492,0.08241027593612671,0.052119046449661255,0.434137761592865,0.10910102725028992,0.107415109872818,0.044794827699661255,0.432672917842865,0.10722419619560242,0.10758626461029053,0.046137601137161255,0.430719792842865,0.10995551943778992,0.10385686159133911
obj_0285,0.020482972264289856,0.2067916989326477,0.012942693661898375,0.03494176268577576,0.023351624608039856,0.1347702145576477,0.0060838679783046246,0.012799292802810669,0.014928773045539856,0.1359909176826477,0.0060380916111171246,0.009504139423370361,0.018896058201789856,0.1186569333076477,0.0051378230564296246,0.016576677560806274
obj_0286,0.07705475017428398,0.0974399745464325,0.0033582327887415886,0.02000051736831665,0.06637359783053398,0.033230990171432495,0.0014864327386021614,0.0041557252407073975,0.05929351970553398,0.041775912046432495,0.0013033272698521614,0.0012846589088439941,0.06625152751803398,0.034207552671432495,0.0010744454339146614,0.009176105260848999
obj_0287,0.0598683375865221,0.18753118813037872,0.0068154167383909225,0.03552010655403137,0.0629811305552721,0.10403509438037872,0.00019691698253154755,0.01711943745613098,0.0573658961802721,0.12014837563037872,0.0008721183985471725,0.0133608877658844,0.0520558375865221,0.07937689125537872,0.0010008979588747025,0.015888571739196777
obj_0288,0.055133065208792686,0.18996243178844452,0.010490408632904291,0.03328409790992737,0.060382088646292686,0.13063625991344452,0.002067557070404291,0.004845261573791504,0.053118905052542686,0.13649563491344452,0.001998892519623041,0.0015219151973724365,0.057513436302542686,0.11818508803844452,0.0011901766993105412,0.008428335189819336
obj_0289,0.05132861062884331,0.13522064685821533,0.005512374918907881,0.007923752069473267,0.04308886453509331,0.07589447498321533,0.00011430354788899422,0.018858730792999268,0.03942675516009331,0.07674896717071533,3.065494820475578e-05,0.022459030151367188,0.04479784891009331,0.08920013904571533,0.0004807892255485058,0.012157738208770752
obj_0290,0.06933627650141716,0.15184885263442993,0.004812678787857294,0.02620309591293335,0.06817660853266716,0.07250314950942993,0.0002617449499666691,0.004778861999511719,0.06469760462641716,0.07726389169692993,0.0003761858679354191,0.0008209645748138428,0.06695590540766716,0.06847482919692993,0.0006546587683260441,0.01009225845336914
obj_0291,0.061688872054219246,0.20629063248634338,0.008096647448837757,0.033078163862228394,0.061261625960469246,0.08031406998634338,0.0003033159300684929,0.013109475374221802,0.051496000960469246,0.11229649186134338,0.0010623456910252571,0.011652529239654541,0.049420805647969246,0.046012312173843384,0.0016422746703028679,0.013746917247772217
obj_0292,0.07339964248239994,0.021163225173950195,0.005889563821256161,0.01899498701095581,0.07254515029489994,0.053421735763549805,0.0027812430635094643,0.0006732046604156494,0.06558714248239994,0.039261579513549805,0.0011905143037438393,0.00272369384765625,0.06857786513864994,0.0706336498260498,0.0037806937471032143,0.0020774900913238525
obj_0293,0.004339970648288727,0.23530009388923645,0.013952087610960007,0.04003465175628662,0.009619511663913727,0.11933329701423645,0.0027868039906024933,0.01152712106704712,0.011267460882663727,0.14789775013923645,0.0036031492054462433,0.005321919918060303,0.006079472601413727,0.09931376576423645,0.0015203244984149933,0.015803873538970947
obj_0294,0.03149490803480148,0.04654073715209961,0.0017931563779711723,0.03145083785057068,0.04022293537855148,0.11184835433959961,0.004527796991169453,0.0005869865417480469,0.030945591628551483,0.09915304183959961,0.0035855667665600777,2.9206275939941406e-06,0.03570633381605148,0.10513448715209961,0.004821528680622578,0.0024743378162384033
obj_0295,0.11118028406053782,0.14605863392353058,0.014012845698744059,0.09236150979995728,0.10837266687303782,0.06939847767353058,0.004460843745619059,0.045246660709381104,0.10300157312303782,0.08453519642353058,0.006001981440931559,0.043644607067108154,0.10812852624803782,0.06915433704853058,0.004209073726087809,0.04901304841041565
obj_0296,0.06516803056001663,0.010941773653030396,0.0018037185072898865,0.040281981229782104,0.05839312821626663,0.049360960721969604,0.0015761032700538635,0.016843169927597046,0.05637896806001663,0.036665648221969604,0.001330055296421051,0.01118883490562439,0.05918658524751663,0.044722288846969604,0.001516975462436676,0.021368682384490967
obj_0297,0.08182141557335854,0.024444401264190674,0.00734525453299284,0.046478092670440674,0.08511731401085854,0.06381243467330933,0.0005435394123196602,0.013115167617797852,0.07419202104210854,0.055023372173309326,0.0003223968669772148,0.014709651470184326,0.08047864213585854,0.07333391904830933,0.0009250091388821602,0.013759195804595947
obj_0298,0.09208449721336365,0.12589508295059204,0.03845948725938797,0.019537657499313354,0.09464797377586365,0.24210602045059204,0.05643434077501297,0.03719267249107361,0.08335646986961365,0.22696930170059204,0.05260438472032547,0.037620872259140015,0.09318313002586365,0.26090484857559204,0.05277223140001297,0.031666189432144165
obj_0299,0.03482125699520111,0.1096925288438797,0.0039377957582473755,0.0027671456336975098,0.04794381558895111,0.0493897944688797,0.0029706209897994995,0.02134290337562561,0.04806588590145111,0.0427979975938797,0.0030125826597213745,0.025160878896713257,0.04361031949520111,0.0369386225938797,0.0030774325132369995,0.014872819185256958
